time,ch1,ch2,ch3,ch4
0.0,2.852,1.8,-0.578,2.646
0.004,5.658,13.597,12.801,7.265
0.008,14.733,18.884,15.208,17.246
0.012,26.844,17.07,20.845,21.39
0.016,23.845,19.881,28.3,20.725
0.02,22.432,22.012,22.526,15.528
0.024,17.779,22.209,15.865,12.909
0.028,18.511,18.951,13.276,7.035
0.032,16.196,18.814,11.604,11.382
0.036,12.418,15.377,5.811,-0.683
0.04,6.833,8.502,4.324,1.311
0.044,7.74,5.547,5.435,-4.727
0.048,11.628,6.101,9.93,4.941
0.052,10.062,6.226,0.732,-3.378
0.056,4.267,2.842,6.396,0.923
0.06,-2.342,-2.706,5.236,-5.912
0.064,3.457,-6.755,0.687,-1.087
0.068,0.944,-12.502,-3.606,-4.154
0.072,-9.468,-13.087,-1.134,-11.737
0.076,-10.826,-15.805,-13.561,-16.17
0.08,-15.036,-18.175,-18.017,-16.535
0.084,-15.34,-17.634,-16.699,-21.732
0.088,-16.117,-14.968,-18.901,-14.986
0.092,-6.817,-19.484,-11.895,-13.091
0.096,-4.307,-8.184,-6.083,-12.303
0.1,-0.233,-1.033,5.013,5.54
0.104,12.353,4.527,16.76,8.136
0.108,11.868,8.384,17.052,12.966
0.112,23.51,19.514,25.553,18.749
0.116,24.073,15.451,26.583,17.748
0.12,24.198,10.374,16.34,18.509
0.124,16.501,14.83,17.92,18.341
0.128,11.323,10.637,13.89,13.852
0.132,8.78,13.067,11.56,9.267
0.136,4.737,5.391,8.42,1.896
0.14,0.784,0.2,5.47,-1.374
0.144,0.226,-1.362,1.119,1.209
0.148,0.996,-2.549,2.396,2.203
0.152,-0.786,3.886,0.702,-2.088
0.156,5.048,-1.784,5.879,-0.729
0.16,2.164,-9.71,3.857,-0.031
0.164,-0.615,-8.717,4.252,-3.987
0.168,-6.251,-11.226,0.944,-3.937
0.172,-10.319,-17.849,-6.87,-15.713
0.176,-4.779,-22.737,-9.722,-20.332
0.18,-15.07,-17.167,-14.807,-15.681
0.184,-11.953,-20.971,-19.014,-18.052
0.188,-11.37,-12.082,-16.911,-17.981
0.192,-15.711,-10.785,-17.41,-14.983
0.196,4.507,-5.407,-5.646,-6.172
0.2,8.795,-3.446,1.158,0.567
0.204,11.96,15.173,7.043,8.483
0.208,20.414,18.956,18.909,13.778
0.212,21.065,21.326,21.901,19.858
0.216,31.288,22.152,23.094,22.659
0.22,21.705,29.297,21.927,21.68
0.224,19.331,18.896,16.176,17.345
0.228,13.915,17.169,11.35,11.778
0.232,11.282,15.576,9.047,8.742
0.236,10.7,13.949,4.635,7.285
0.24,8.676,5.317,3.275,0.745
0.244,0.122,0.938,-0.809,-0.772
0.248,1.452,0.645,-3.33,1.371
0.252,-0.072,1.748,1.082,2.324
0.256,-4.264,0.246,-1.057,-0.347
0.26,3.96,-10.091,1.768,0.143
0.264,-2.501,-9.252,-1.77,-6.22
0.268,-10.473,-18.169,-6.402,-7.441
0.272,-11.358,-15.623,-12.562,-7.131
0.276,-17.264,-20.822,-13.179,-14.15
0.28,-24.182,-27.264,-17.081,-20.909
0.284,-24.832,-20.22,-23.114,-21.443
0.288,-19.976,-21.666,-24.007,-21.983
0.292,-23.337,-17.399,-15.914,-9.11
0.296,-9.242,-12.044,-6.771,-10.568
0.3,-7.418,-3.828,-6.724,-7.587
0.304,5.445,2.84,5.869,3.365
0.308,7.37,8.586,8.141,14.14
0.312,12.871,19.515,11.46,16.101
0.316,13.681,17.079,18.467,20.292
0.32,11.593,17.375,16.11,19.993
0.324,9.776,17.0,10.112,14.101
0.328,10.975,18.8,8.237,9.03
0.332,-4.023,14.548,3.198,10.141
0.336,-4.028,6.8,-7.112,4.595
0.34,-4.497,9.168,-4.706,-6.82
0.344,-6.249,4.135,-1.441,-4.566
0.348,1.806,0.235,-3.79,-5.488
0.352,1.678,0.495,-12.143,-0.369
0.356,-0.111,4.892,-7.016,0.563
0.36,-4.656,5.132,-1.49,-1.723
0.364,-0.986,-2.962,-8.382,-5.585
0.368,-13.292,-9.194,-7.051,-4.342
0.372,-6.385,-11.725,-8.88,-10.828
0.376,-19.029,-17.057,-20.29,-18.709
0.38,-20.815,-18.802,-24.855,-21.51
0.384,-22.388,-19.362,-27.347,-22.19
0.388,-22.876,-15.418,-20.683,-19.295
0.392,-9.886,-10.507,-20.628,-13.875
0.396,-7.234,-5.194,-13.63,-6.344
0.4,1.242,1.687,-8.081,-2.47
0.404,1.08,11.679,1.627,3.515
0.408,11.231,14.671,7.237,15.161
0.412,16.046,18.914,7.609,20.739
0.416,16.465,20.56,12.494,25.034
0.42,10.764,25.009,16.029,20.182
0.424,14.026,16.201,14.542,13.783
0.428,6.565,15.457,5.77,13.621
0.432,-1.413,6.925,1.764,6.956
0.436,-8.132,5.968,-0.986,-0.336
0.44,-3.476,3.05,2.031,1.063
0.444,0.731,2.068,-7.319,0.893
0.448,-9.895,-4.189,-7.323,4.191
0.452,-6.102,-7.893,-2.495,0.324
0.456,-3.324,-8.582,-0.389,-2.492
0.46,-11.418,-5.592,-2.075,-6.869
0.464,-11.234,-5.246,-8.037,-7.387
0.468,-15.683,-12.59,-4.737,-10.319
0.472,-14.039,-22.592,-12.159,-6.791
0.476,-16.627,-19.51,-14.398,-16.546
0.48,-22.473,-26.45,-14.597,-19.237
0.484,-25.696,-24.305,-24.749,-16.6
0.488,-22.08,-19.896,-23.93,-16.445
0.492,-17.562,-14.197,-12.739,-14.767
0.496,-11.368,-7.964,-13.951,-4.145
0.5,-0.306,-1.803,-1.2,-2.052
0.504,10.161,11.34,6.134,8.435
0.508,17.142,13.681,15.515,10.215
0.512,20.727,24.221,16.777,19.033
0.516,23.342,19.18,21.835,22.957
0.52,22.705,24.266,16.054,21.582
0.524,16.712,18.233,12.335,18.68
0.528,17.474,16.304,11.802,20.453
0.532,11.352,13.554,7.707,6.606
0.536,5.752,16.053,4.829,0.988
0.54,8.721,12.41,6.413,2.576
0.544,4.821,8.852,5.413,-2.596
0.548,7.297,4.651,3.695,-3.508
0.552,9.392,3.6,5.964,-0.648
0.556,3.769,4.984,5.076,5.895
0.56,5.573,0.693,7.395,0.859
0.564,-2.865,-4.865,2.935,-2.558
0.568,3.146,-4.71,-3.32,-12.427
0.572,-10.278,-11.224,-8.347,-13.658
0.576,-12.344,-16.948,-7.042,-11.675
0.58,-10.23,-21.756,-14.339,-19.778
0.584,-16.357,-22.737,-9.26,-13.319
0.588,-18.075,-20.418,-16.868,-16.908
0.592,-8.549,-13.988,-5.603,-14.432
0.596,-2.679,-6.891,-4.205,-8.526
0.6,0.505,-6.684,5.977,-0.195
0.604,8.026,-1.091,8.518,3.229
0.608,14.355,8.015,13.305,16.9
0.612,19.036,13.957,27.397,19.578
0.616,15.421,20.805,23.013,19.135
0.62,19.485,16.11,25.958,18.634
0.624,22.327,15.534,17.607,18.402
0.628,10.123,12.604,17.978,17.879
0.632,6.777,4.423,9.129,12.003
0.636,1.44,8.301,3.079,4.257
0.64,4.579,-0.878,6.417,-1.26
0.644,5.496,3.908,6.638,-4.554
0.648,5.636,-2.302,6.217,0.259
0.652,-1.02,-3.778,4.777,-2.24
0.656,4.514,-7.143,0.433,0.42
0.66,6.622,-4.896,1.751,-0.336
0.664,1.84,-1.221,0.548,-1.549
0.668,-1.484,-9.914,-1.922,-10.923
0.672,-8.252,-13.715,-2.476,-14.451
0.676,-9.926,-19.388,-10.921,-16.916
0.68,-9.48,-17.178,-20.479,-18.187
0.684,-12.8,-18.084,-23.446,-19.299
0.688,-15.603,-16.016,-16.595,-10.518
0.692,-8.754,-9.326,-12.144,-20.759
0.696,2.757,-9.432,-3.391,-4.254
0.7,7.717,3.503,-1.419,3.176
0.704,14.62,7.915,6.181,4.838
0.708,18.837,18.162,17.813,12.564
0.712,28.078,20.498,24.325,23.537
0.716,30.797,22.855,15.542,18.037
0.72,28.218,20.5,17.546,17.151
0.724,25.228,25.436,19.515,16.333
0.728,15.028,16.242,14.185,13.326
0.732,9.54,11.994,3.779,10.401
0.736,6.12,14.189,6.113,6.821
0.74,3.423,7.67,0.327,3.554
0.744,5.612,-2.962,1.302,-5.679
0.748,3.815,5.122,-2.483,-0.234
0.752,1.298,3.978,1.248,2.104
0.756,-5.613,1.521,-2.82,2.009
0.76,-8.372,-3.961,-1.835,-3.338
0.764,-5.868,-12.902,-3.524,-6.767
0.768,-8.4,-14.014,-6.136,-10.683
0.772,-16.343,-22.621,-4.167,-10.393
0.776,-15.155,-24.687,-8.501,-12.951
0.78,-27.675,-27.833,-21.016,-18.543
0.784,-29.435,-26.704,-16.994,-23.113
0.788,-26.505,-22.179,-23.649,-17.714
0.792,-22.606,-19.41,-15.254,-16.837
0.796,-12.684,-12.97,-12.386,-9.795
0.8,-8.008,-4.677,-4.292,-1.106
0.804,-3.773,8.483,12.441,5.189
0.808,10.06,17.301,9.443,10.59
0.812,6.578,14.476,12.561,22.901
0.816,10.571,19.565,12.672,14.24
0.82,8.32,16.43,11.851,17.193
0.824,11.208,19.691,6.303,15.326
0.828,7.396,13.097,6.537,15.473
0.832,8.669,9.021,1.762,8.292
0.836,2.431,13.989,-1.641,2.855
0.84,2.004,1.42,-4.993,-1.015
0.844,-2.149,-3.548,-7.382,3.487
0.848,-5.655,4.97,-7.182,-2.529
0.852,-1.711,0.821,-3.819,0.743
0.856,-0.109,-1.166,-3.958,-0.554
0.86,-0.631,7.079,-6.385,0.232
0.864,-6.408,-1.731,-7.57,1.014
0.868,-7.061,-7.67,-5.797,-5.292
0.872,-15.61,-13.475,-9.107,-12.176
0.876,-20.105,-13.432,-20.237,-10.946
0.88,-23.376,-22.15,-25.203,-14.229
0.884,-21.026,-18.765,-24.458,-16.485
0.888,-23.19,-15.291,-19.55,-17.406
0.892,-16.935,-10.229,-18.951,-16.294
0.896,-6.892,-5.176,-11.358,-14.682
0.9,-5.492,0.272,-6.728,0.634
0.904,3.238,12.16,-0.575,9.906
0.908,10.903,10.404,11.642,9.97
0.912,15.224,18.576,14.139,19.499
0.916,14.155,19.536,16.977,18.567
0.92,16.606,23.415,8.658,20.499
0.924,12.571,16.298,15.993,14.123
0.928,9.62,14.981,6.847,9.611
0.932,1.207,10.169,-3.758,7.225
0.936,-4.105,-0.587,1.117,0.17
0.94,-7.344,1.214,-4.977,4.093
0.944,-5.699,-6.413,-4.198,0.106
0.948,-7.981,-1.982,-4.969,-3.543
0.952,-8.321,-6.742,-2.634,-1.737
0.956,-8.001,-2.67,-1.714,1.725
0.96,-9.66,-9.028,-6.985,-2.113
0.964,-9.197,-13.802,-1.346,-1.57
0.968,-17.34,-11.493,-7.053,-10.394
0.972,-16.084,-21.422,-10.406,-12.628
0.976,-18.574,-19.228,-13.614,-16.19
0.98,-24.692,-22.216,-18.893,-12.287
0.984,-17.405,-24.354,-19.366,-22.087
0.988,-20.699,-24.466,-23.186,-16.373
0.992,-20.355,-11.538,-16.927,-12.567
0.996,-9.28,-6.659,-7.593,-2.341
1.0,0.188,-2.316,0.557,4.079
1.004,9.783,8.894,9.05,6.197
1.008,14.899,18.282,18.654,10.833
1.012,17.717,20.794,18.493,14.005
1.016,19.886,23.973,21.448,20.611
1.02,20.989,26.715,19.432,22.01
1.024,18.93,26.524,15.312,19.405
1.028,13.588,18.447,11.112,11.006
1.032,10.904,11.081,5.039,7.541
1.036,11.772,7.584,3.592,7.978
1.04,12.554,6.413,1.318,-1.081
1.044,8.922,3.425,1.116,-7.38
1.048,10.531,-0.496,-2.886,3.35
1.052,9.772,8.579,3.239,-3.372
1.056,9.119,2.769,1.658,-0.917
1.06,4.283,-2.983,3.671,0.161
1.064,2.989,-5.016,-1.441,-5.086
1.068,-2.713,-14.529,-1.514,-4.167
1.072,-6.858,-10.196,-6.981,-3.775
1.076,-10.595,-23.524,-12.373,-18.394
1.08,-12.104,-18.849,-12.922,-18.566
1.084,-14.383,-26.605,-13.884,-19.889
1.088,-14.969,-20.651,-13.703,-17.314
1.092,-10.522,-11.631,-7.651,-15.791
1.096,-3.451,-14.3,-4.165,-9.535
1.1,4.406,-2.797,5.955,-1.88
1.104,5.044,6.632,12.297,6.2
1.108,12.429,12.262,15.822,12.644
1.112,22.979,15.391,20.553,10.737
1.116,20.917,18.704,27.825,20.169
1.12,18.757,15.119,27.731,18.065
1.124,16.185,20.568,21.716,13.818
1.128,12.02,6.519,13.268,12.068
1.132,10.201,10.98,14.698,7.392
1.136,1.667,4.49,8.548,2.506
1.14,2.817,2.967,5.484,1.235
1.144,2.625,1.612,9.331,-1.7
1.148,3.284,-0.257,1.716,-3.617
1.152,3.392,-5.198,7.53,5.993
1.156,4.562,-4.669,3.236,-1.533
1.16,0.603,-9.843,3.138,-0.412
1.164,-2.515,-8.88,10.46,4.09
1.168,4.451,-10.187,0.36,-8.649
1.172,-7.741,-12.705,-0.321,-10.409
1.176,-11.14,-16.214,-8.938,-8.993
1.18,-11.155,-24.219,-12.952,-23.918
1.184,-8.996,-20.244,-17.552,-15.902
1.188,-13.492,-17.815,-11.578,-17.586
1.192,-10.382,-14.74,-10.528,-15.496
1.196,-4.597,-6.492,-4.217,-7.439
1.2,11.522,3.808,2.156,-1.086
1.204,11.149,15.748,10.026,12.313
1.208,20.416,15.216,16.527,13.933
1.212,21.58,19.284,20.691,20.346
1.216,21.464,23.024,21.281,18.317
1.22,23.551,25.513,15.182,19.845
1.224,18.087,25.76,17.807,14.825
1.228,14.029,18.016,11.017,7.53
1.232,17.059,9.529,-3.396,11.334
1.236,7.864,5.898,-2.131,4.744
1.24,6.102,6.531,-1.228,3.522
1.244,3.793,6.128,3.158,-2.14
1.248,0.015,6.413,1.452,3.445
1.252,-1.637,-4.513,-1.691,1.513
1.256,-0.572,-2.723,0.106,0.405
1.26,-2.802,-9.055,3.121,1.879
1.264,-8.295,-12.293,-4.482,-4.687
1.268,-10.651,-16.816,-9.814,-3.524
1.272,-18.223,-19.278,-8.744,-13.776
1.276,-21.415,-24.736,-12.833,-15.873
1.28,-25.434,-17.064,-21.667,-21.778
1.284,-29.616,-26.202,-19.97,-23.348
1.288,-31.566,-19.708,-20.444,-19.65
1.292,-23.316,-20.054,-18.224,-14.464
1.296,-8.851,-4.807,-6.823,-5.929
1.3,-7.672,-2.787,-4.931,-1.929
1.304,3.198,6.495,6.726,9.345
1.308,1.012,9.037,10.808,13.021
1.312,8.833,18.757,13.993,16.77
1.316,9.721,19.562,14.008,21.792
1.32,12.582,17.817,11.199,17.335
1.324,17.853,14.148,9.819,21.449
1.328,8.218,13.814,4.331,13.086
1.332,8.007,10.185,1.425,3.306
1.336,-1.074,10.591,-6.246,3.342
1.34,1.774,4.791,-5.413,-0.733
1.344,3.205,-1.954,-4.462,-4.878
1.348,-3.052,4.704,-7.231,3.064
1.352,-3.713,5.803,-2.073,3.352
1.356,-5.84,-4.226,-1.255,-2.22
1.36,-3.67,4.298,-8.099,0.924
1.364,-4.745,0.268,-8.985,-1.069
1.368,-2.435,-9.387,-14.437,-7.446
1.372,-16.696,-14.702,-13.749,-8.932
1.376,-16.797,-11.611,-19.192,-15.09
1.38,-25.472,-21.061,-27.805,-15.532
1.384,-22.38,-19.222,-26.285,-23.421
1.388,-18.722,-19.125,-22.032,-17.809
1.392,-14.123,-10.851,-18.481,-13.376
1.396,-7.834,-0.353,-8.793,-11.054
1.4,-1.212,3.476,-8.211,-3.183
1.404,6.492,12.452,2.898,2.832
1.408,10.826,14.304,6.352,14.117
1.412,11.34,19.701,13.885,16.931
1.416,10.098,17.41,14.467,16.031
1.42,12.605,20.089,14.605,22.62
1.424,10.396,15.437,9.267,17.174
1.428,9.962,13.187,8.377,9.616
1.432,1.15,8.483,-0.481,8.018
1.436,-3.156,3.975,-4.89,2.985
1.44,-4.14,7.734,-3.181,-3.479
1.444,-7.43,4.118,1.272,0.867
1.448,-4.418,1.213,-8.1,4.81
1.452,-0.675,0.834,-5.774,4.346
1.456,-0.084,-1.972,-0.877,0.265
1.46,-7.318,-8.553,1.407,-2.516
1.464,-8.783,-11.866,-3.024,-2.011
1.468,-8.366,-14.387,-9.216,-6.609
1.472,-17.443,-19.438,-10.484,-12.205
1.476,-18.566,-25.032,-14.513,-10.393
1.48,-26.355,-22.729,-21.296,-20.156
1.484,-24.104,-27.956,-17.885,-17.032
1.488,-17.284,-20.045,-18.879,-17.821
1.492,-17.825,-18.248,-19.685,-13.535
1.496,-8.821,-8.404,-8.252,-12.537
1.5,-4.723,0.574,-1.707,3.304
1.504,14.454,7.102,11.763,10.095
1.508,19.46,10.342,10.449,14.545
1.512,21.316,16.894,17.326,21.357
1.516,24.694,24.633,21.131,21.15
1.52,24.137,21.947,26.512,15.076
1.524,24.756,23.594,21.926,13.061
1.528,15.437,18.835,11.609,11.607
1.532,15.299,14.499,8.439,2.334
1.536,13.026,12.535,5.749,7.067
1.54,11.255,6.461,-1.063,0.562
1.544,-0.122,7.431,1.602,0.456
1.548,4.816,3.292,6.409,-3.054
1.552,3.792,10.645,3.961,2.049
1.556,7.069,-2.217,10.139,-0.474
1.56,-0.752,-2.483,2.52,-2.187
1.564,-3.571,-5.869,1.578,0.533
1.568,5.059,-13.226,-1.905,-3.48
1.572,-4.347,-11.49,-9.994,-9.54
1.576,-10.437,-18.961,-7.177,-15.346
1.58,-13.154,-27.519,-14.791,-20.516
1.584,-15.214,-19.004,-14.236,-20.77
1.588,-11.491,-21.318,-15.35,-19.257
1.592,-12.586,-15.674,-4.182,-12.804
1.596,-4.191,-7.367,0.773,-7.68
1.6,3.086,-3.445,4.93,-0.02
1.604,6.46,3.63,8.751,12.207
1.608,19.492,18.263,21.052,17.412
1.612,18.32,8.719,26.206,15.909
1.616,24.152,13.359,21.547,20.794
1.62,20.374,13.676,22.572,16.641
1.624,21.876,20.137,19.806,17.781
1.628,9.687,9.417,18.279,17.577
1.632,5.273,8.215,9.961,6.34
1.636,2.274,2.499,9.596,6.071
1.64,3.142,2.926,2.159,6.049
1.644,6.511,-0.81,0.638,-0.363
1.648,6.874,-1.165,9.791,1.373
1.652,-4.206,1.097,1.274,5.254
1.656,3.764,-2.49,3.426,-2.854
1.66,-7.318,-7.693,7.313,-4.318
1.664,2.696,-7.048,1.062,-7.432
1.668,0.435,-3.899,-2.819,-5.143
1.672,-6.958,-12.831,-6.461,-14.829
1.676,-10.335,-16.932,-17.036,-14.294
1.68,-12.968,-23.065,-10.797,-14.889
1.684,-16.138,-16.384,-15.146,-21.889
1.688,-10.563,-13.211,-16.945,-20.539
1.692,-8.08,-9.872,-15.753,-11.971
1.696,1.92,-3.642,-8.554,-7.441
1.7,6.402,12.302,-1.844,-7.089
1.704,11.68,14.073,11.01,12.18
1.708,15.891,21.795,17.164,15.637
1.712,18.92,22.872,22.158,17.111
1.716,29.747,24.428,23.631,18.641
1.72,23.055,26.396,21.737,21.069
1.724,21.916,21.691,20.795,15.838
1.728,21.454,18.124,14.972,11.961
1.732,9.352,15.256,9.431,7.86
1.736,4.707,8.059,3.343,1.242
1.74,2.911,6.627,2.355,0.126
1.744,1.408,3.382,-1.91,-0.519
1.748,5.98,3.867,-1.034,-2.391
1.752,4.38,-2.8,5.535,0.934
1.756,0.543,-9.142,-0.994,1.407
1.76,1.041,-6.898,-2.085,3.851
1.764,-7.124,-8.405,-3.719,-5.982
1.768,-10.143,-10.974,-8.204,-4.737
1.772,-17.009,-20.354,-12.78,-7.515
1.776,-24.771,-20.463,-15.454,-13.124
1.78,-20.816,-21.095,-19.027,-20.462
1.784,-24.214,-22.569,-18.7,-20.831
1.788,-24.458,-25.043,-13.758,-13.699
1.792,-20.506,-20.125,-17.557,-14.54
1.796,-18.782,-10.201,-10.525,-7.675
1.8,-9.676,1.072,-8.453,-1.46
1.804,1.879,4.027,0.581,9.906
1.808,5.798,10.314,10.165,6.598
1.812,11.205,11.719,15.902,15.822
1.816,13.47,17.464,17.147,16.964
1.82,11.141,16.808,16.01,23.733
1.824,7.683,17.47,14.341,16.67
1.828,2.0,9.988,10.985,11.184
1.832,2.48,10.169,0.417,6.796
1.836,1.545,4.957,-5.06,-0.445
1.84,-7.252,8.309,-2.994,5.277
1.844,-3.087,1.233,-2.878,-1.009
1.848,-1.88,1.048,-4.804,1.67
1.852,-5.064,2.77,-4.833,-1.86
1.856,2.38,-0.589,-5.316,-0.225
1.86,-3.9,5.962,-4.604,-3.965
1.864,-5.295,-1.13,-4.64,-4.444
1.868,-9.011,-7.442,-12.42,-4.286
1.872,-18.124,-10.246,-17.421,-11.472
1.876,-13.949,-21.836,-17.777,-14.851
1.88,-22.896,-13.257,-25.546,-18.78
1.884,-21.809,-15.681,-23.875,-15.01
1.888,-17.864,-15.4,-22.663,-20.702
1.892,-11.278,-9.171,-18.819,-14.395
1.896,-12.84,-2.685,-14.352,-7.021
1.9,-3.744,1.102,0.446,-2.988
1.904,8.898,10.538,4.12,7.964
1.908,12.08,18.505,7.814,14.07
1.912,16.497,20.774,14.548,18.594
1.916,12.5,20.331,20.507,20.258
1.92,13.108,21.269,14.059,16.953
1.924,10.296,21.822,15.095,11.099
1.928,3.627,16.02,2.647,12.339
1.932,-3.572,5.681,-0.89,4.728
1.936,-4.098,6.679,-8.265,3.422
1.94,-1.234,2.774,2.07,-1.037
1.944,-6.442,2.307,-9.395,-4.397
1.948,-2.727,-2.937,-3.014,0.972
1.952,-6.076,-5.659,2.873,2.211
1.956,-8.95,-10.334,1.342,3.264
1.96,-3.776,-10.569,-0.846,-2.549
1.964,-9.157,-7.868,-0.094,-3.58
1.968,-10.217,-14.499,-9.397,-6.386
1.972,-20.198,-19.105,-10.192,-8.726
1.976,-17.487,-18.025,-16.399,-21.223
1.98,-19.743,-20.35,-19.655,-23.374
1.984,-22.302,-25.465,-19.788,-15.739
1.988,-23.173,-16.855,-15.249,-23.308
1.992,-15.809,-20.239,-9.736,-11.229
1.996,-6.603,-6.782,-8.649,-3.591
2.0,0.704,1.024,-3.266,2.41
2.004,10.24,11.61,5.389,4.575
2.008,18.708,16.406,20.279,11.306
2.012,18.807,19.724,23.217,18.08
2.016,19.706,22.761,17.086,25.158
2.02,22.837,31.699,24.238,24.198
2.024,19.614,22.16,13.927,16.87
2.028,19.351,20.597,13.738,7.006
2.032,9.879,9.029,5.254,7.895
2.036,12.855,9.01,10.432,3.076
2.04,11.67,10.042,0.264,1.277
2.044,6.657,1.386,-1.578,-4.924
2.048,6.796,6.199,0.97,0.622
2.052,4.547,0.861,11.417,-4.4
2.056,4.992,-1.917,5.071,-7.635
2.06,4.071,-3.598,0.772,-0.535
2.064,6.895,-0.336,-0.521,2.056
2.068,-1.667,-8.17,-6.906,-9.915
2.072,-10.167,-16.399,-4.47,-13.208
2.076,-10.033,-15.349,-14.246,-13.286
2.08,-11.766,-17.89,-10.473,-15.48
2.084,-15.729,-22.233,-12.64,-19.587
2.088,-10.076,-16.532,-13.855,-20.378
2.092,-8.356,-12.339,-5.649,-10.003
2.096,-7.898,-6.844,-0.148,-11.275
2.1,0.75,-4.372,5.226,-1.563
2.104,10.279,1.212,10.119,9.349
2.108,10.662,5.79,20.061,9.275
2.112,20.666,13.214,24.181,19.417
2.116,15.815,16.113,25.803,23.319
2.12,23.099,16.092,23.239,23.998
2.124,19.697,14.628,20.557,14.803
2.128,14.326,16.55,15.924,10.469
2.132,6.5,6.475,14.502,9.553
2.136,5.501,3.775,2.888,1.846
2.14,1.202,-4.337,1.472,0.282
2.144,-1.206,5.912,4.029,1.012
2.148,1.079,-5.872,2.016,1.007
2.152,4.819,-4.886,5.844,-5.612
2.156,3.146,-1.723,2.34,-3.545
2.16,6.673,-4.75,2.092,-6.707
2.164,2.608,-3.054,8.835,-8.703
2.168,-0.944,-8.995,-1.835,-10.764
2.172,-11.664,-14.77,-9.382,-12.456
2.176,-11.442,-14.256,-10.913,-16.349
2.18,-16.382,-15.47,-11.05,-25.423
2.184,-14.333,-20.538,-12.057,-22.703
2.188,-13.938,-12.939,-18.894,-22.807
2.192,-8.518,-11.477,-12.905,-14.582
2.196,2.313,-4.295,-3.79,-9.553
2.2,8.169,4.233,2.837,3.776
2.204,17.284,10.364,5.529,7.166
2.208,15.697,16.771,12.138,12.16
2.212,24.686,25.625,17.119,17.466
2.216,28.71,20.236,16.12,17.973
2.22,28.947,21.315,18.477,22.992
2.224,16.256,24.113,19.765,14.967
2.228,15.05,18.057,9.389,13.157
2.232,14.143,16.841,9.803,9.777
2.236,6.012,10.671,2.722,1.716
2.24,0.576,1.965,-0.358,-4.203
2.244,-3.331,3.331,-5.675,-1.397
2.248,-2.529,2.569,3.139,1.802
2.252,-5.384,-0.264,0.72,-4.977
2.256,-1.144,-4.547,-4.122,0.713
2.26,-0.619,-6.788,0.953,1.311
2.264,-10.372,-11.277,-4.396,0.475
2.268,-10.267,-17.842,-6.372,-5.375
2.272,-13.568,-22.663,-10.666,-10.911
2.276,-20.908,-20.919,-12.534,-15.415
2.28,-29.26,-27.115,-23.234,-22.592
2.284,-24.651,-23.096,-19.717,-22.743
2.288,-24.676,-24.456,-16.337,-23.449
2.292,-20.968,-22.014,-8.89,-13.765
2.296,-15.904,-12.73,-7.18,-6.262
2.3,-6.483,2.479,-1.855,0.353
2.304,2.4,3.697,5.283,8.435
2.308,14.557,12.748,15.26,16.26
2.312,12.195,16.334,13.651,14.271
2.316,18.318,14.341,18.061,20.092
2.32,14.262,23.301,20.742,19.708
2.324,10.288,16.645,10.24,14.566
2.328,7.283,10.595,-0.173,5.412
2.332,-0.746,9.618,-1.435,4.336
2.336,0.607,7.365,-1.773,2.175
2.34,-8.297,7.737,-7.469,1.657
2.344,-5.602,1.768,-6.721,0.146
2.348,-2.394,10.626,-6.097,5.66
2.352,1.487,-0.888,-2.613,2.941
2.356,2.405,2.608,-6.642,-0.115
2.36,-3.452,-7.038,-6.229,-0.845
2.364,-4.524,-4.293,-2.489,0.113
2.368,-5.574,-6.392,-11.861,-3.481
2.372,-16.8,-14.709,-12.84,-10.787
2.376,-15.761,-10.272,-19.534,-10.773
2.38,-22.513,-15.648,-23.071,-21.662
2.384,-21.615,-18.17,-22.115,-19.99
2.388,-21.034,-13.909,-28.545,-8.754
2.392,-14.355,-12.649,-17.49,-11.85
2.396,-7.95,-0.995,-10.765,-8.007
2.4,0.269,5.397,-2.21,0.312
2.404,5.796,10.518,1.799,8.123
2.408,11.203,17.194,9.359,18.991
2.412,20.045,14.978,6.197,20.665
2.416,11.08,25.49,13.0,19.667
2.42,19.332,20.081,14.317,13.94
2.424,9.93,20.75,14.907,13.793
2.428,7.913,15.917,11.627,11.97
2.432,0.474,12.199,0.636,7.019
2.436,-4.674,1.775,0.778,6.987
2.44,-3.843,-1.35,-4.299,0.514
2.444,-3.494,5.56,-9.137,2.561
2.448,-5.43,-7.594,-1.721,-4.526
2.452,-8.24,-7.844,3.154,-1.464
2.456,4.178,-6.1,-2.716,2.039
2.46,-4.013,-8.351,-4.696,4.994
2.464,-6.994,-13.112,-3.741,-4.125
2.468,-14.161,-13.245,-7.76,-4.922
2.472,-18.869,-16.1,-3.914,-7.781
2.476,-21.443,-21.966,-13.044,-13.113
2.48,-19.706,-24.425,-18.867,-16.723
2.484,-26.143,-23.325,-29.045,-20.965
2.488,-23.957,-21.95,-19.205,-13.694
2.492,-14.052,-20.358,-8.879,-17.935
2.496,-7.479,-7.258,-7.608,-11.385
2.5,-2.311,2.298,2.466,5.602
2.504,5.163,7.699,9.024,8.669
2.508,19.985,8.468,12.976,10.267
2.512,21.823,18.743,23.849,13.952
2.516,19.081,25.975,20.926,15.476
2.52,19.069,19.304,17.135,25.071
2.524,19.519,23.999,16.126,15.729
2.528,19.192,17.47,16.027,10.237
2.532,14.888,15.037,2.953,12.295
2.536,13.189,9.434,4.754,4.453
2.54,3.138,5.079,2.195,0.226
2.544,7.327,10.532,-3.049,3.228
2.548,10.891,6.998,4.64,1.684
2.552,10.848,4.97,4.305,1.911
2.556,7.697,3.911,6.925,-0.856
2.56,12.341,0.097,7.271,-3.894
2.564,4.394,-2.086,1.677,-6.731
2.568,1.677,-11.162,-3.33,-7.1
2.572,-6.067,-9.535,-10.364,-11.767
2.576,-13.142,-13.81,-12.428,-14.525
2.58,-16.871,-19.238,-13.757,-20.243
2.584,-15.108,-21.953,-17.901,-16.063
2.588,-15.118,-23.08,-11.804,-22.229
2.592,-15.994,-14.673,-12.068,-12.727
2.596,-7.828,-4.343,-8.214,-10.313
2.6,1.449,-5.834,3.021,-0.73
2.604,11.783,7.803,12.976,4.822
2.608,15.613,9.455,15.042,12.878
2.612,19.44,14.022,20.293,15.042
2.616,18.139,13.69,22.438,16.901
2.62,20.099,14.694,21.505,21.859
2.624,20.933,16.71,20.47,11.805
2.628,13.278,13.664,16.932,13.739
2.632,4.006,8.202,8.992,9.964
2.636,1.236,2.419,3.593,5.891
2.64,4.509,-2.195,4.887,1.128
2.644,1.214,-0.587,5.357,-3.231
2.648,1.871,-3.019,9.137,-4.745
2.652,0.886,-2.132,8.65,-3.431
2.656,4.525,-4.774,1.903,-3.567
2.66,1.418,-6.375,4.535,-0.383
2.664,-0.249,-7.507,4.022,-7.946
2.668,-5.473,-10.098,-3.698,-8.028
2.672,-4.072,-10.855,-6.921,-11.669
2.676,-11.25,-18.399,-8.547,-16.882
2.68,-11.365,-17.317,-13.409,-19.78
2.684,-17.365,-13.146,-15.668,-16.074
2.688,-6.656,-14.112,-16.471,-16.753
2.692,-3.553,-7.317,-14.941,-11.872
2.696,-6.6,-5.846,-5.396,-8.699
2.7,4.337,1.643,2.665,2.354
2.704,15.696,11.028,5.923,8.495
2.708,16.54,17.916,16.596,14.611
2.712,24.117,25.884,21.498,17.078
2.716,27.089,22.634,19.357,20.614
2.72,23.874,24.234,21.063,25.293
2.724,22.517,25.313,17.008,17.784
2.728,14.024,18.922,10.473,16.917
2.732,4.308,13.834,5.308,1.747
2.736,9.535,10.313,1.636,3.916
2.74,6.235,2.583,-2.376,3.671
2.744,8.83,-0.289,0.356,1.206
2.748,-6.304,-3.799,-2.907,1.436
2.752,1.935,-0.346,-1.972,-1.057
2.756,-7.225,-0.386,2.169,3.588
2.76,1.962,-3.669,-0.919,-6.011
2.764,-5.125,-6.166,-2.448,-4.148
2.768,-13.896,-9.504,-11.691,-7.036
2.772,-13.763,-17.841,-12.956,-13.508
2.776,-22.559,-22.283,-11.139,-15.889
2.78,-23.527,-20.072,-25.195,-24.862
2.784,-25.192,-26.926,-16.184,-23.793
2.788,-19.28,-26.207,-19.538,-14.442
2.792,-15.054,-19.092,-18.051,-13.251
2.796,-16.055,-12.874,-10.942,-8.721
2.8,-3.569,-3.659,0.753,2.939
2.804,1.935,1.434,-2.374,11.746
2.808,3.147,11.919,14.85,19.41
2.812,9.769,14.121,15.308,12.592
2.816,20.793,22.242,18.71,24.052
2.82,14.262,15.37,8.914,15.485
2.824,13.586,16.97,9.886,16.878
2.828,6.201,13.522,-1.117,13.623
2.832,1.3,11.847,4.74,12.235
2.836,-0.229,10.764,-5.602,5.107
2.84,-3.119,6.287,-7.951,2.045
2.844,-7.494,3.425,-11.483,-2.468
2.848,-5.734,4.839,-3.878,-5.172
2.852,0.029,4.453,-4.08,-2.482
2.856,-3.029,1.579,-6.047,4.174
2.86,-2.665,0.047,-3.688,-1.11
2.864,-4.286,-1.982,-9.05,1.284
2.868,-7.588,-12.426,-15.693,-9.561
2.872,-9.372,-12.403,-16.109,-9.433
2.876,-20.272,-13.641,-14.642,-15.47
2.88,-18.318,-17.827,-20.087,-15.082
2.884,-18.835,-18.081,-22.963,-20.573
2.888,-16.699,-14.055,-22.225,-18.635
2.892,-19.9,-9.676,-19.91,-10.33
2.896,-8.836,-3.348,-10.216,-13.853
2.9,2.744,-0.026,-3.059,-0.429
2.904,4.454,5.145,2.676,2.601
2.908,12.139,17.772,9.955,13.893
2.912,16.824,17.182,8.737,16.991
2.916,12.577,18.655,13.569,21.71
2.92,19.747,17.674,10.211,20.367
2.924,12.298,21.128,6.858,15.116
2.928,7.759,14.304,7.501,8.904
2.932,-3.535,10.198,-2.13,7.643
2.936,-0.183,6.987,0.461,7.615
2.94,-3.777,1.284,-0.761,-1.733
2.944,-1.747,1.853,-4.475,-4.464
2.948,-7.783,-6.626,-5.353,-5.639
2.952,-9.576,-7.808,0.753,-4.494
2.956,-8.703,-9.652,0.086,-0.067
2.96,-9.124,-7.22,1.611,-5.425
2.964,-13.151,-9.972,-7.188,-4.824
2.968,-9.232,-16.511,-8.173,-6.023
2.972,-13.01,-19.503,-12.4,-18.175
2.976,-21.191,-18.108,-15.433,-13.013
2.98,-24.128,-25.702,-17.381,-14.686
2.984,-28.618,-22.372,-19.946,-14.31
2.988,-18.664,-22.515,-14.769,-13.83
2.992,-10.711,-11.976,-15.56,-6.743
2.996,-10.348,-6.275,-10.995,-6.894
3.0,-0.35,-4.197,-1.997,2.418
3.004,9.739,7.378,5.478,6.831
3.008,20.844,9.026,13.068,15.969
3.012,21.351,23.159,17.968,18.665
3.016,23.757,29.4,19.679,14.915
3.02,23.488,17.078,19.951,14.455
3.024,16.328,17.63,14.678,21.4
3.028,12.653,19.308,14.891,12.255
3.032,10.678,15.038,1.577,11.669
3.036,12.833,10.259,-2.737,1.999
3.04,6.603,3.273,4.978,-1.469
3.044,5.067,7.2,4.34,-0.212
3.048,4.972,7.213,6.057,2.246
3.052,6.437,11.577,5.446,4.286
3.056,11.726,5.107,4.297,0.513
3.06,4.843,-5.307,3.082,0.753
3.064,0.207,-4.954,-2.963,-4.13
3.068,-1.376,-7.394,-1.22,-3.041
3.072,-0.935,-15.732,-10.4,-7.376
3.076,-12.308,-15.335,-3.096,-18.329
3.08,-17.788,-18.269,-16.886,-17.819
3.084,-17.156,-17.377,-15.236,-22.89
3.088,-14.097,-17.003,-9.036,-15.804
3.092,-8.624,-14.504,-10.456,-15.164
3.096,-1.73,-11.312,-4.003,-9.976
3.1,-0.733,-6.23,-3.005,-6.12
3.104,6.748,5.406,8.494,10.833
3.108,14.691,9.657,20.505,14.559
3.112,21.71,14.258,27.976,19.006
3.116,17.32,20.582,21.656,22.399
3.12,18.207,21.058,23.592,16.683
3.124,15.197,11.063,27.701,13.218
3.128,15.637,10.719,16.718,13.437
3.132,10.112,6.194,13.344,10.883
3.136,7.702,4.866,4.412,5.296
3.14,6.758,-5.683,9.134,6.017
3.144,0.97,-5.154,1.727,1.739
3.148,-1.467,-2.276,1.692,1.42
3.152,-0.819,-0.407,9.65,2.576
3.156,-2.5,-3.585,3.769,-0.741
3.16,0.945,-3.474,4.947,-4.936
3.164,-0.842,-7.392,7.532,-3.642
3.168,-0.557,-7.326,-3.889,-5.267
3.172,-6.787,-10.069,-6.579,-14.368
3.176,-12.058,-19.669,-12.399,-20.191
3.18,-13.537,-16.303,-15.145,-21.146
3.184,-16.901,-17.033,-15.556,-15.897
3.188,-8.782,-8.314,-10.49,-16.765
3.192,-9.743,-13.203,-5.677,-14.359
3.196,-4.29,-4.334,-3.991,-10.487
3.2,9.197,0.707,0.759,0.826
3.204,15.986,8.588,12.363,8.14
3.208,15.328,19.232,16.468,15.35
3.212,27.077,23.288,20.436,25.765
3.216,23.585,26.447,18.337,21.385
3.22,23.306,26.059,15.001,16.886
3.224,21.461,21.382,16.124,11.818
3.228,17.864,17.548,8.178,10.111
3.232,12.377,10.954,4.965,6.038
3.236,6.44,7.494,7.081,6.186
3.24,2.034,5.795,-0.018,-0.646
3.244,2.556,3.733,2.644,-2.93
3.248,-0.038,3.098,0.518,1.505
3.252,5.099,0.861,2.122,-1.747
3.256,0.44,1.529,-0.972,1.684
3.26,-6.078,-8.884,3.266,-3.746
3.264,-8.022,-10.295,-1.7,-5.115
3.268,-10.896,-16.522,-7.349,-9.154
3.272,-12.206,-14.443,-10.455,-10.555
3.276,-16.667,-23.596,-18.327,-16.405
3.28,-25.616,-21.035,-20.733,-22.633
3.284,-28.61,-20.465,-21.599,-23.82
3.288,-27.697,-21.431,-21.899,-19.2
3.292,-19.741,-17.196,-11.776,-18.227
3.296,-7.352,-11.39,-11.574,-8.827
3.3,-5.126,-4.756,3.309,0.769
3.304,-3.911,2.672,4.66,4.037
3.308,5.207,10.368,9.901,16.526
3.312,9.986,21.301,12.997,22.403
3.316,11.318,15.432,16.941,23.154
3.32,12.025,19.568,16.842,20.975
3.324,11.695,19.522,2.955,17.239
3.328,8.883,13.673,5.883,12.509
3.332,6.195,12.403,-4.817,8.518
3.336,1.262,3.47,0.292,1.884
3.34,-8.183,9.463,-1.959,1.133
3.344,-6.186,7.204,-5.557,0.491
3.348,-3.198,2.47,-4.586,1.814
3.352,-1.653,-0.716,-8.585,-4.661
3.356,0.698,3.151,-5.446,0.588
3.36,-2.613,-4.56,-6.314,1.978
3.364,-4.839,-6.936,-8.057,-5.507
3.368,-7.814,-7.655,-7.799,-7.737
3.372,-13.576,-6.797,-11.173,-17.38
3.376,-16.715,-12.848,-17.744,-15.774
3.38,-16.652,-18.893,-23.972,-23.434
3.384,-21.351,-22.263,-26.567,-21.564
3.388,-19.747,-15.055,-22.686,-18.399
3.392,-15.762,-10.115,-17.931,-15.801
3.396,-5.707,-4.967,-13.087,-8.076
3.4,-5.728,7.77,-6.732,1.12
3.404,10.079,9.002,4.771,7.469
3.408,7.159,8.513,11.498,14.405
3.412,12.521,18.188,9.619,12.643
3.416,17.887,22.453,13.859,19.431
3.42,17.336,21.54,16.124,12.307
3.424,6.589,17.145,13.46,14.785
3.428,2.922,12.641,6.284,17.313
3.432,2.285,3.171,2.759,10.218
3.436,4.467,5.176,-1.086,-0.583
3.44,-1.558,0.395,-0.994,-0.421
3.444,-7.364,-0.437,-7.617,-0.482
3.448,-14.107,-1.562,-2.733,1.41
3.452,-6.368,-0.828,-5.006,2.661
3.456,-5.569,-9.096,1.693,4.843
3.46,-8.757,-12.367,-5.15,-4.072
3.464,-12.346,-13.214,-2.718,-3.045
3.468,-12.625,-17.3,-10.042,-12.698
3.472,-19.82,-21.282,-9.487,-10.56
3.476,-14.986,-17.577,-14.744,-14.495
3.48,-18.4,-23.174,-18.536,-18.908
3.484,-21.197,-17.341,-14.477,-17.943
3.488,-20.483,-20.467,-20.883,-20.836
3.492,-17.651,-18.779,-11.657,-17.94
3.496,-8.499,-10.585,-4.332,-10.436
3.5,4.918,3.073,2.779,1.11
3.504,11.042,4.759,5.816,11.516
3.508,16.282,16.937,13.732,11.405
3.512,23.524,19.387,16.957,16.202
3.516,24.808,20.468,19.468,20.249
3.52,24.139,27.779,16.732,29.307
3.524,23.545,20.146,14.972,14.63
3.528,18.544,16.323,16.147,14.681
3.532,15.678,14.856,6.434,6.873
3.536,10.278,9.967,4.261,2.078
3.54,6.847,15.13,-0.202,-2.78
3.544,5.011,9.411,1.527,-0.866
3.548,4.611,2.779,4.82,2.438
3.552,2.034,1.61,5.004,-2.5
3.556,3.884,-4.873,8.544,0.244
3.56,2.474,-0.999,0.228,-3.77
3.564,1.044,-7.16,-0.425,-4.952
3.568,3.235,-8.906,-2.902,-11.952
3.572,-6.673,-19.566,-1.515,-4.835
3.576,-10.074,-17.755,-9.598,-15.054
3.58,-13.425,-15.283,-18.041,-19.947
3.584,-10.89,-20.927,-11.733,-16.031
3.588,-16.21,-21.733,-13.226,-18.524
3.592,-11.356,-15.42,-6.687,-12.604
3.596,-5.07,-9.591,1.826,-2.897
3.6,5.814,4.224,1.822,4.421
3.604,13.633,3.751,17.173,4.154
3.608,17.085,7.259,18.597,14.019
3.612,23.355,15.244,21.716,22.084
3.616,21.633,17.803,24.793,16.66
3.62,19.511,18.639,19.424,18.195
3.624,20.512,17.037,19.516,15.09
3.628,14.274,17.217,14.29,13.293
3.632,6.321,5.707,7.601,9.816
3.636,7.983,1.862,4.771,7.15
3.64,2.117,-4.446,7.892,1.456
3.644,0.894,1.213,3.271,-3.077
3.648,4.774,-4.586,1.354,-1.173
3.652,2.457,-0.09,6.556,-3.064
3.656,4.181,-5.286,7.98,-2.092
3.66,4.307,-0.31,4.952,0.918
3.664,-2.038,-12.285,-1.049,-8.005
3.668,-1.765,-8.086,-8.787,-9.067
3.672,-2.789,-11.815,-8.571,-9.117
3.676,-13.456,-15.808,-7.406,-13.919
3.68,-11.839,-22.306,-11.271,-21.375
3.684,-16.273,-16.964,-18.061,-22.603
3.688,-8.794,-15.447,-15.219,-13.526
3.692,-4.35,-16.301,-8.51,-12.857
3.696,-1.934,0.691,-4.874,-10.023
3.7,13.372,2.767,5.748,-0.123
3.704,17.583,15.95,10.037,10.844
3.708,22.62,17.872,17.897,11.299
3.712,26.464,25.618,19.354,15.508
3.716,28.761,22.244,19.081,20.565
3.72,21.441,25.143,23.349,14.911
3.724,21.484,22.521,11.675,13.953
3.728,17.254,17.304,9.587,10.484
3.732,9.84,11.259,6.273,-0.563
3.736,7.983,0.397,5.209,3.949
3.74,7.003,3.429,-2.444,3.046
3.744,0.054,5.244,-0.297,5.896
3.748,0.154,-3.22,-4.53,1.681
3.752,-2.779,-4.53,1.692,-2.969
3.756,-6.68,-7.447,6.149,-1.401
3.76,-0.971,-5.339,-6.071,4.375
3.764,-6.666,-12.277,-4.815,-2.338
3.768,-10.898,-10.205,-4.045,-4.264
3.772,-19.064,-16.071,-2.555,-13.509
3.776,-21.457,-21.489,-14.417,-16.621
3.78,-21.138,-23.588,-22.041,-19.175
3.784,-25.807,-27.112,-21.879,-17.142
3.788,-24.425,-24.959,-24.002,-19.538
3.792,-19.876,-15.942,-14.036,-12.173
3.796,-17.972,-8.766,-7.19,-7.586
3.8,-4.868,-1.697,1.28,-3.639
3.804,-2.895,2.573,3.468,7.576
3.808,4.567,9.636,8.181,17.294
3.812,8.71,13.033,18.996,18.271
3.816,13.259,20.862,19.816,18.918
3.82,12.131,13.069,11.196,23.239
3.824,10.583,10.775,9.442,17.143
3.828,4.122,8.512,8.237,7.644
3.832,5.936,4.727,0.39,6.542
3.836,2.191,12.055,-2.559,4.503
3.84,-2.842,7.849,-9.366,1.914
3.844,-4.45,0.215,-9.047,1.578
3.848,-4.462,2.447,-5.486,-0.594
3.852,-3.025,6.321,-6.392,-0.526
3.856,-6.087,2.272,-7.248,-0.003
3.86,-5.621,5.227,-5.42,1.175
3.864,-2.41,-4.264,-9.343,-5.753
3.868,-7.622,-9.46,-10.331,-7.624
3.872,-7.908,-14.594,-12.04,-11.045
3.876,-17.873,-14.699,-20.48,-17.587
3.88,-21.114,-14.144,-24.28,-17.581
3.884,-22.323,-16.919,-21.108,-18.857
3.888,-20.614,-16.255,-20.757,-24.459
3.892,-17.641,-7.099,-16.426,-13.879
3.896,-8.788,-3.162,-19.986,-3.333
3.9,-2.317,2.011,-6.1,4.489
3.904,3.221,7.098,1.21,9.632
3.908,14.442,14.596,6.881,17.791
3.912,20.173,20.828,16.716,17.793
3.916,19.153,18.748,13.38,21.612
3.92,15.92,16.679,9.619,19.46
3.924,13.085,16.234,11.233,17.979
3.928,11.77,13.52,6.067,17.324
3.932,3.732,13.26,-1.104,10.415
3.936,-4.322,1.438,1.21,2.672
3.94,-4.12,2.092,-2.264,5.949
3.944,-4.741,-2.018,-2.707,0.789
3.948,-9.834,-3.72,-2.084,1.846
3.952,-7.468,0.067,0.929,-0.599
3.956,-3.355,-5.986,-2.038,2.167
3.96,-13.08,-11.226,-5.699,-0.011
3.964,-13.545,-8.825,-4.565,-0.304
3.968,-13.632,-12.647,-12.358,-8.915
3.972,-15.932,-21.809,-14.931,-8.937
3.976,-24.676,-25.491,-11.204,-23.289
3.98,-23.33,-22.387,-22.557,-20.816
3.984,-19.71,-23.357,-23.881,-23.94
3.988,-20.546,-21.869,-16.766,-17.24
3.992,-12.854,-12.095,-11.846,-11.097
3.996,-10.213,-9.937,-12.847,-7.612
4.0,-2.43,1.265,0.746,4.067
4.004,10.983,11.684,6.203,5.261
4.008,16.779,14.246,15.427,9.777
4.012,17.195,14.97,17.867,20.422
4.016,20.769,22.049,16.263,23.415
4.02,27.644,24.187,17.811,19.284
4.024,17.83,24.921,17.939,21.44
4.028,19.796,17.242,17.576,13.314
4.032,11.668,20.262,8.561,8.601
4.036,9.785,7.595,2.771,2.408
4.04,8.493,8.978,-1.564,-2.701
4.044,0.353,5.512,1.096,-0.755
4.048,2.225,8.592,1.205,4.633
4.052,7.108,-1.385,4.453,0.682
4.056,4.447,2.462,4.111,-1.219
4.06,8.286,-2.144,5.296,-3.923
4.064,-2.252,-0.331,0.765,-2.083
4.068,0.244,-11.656,3.464,-10.783
4.072,-10.329,-12.422,-4.338,-10.718
4.076,-11.856,-20.189,-12.615,-17.357
4.08,-17.438,-19.815,-10.787,-19.75
4.084,-9.946,-22.197,-18.478,-17.977
4.088,-18.502,-20.565,-16.119,-21.102
4.092,-11.055,-21.321,-11.761,-13.961
4.096,-9.932,-8.154,1.06,-12.166
4.1,7.203,-5.598,4.219,-0.339
4.104,10.805,1.399,10.538,9.075
4.108,16.072,6.203,19.312,16.355
4.112,24.08,12.012,24.584,21.655
4.116,21.542,18.718,29.097,21.879
4.12,20.688,18.305,18.511,17.748
4.124,17.371,16.761,23.366,10.542
4.128,14.502,8.27,8.816,14.761
4.132,7.05,8.138,13.134,5.835
4.136,4.348,2.075,10.2,-0.64
4.14,5.173,3.98,8.122,6.823
4.144,2.719,0.506,5.51,-0.136
4.148,1.752,-3.893,1.101,1.357
4.152,-1.478,0.357,7.453,0.794
4.156,7.509,-2.289,2.477,-0.089
4.16,0.337,-9.649,2.142,-2.369
4.164,3.272,-12.999,1.285,-5.451
4.168,-2.392,-15.198,-2.245,-0.732
4.172,-10.718,-9.579,-5.146,-16.162
4.176,-6.83,-20.434,-12.655,-17.272
4.18,-12.425,-13.325,-13.17,-21.639
4.184,-9.778,-21.759,-19.79,-18.35
4.188,-12.405,-19.35,-14.394,-19.494
4.192,-5.273,-8.17,-11.421,-15.478
4.196,-6.158,-1.208,-1.417,-5.659
4.2,5.243,5.472,6.282,5.805
4.204,10.444,13.535,9.819,5.093
4.208,19.374,15.67,10.573,9.327
4.212,25.928,25.17,15.899,18.44
4.216,23.996,25.543,24.804,22.416
4.22,27.02,23.404,19.422,18.322
4.224,18.33,22.373,21.428,17.872
4.228,18.76,21.457,14.076,10.145
4.232,14.97,15.042,7.322,14.584
4.236,9.63,3.124,3.019,5.542
4.24,2.275,8.64,-3.254,-0.245
4.244,-5.057,5.586,-2.572,-2.211
4.248,2.064,-0.172,0.878,0.702
4.252,-0.693,-0.615,-0.664,2.131
4.256,-4.254,-2.804,2.083,-3.968
4.26,-4.976,-11.904,2.895,-1.175
4.264,-2.286,-10.802,-3.172,-1.471
4.268,-14.452,-14.955,-7.851,-6.407
4.272,-14.699,-18.751,-14.075,-9.918
4.276,-20.246,-23.667,-13.676,-11.5
4.28,-25.5,-22.512,-17.592,-28.296
4.284,-23.876,-27.25,-14.872,-19.248
4.288,-19.615,-19.941,-19.791,-25.307
4.292,-21.387,-16.228,-16.742,-14.116
4.296,-14.993,-7.425,-8.927,-3.687
4.3,-4.877,1.397,-3.803,-0.386
4.304,3.625,9.206,1.802,4.781
4.308,7.002,7.253,10.87,16.458
4.312,10.942,16.861,15.884,18.672
4.316,7.131,16.404,17.246,20.471
4.32,10.855,28.795,15.491,25.44
4.324,7.169,19.23,13.76,11.452
4.328,8.891,18.775,7.43,9.88
4.332,2.188,12.461,1.959,8.537
4.336,-1.16,0.078,-6.45,7.356
4.34,-2.348,3.137,-4.221,-1.673
4.344,-5.625,1.754,-6.192,-1.187
4.348,1.936,1.595,-8.576,-0.315
4.352,1.8,3.003,-2.794,-0.347
4.356,2.968,2.276,-2.249,2.047
4.36,-0.692,-8.998,-3.201,-1.359
4.364,-5.079,-4.632,-5.043,-1.751
4.368,-3.683,-8.952,-10.044,-11.017
4.372,-14.854,-7.208,-15.758,-11.355
4.376,-19.589,-12.993,-14.266,-15.869
4.38,-21.834,-17.501,-22.557,-16.437
4.384,-19.531,-16.546,-31.957,-12.344
4.388,-21.943,-20.241,-30.241,-15.384
4.392,-16.127,-8.885,-15.205,-16.092
4.396,-14.406,-5.936,-17.926,-5.685
4.4,-0.961,-0.071,-6.388,-0.151
4.404,0.2,13.341,-0.722,6.568
4.408,7.892,16.18,8.45,12.394
4.412,18.135,17.413,14.713,16.506
4.416,19.194,19.276,13.016,16.47
4.42,15.368,21.477,11.343,15.082
4.424,11.627,18.539,12.682,17.938
4.428,4.607,13.756,13.986,10.72
4.432,-0.867,5.56,3.285,7.954
4.436,-3.653,1.752,-4.586,1.09
4.44,-9.837,-0.834,-1.244,2.946
4.444,-5.863,-1.773,0.943,-2.065
4.448,-6.703,-3.16,-0.346,-4.126
4.452,-9.414,-5.031,-6.971,4.814
4.456,-1.95,-6.572,0.014,0.578
4.46,-5.788,-2.842,-3.352,-2.145
4.464,-7.719,-8.944,-3.786,-4.276
4.468,-14.565,-11.528,-8.514,-8.486
4.472,-16.997,-17.413,-9.516,-10.31
4.476,-18.721,-21.695,-17.12,-20.615
4.48,-22.491,-22.389,-15.002,-24.384
4.484,-18.365,-22.58,-20.368,-19.566
4.488,-21.363,-18.034,-19.446,-23.48
4.492,-17.185,-18.189,-12.72,-19.701
4.496,-6.534,-5.986,-6.776,-4.876
4.5,-3.794,0.501,1.801,0.5
4.504,11.209,2.739,7.448,8.125
4.508,11.769,15.521,18.439,10.624
4.512,22.668,16.539,21.746,22.423
4.516,21.226,21.653,20.323,22.921
4.52,24.38,23.141,21.723,14.891
4.524,23.325,17.39,15.272,15.647
4.528,17.454,18.645,13.455,10.56
4.532,9.504,15.298,9.867,7.274
4.536,7.104,13.757,4.693,6.962
4.54,5.423,7.124,-0.486,0.066
4.544,0.971,7.053,-2.009,2.997
4.548,9.996,4.265,3.22,-5.301
4.552,7.18,1.781,1.365,-1.736
4.556,3.213,-3.827,7.453,-1.251
4.56,9.663,-1.746,-0.669,-2.83
4.564,0.462,-2.685,5.795,-3.626
4.568,-0.7,-11.971,-1.51,-6.935
4.572,-8.676,-14.321,-8.653,-11.098
4.576,-16.854,-17.886,-11.849,-13.314
4.58,-18.338,-17.072,-14.401,-16.768
4.584,-16.999,-20.999,-13.561,-24.41
4.588,-11.788,-18.545,-17.231,-17.803
4.592,-9.649,-15.385,-12.235,-15.817
4.596,-4.33,-10.875,-3.898,-5.126
4.6,-3.626,-5.755,4.663,3.887
4.604,13.411,3.894,14.573,10.109
4.608,16.332,12.049,19.628,19.699
4.612,19.298,15.549,21.789,20.512
4.616,24.497,21.655,25.038,22.9
4.62,23.772,19.789,23.498,16.586
4.624,20.439,18.491,18.821,15.898
4.628,12.07,5.254,15.367,13.859
4.632,5.517,12.232,3.961,8.274
4.636,7.958,4.722,9.511,0.959
4.64,-1.353,2.343,6.121,-1.562
4.644,7.728,1.916,8.298,-5.386
4.648,2.179,-1.86,1.863,1.007
4.652,-0.459,-5.976,6.926,-2.982
4.656,-0.681,0.532,-0.035,1.97
4.66,-1.512,-7.793,-0.339,0.964
4.664,0.732,-10.941,1.943,-3.034
4.668,-2.939,-11.858,-2.883,-6.224
4.672,-10.545,-15.684,-2.726,-8.734
4.676,-11.656,-17.377,-7.033,-12.523
4.68,-17.292,-19.248,-10.308,-25.66
4.684,-12.016,-14.516,-13.88,-17.788
4.688,-12.022,-14.45,-12.588,-16.791
4.692,-8.521,-13.383,-14.449,-13.093
4.696,-4.735,-6.146,-0.259,-6.165
4.7,5.843,2.64,6.695,-0.947
4.704,13.019,10.354,6.189,0.393
4.708,21.452,16.531,17.856,12.164
4.712,25.013,19.366,18.682,12.768
4.716,28.186,25.694,26.982,14.948
4.72,22.974,23.133,16.927,22.177
4.724,15.319,19.234,16.459,14.339
4.728,19.077,19.732,11.944,12.596
4.732,8.232,16.41,6.396,7.421
4.736,3.268,8.86,9.078,7.716
4.74,3.178,11.31,5.266,1.432
4.744,2.226,9.789,-5.591,-1.747
4.748,-1.275,2.456,1.091,4.333
4.752,-1.934,-2.372,0.337,-1.387
4.756,-2.492,-2.335,3.181,1.206
4.76,0.942,-9.639,0.446,0.285
4.764,-6.597,-12.213,-5.071,-7.425
4.768,-13.944,-18.914,-9.668,-4.647
4.772,-18.977,-20.161,-12.592,-7.727
4.776,-21.653,-25.787,-16.543,-19.374
4.78,-23.714,-22.628,-19.271,-18.879
4.784,-24.358,-27.07,-23.144,-15.884
4.788,-24.14,-21.841,-15.204,-23.129
4.792,-23.024,-15.831,-14.846,-12.095
4.796,-15.535,-7.992,-7.707,-11.332
4.8,-4.541,-4.864,-3.355,-0.959
4.804,-2.568,4.916,1.346,6.951
4.808,5.988,11.837,13.254,10.447
4.812,13.65,19.644,11.53,15.52
4.816,16.41,20.908,9.605,19.686
4.82,12.61,22.864,15.856,23.098
4.824,9.353,12.394,8.302,17.416
4.828,2.871,12.534,4.866,6.872
4.832,4.497,14.25,3.229,8.805
4.836,3.646,9.726,-5.445,3.822
4.84,5.374,5.113,-9.765,-0.691
4.844,-1.855,2.388,-2.021,-1.266
4.848,-2.876,5.131,-5.386,1.383
4.852,-4.854,-4.015,-0.524,-4.606
4.856,-7.523,3.148,-1.925,-1.986
4.86,-2.212,-0.844,-2.51,-4.645
4.864,2.06,-5.388,-6.22,-6.097
4.868,-4.715,-5.987,-9.927,-6.42
4.872,-9.462,-12.509,-11.614,-11.643
4.876,-16.239,-14.682,-17.132,-13.959
4.88,-18.951,-17.09,-24.769,-25.729
4.884,-28.371,-14.983,-22.85,-20.713
4.888,-17.369,-14.703,-24.815,-18.573
4.892,-17.399,-16.596,-19.758,-18.896
4.896,-11.706,-8.925,-10.719,-9.65
4.9,-3.374,-0.901,-6.659,-0.064
4.904,3.68,10.768,3.368,8.547
4.908,8.536,17.03,10.498,15.023
4.912,14.525,24.42,12.537,12.339
4.916,13.978,18.046,17.169,18.013
4.92,14.546,24.307,12.472,14.379
4.924,6.338,11.861,13.322,15.955
4.928,5.558,13.721,6.482,10.496
4.932,-1.837,9.906,2.182,5.532
4.936,-4.491,5.643,-4.54,13.201
4.94,-4.866,0.483,-4.561,-1.947
4.944,-11.432,-0.831,-3.705,-0.004
4.948,-9.317,-6.742,-0.463,1.326
4.952,-4.906,-1.955,-3.305,1.183
4.956,-10.895,-5.48,1.491,1.69
4.96,-2.276,-7.399,-4.241,-0.142
4.964,-6.181,-12.329,-2.941,-4.69
4.968,-14.586,-16.077,-8.912,-7.375
4.972,-19.355,-17.232,-7.112,-13.757
4.976,-19.998,-17.142,-11.97,-18.199
4.98,-27.292,-27.8,-18.398,-22.923
4.984,-29.178,-27.59,-21.965,-17.541
4.988,-22.13,-19.659,-23.326,-14.941
4.992,-16.073,-16.26,-13.301,-15.743
4.996,-8.153,-7.788,-7.225,-7.817
5.0,-1.844,-0.071,2.574,4.799
5.004,12.258,10.027,3.449,10.95
5.008,11.185,14.405,14.86,16.654
5.012,17.337,16.833,20.062,19.06
5.016,24.631,20.888,17.654,18.02
5.02,19.465,23.138,19.605,17.422
5.024,17.002,18.147,13.881,16.679
5.028,17.363,18.695,9.269,13.105
5.032,9.942,15.275,5.8,4.502
5.036,9.395,10.418,3.145,7.438
5.04,5.51,9.113,5.691,5.431
5.044,4.071,1.387,0.606,2.427
5.048,0.306,1.691,-0.198,4.401
5.052,7.268,-0.392,5.975,2.024
5.056,2.878,3.825,7.373,0.777
5.06,4.792,5.507,6.315,-1.055
5.064,1.03,-7.561,5.952,-4.65
5.068,-2.071,-9.876,-1.087,-7.424
5.072,-6.649,-15.748,-5.623,-14.912
5.076,-10.219,-17.011,-12.606,-16.224
5.08,-16.428,-22.205,-9.593,-22.473
5.084,-11.925,-20.241,-15.286,-22.306
5.088,-20.026,-17.414,-14.466,-14.567
5.092,-11.368,-19.031,-10.537,-10.434
5.096,-2.242,-8.583,-1.015,-10.096
5.1,3.834,-7.733,5.006,2.61
5.104,6.676,3.979,12.992,5.819
5.108,13.236,9.898,17.846,11.989
5.112,16.636,14.493,22.363,22.429
5.116,22.897,16.281,23.885,16.62
5.12,17.809,15.467,27.267,13.606
5.124,17.741,13.972,14.172,13.977
5.128,13.604,12.065,16.362,9.984
5.132,15.633,8.293,13.68,6.289
5.136,5.93,4.267,1.195,-1.463
5.14,0.309,-0.605,4.263,2.262
5.144,-2.494,2.469,6.75,5.735
5.148,1.267,2.652,2.037,0.795
5.152,2.367,-6.63,6.017,-0.554
5.156,-3.618,-3.318,2.884,1.959
5.16,0.179,-6.893,5.058,-0.984
5.164,1.203,-5.207,6.486,-3.528
5.168,-4.517,-11.192,3.94,-7.655
5.172,-3.932,-14.367,-5.103,-11.137
5.176,-15.262,-15.903,-14.405,-17.205
5.18,-11.158,-19.846,-15.091,-23.853
5.184,-11.043,-13.525,-21.113,-14.357
5.188,-8.988,-14.299,-15.393,-16.662
5.192,-12.083,-8.015,-7.71,-16.086
5.196,0.073,-4.646,-8.547,-6.531
5.2,4.737,3.436,2.318,-3.39
5.204,10.045,13.941,7.88,8.726
5.208,19.257,20.208,21.833,16.209
5.212,21.797,18.925,21.518,21.351
5.216,28.572,25.206,23.984,21.61
5.22,25.967,25.922,20.73,18.398
5.224,17.443,21.698,18.464,19.046
5.228,13.931,19.412,14.628,10.133
5.232,9.898,13.602,6.671,8.303
5.236,6.372,2.857,1.039,1.511
5.24,6.327,2.033,-2.613,1.898
5.244,3.392,6.067,4.598,4.528
5.248,0.472,0.233,2.091,2.209
5.252,-1.099,-0.397,-6.299,2.876
5.256,-6.639,-3.153,-0.056,3.296
5.26,0.569,-8.442,1.056,-1.419
5.264,-7.93,-10.998,2.384,-6.318
5.268,-6.376,-12.88,-9.864,-12.969
5.272,-15.516,-16.982,-10.107,-15.041
5.276,-14.824,-15.524,-17.38,-15.622
5.28,-22.609,-25.933,-23.443,-25.067
5.284,-30.106,-19.811,-17.396,-19.372
5.288,-26.355,-25.252,-23.214,-16.771
5.292,-21.006,-16.609,-13.54,-18.673
5.296,-16.884,-10.973,-15.112,-4.947
5.3,-7.874,-4.182,-4.409,-1.264
5.304,-3.23,3.967,6.174,2.678
5.308,7.403,8.942,12.754,8.902
5.312,12.57,18.54,15.821,18.086
5.316,10.772,16.029,18.63,20.158
5.32,19.009,19.906,13.293,18.924
5.324,10.777,19.656,14.746,19.084
5.328,4.387,18.679,6.938,11.976
5.332,-1.969,14.07,3.351,5.667
5.336,-0.131,9.701,-1.563,2.738
5.34,-3.103,3.575,-3.484,4.453
5.344,-0.665,1.453,-8.683,-3.316
5.348,-3.154,-0.651,-8.036,0.368
5.352,-5.676,-1.779,-5.92,0.725
5.356,3.126,0.768,-2.261,3.023
5.36,-1.436,-3.298,-6.243,-0.873
5.364,-5.753,-0.324,-7.598,-6.569
5.368,-8.034,-9.231,-10.633,-6.832
5.372,-11.389,-11.068,-10.764,-9.631
5.376,-21.262,-15.563,-17.768,-15.554
5.38,-19.556,-21.163,-27.386,-15.679
5.384,-22.45,-13.949,-23.85,-23.824
5.388,-18.135,-13.094,-23.868,-18.725
5.392,-17.882,-8.437,-19.505,-13.963
5.396,-11.415,-2.964,-12.422,-5.267
5.4,2.584,0.073,-1.378,2.698
5.404,8.444,7.178,0.485,7.657
5.408,0.802,16.715,9.969,12.898
5.412,17.954,24.038,14.427,18.817
5.416,15.432,22.247,14.346,16.482
5.42,12.121,23.315,11.875,17.5
5.424,7.778,16.097,8.229,17.683
5.428,3.353,16.961,4.828,12.85
5.432,-0.588,7.912,3.876,5.421
5.436,-5.948,5.639,-2.919,1.354
5.44,-9.36,0.313,-4.154,-1.19
5.444,-9.741,1.483,-7.761,-2.146
5.448,-5.879,-0.328,-4.959,0.332
5.452,-6.463,-8.981,-1.652,3.713
5.456,-4.988,-2.254,-6.573,3.921
5.46,-7.808,-1.356,1.16,-3.974
5.464,-13.714,-12.558,-5.722,-2.71
5.468,-11.619,-15.473,-2.103,-6.563
5.472,-20.007,-15.088,-10.485,-11.154
5.476,-18.664,-21.711,-21.566,-18.903
5.48,-26.448,-23.631,-18.423,-21.195
5.484,-25.234,-17.567,-21.314,-18.869
5.488,-21.836,-24.521,-17.905,-19.407
5.492,-13.648,-17.63,-9.585,-13.709
5.496,-7.909,-6.907,-5.733,-10.625
5.5,0.06,-4.859,-0.677,-1.469
5.504,14.094,7.042,3.657,3.583
5.508,10.16,14.117,17.054,14.774
5.512,17.637,23.343,20.304,17.208
5.516,19.928,25.336,23.833,20.701
5.52,17.638,18.569,18.827,17.868
5.524,18.445,19.832,16.947,16.68
5.528,19.057,16.736,11.006,17.205
5.532,11.328,14.443,7.652,5.837
5.536,8.795,8.199,-0.6,5.174
5.54,2.442,9.84,2.929,-0.77
5.544,4.266,4.147,2.719,-0.351
5.548,5.228,6.317,0.828,1.309
5.552,8.777,3.027,5.356,0.959
5.556,1.595,-1.734,6.907,2.027
5.56,3.931,2.754,8.057,1.661
5.564,5.827,-0.665,-1.216,-1.705
5.568,-2.787,-8.299,0.345,-4.648
5.572,-12.547,-14.385,-2.076,-11.15
5.576,-6.962,-20.844,-11.547,-18.159
5.58,-12.04,-17.166,-9.605,-16.566
5.584,-13.045,-18.621,-17.188,-21.048
5.588,-19.715,-21.851,-13.346,-16.171
5.592,-6.151,-17.419,-14.539,-17.746
5.596,-7.071,-8.027,-8.527,-8.652
5.6,0.876,-5.877,0.095,-2.074
5.604,7.492,2.872,16.68,8.762
5.608,18.502,7.747,16.493,12.25
5.612,19.117,12.155,20.638,18.207
5.616,22.545,15.057,25.554,19.468
5.62,20.257,19.67,20.771,22.048
5.624,16.69,9.506,23.191,17.386
5.628,9.971,12.651,20.609,12.658
5.632,13.964,8.268,3.75,7.469
5.636,0.601,6.827,8.271,1.398
5.64,3.979,1.887,-1.704,-1.422
5.644,3.017,-1.908,-0.277,0.877
5.648,5.558,-4.37,5.729,-4.352
5.652,6.888,0.206,2.38,-0.003
5.656,2.602,-2.32,6.462,0.276
5.66,3.912,-6.968,5.052,-5.44
5.664,5.605,-5.257,-2.291,-3.868
5.668,-3.115,-12.492,0.825,-7.389
5.672,-10.037,-14.529,-4.971,-5.553
5.676,-11.74,-19.201,-10.452,-15.945
5.68,-17.102,-17.352,-16.103,-16.343
5.684,-12.669,-21.54,-14.504,-18.564
5.688,-8.665,-16.724,-18.392,-17.479
5.692,-7.749,-12.774,-13.628,-11.491
5.696,-5.733,-3.193,-3.496,-11.914
5.7,9.808,4.97,6.029,-0.266
5.704,8.934,8.194,8.897,8.428
5.708,15.861,19.294,17.823,11.093
5.712,23.977,18.241,20.937,18.112
5.716,26.565,31.399,22.676,20.186
5.72,25.695,22.966,17.777,18.462
5.724,20.702,25.237,15.733,13.311
5.728,21.384,18.879,11.271,9.528
5.732,11.236,14.592,11.051,6.446
5.736,9.693,6.099,-0.681,4.853
5.74,5.668,8.496,-4.019,1.494
5.744,-2.559,3.288,8.32,0.643
5.748,-0.192,2.376,0.556,-0.803
5.752,6.053,-1.238,2.016,-2.412
5.756,-2.832,-2.752,2.604,-0.966
5.76,-5.331,-8.627,2.123,-3.707
5.764,-6.077,-10.056,0.064,-12.783
5.768,-12.446,-15.126,-4.227,-7.449
5.772,-18.485,-20.392,-8.005,-12.57
5.776,-22.35,-21.685,-15.679,-12.263
5.78,-20.132,-23.41,-16.636,-16.901
5.784,-26.219,-24.071,-15.757,-18.475
5.788,-28.496,-22.978,-19.734,-21.251
5.792,-25.034,-16.842,-15.01,-10.922
5.796,-7.643,-10.78,-12.068,-7.161
5.8,-7.413,-3.512,-3.433,-1.071
5.804,2.174,4.483,5.517,5.236
5.808,5.071,14.359,9.436,12.016
5.812,12.821,12.213,14.788,17.483
5.816,18.162,17.601,16.697,16.823
5.82,11.232,19.968,18.721,19.083
5.824,11.962,12.64,7.977,15.477
5.828,2.62,18.674,7.129,13.849
5.832,8.988,11.919,-0.665,6.961
5.836,0.495,10.855,-0.356,-1.763
5.84,-3.559,8.847,-2.422,0.28
5.844,-3.908,5.048,-0.647,-3.342
5.848,-4.254,-3.933,-6.488,-1.899
5.852,-3.472,2.367,-3.859,-2.722
5.856,-9.229,1.408,-1.392,6.225
5.86,-3.036,-4.377,-2.501,-2.228
5.864,-5.41,-9.291,-14.174,-1.547
5.868,-7.061,-6.109,-12.478,-8.327
5.872,-14.381,-15.098,-13.307,-12.47
5.876,-19.289,-8.585,-20.205,-17.399
5.88,-20.052,-16.162,-20.568,-21.056
5.884,-25.937,-13.162,-21.203,-21.928
5.888,-19.226,-15.087,-23.598,-17.129
5.892,-21.246,-8.614,-17.018,-14.161
5.896,-6.238,-4.589,-8.055,-3.597
5.9,-0.351,5.368,-1.7,-0.661
5.904,1.972,3.283,0.613,6.756
5.908,12.672,18.023,8.802,14.103
5.912,14.818,21.416,13.637,20.07
5.916,12.626,20.627,12.204,20.252
5.92,8.177,19.152,17.0,23.005
5.924,11.749,16.777,8.56,23.707
5.928,3.818,14.516,5.786,14.247
5.932,4.736,12.812,4.879,8.536
5.936,-2.524,3.316,-3.197,-2.303
5.94,-7.395,-3.694,-4.867,5.363
5.944,-1.226,6.269,-3.275,3.727
5.948,-5.12,-1.021,-4.763,4.494
5.952,-17.579,-5.725,2.258,2.498
5.956,-8.115,-2.663,-4.318,-2.893
5.96,-11.761,-5.684,-8.859,-4.104
5.964,-12.193,-10.015,-1.414,-6.971
5.968,-13.537,-16.524,-8.464,-7.167
5.972,-15.931,-16.804,-14.167,-13.892
5.976,-19.819,-18.643,-14.91,-13.396
5.98,-19.716,-28.779,-17.997,-20.684
5.984,-21.261,-22.584,-22.645,-20.881
5.988,-19.028,-19.563,-15.214,-17.459
5.992,-15.066,-14.465,-11.85,-15.415
5.996,-4.576,-8.022,-1.924,-10.309
6.0,-0.949,3.558,-1.376,-5.439
6.004,7.566,7.527,8.317,10.377
6.008,9.954,15.255,15.136,11.217
6.012,23.921,21.405,17.794,17.103
6.016,22.94,22.724,21.569,18.791
6.02,31.751,19.461,20.69,12.785
6.024,19.387,22.554,17.498,16.834
6.028,17.259,19.482,10.765,16.004
6.032,14.742,13.997,6.764,10.287
6.036,6.488,11.095,2.242,2.571
6.04,8.685,-1.054,-0.278,4.372
6.044,6.76,9.855,1.38,-5.156
6.048,5.702,7.254,6.889,2.387
6.052,10.367,-0.978,9.653,-2.084
6.056,3.909,-0.841,8.231,2.859
6.06,6.121,2.934,2.465,-1.102
6.064,6.93,-8.383,3.067,-7.312
6.068,-3.571,-7.735,-7.804,-6.667
6.072,-7.091,-15.144,-6.555,-11.786
6.076,-3.764,-16.444,-11.66,-15.258
6.08,-12.822,-20.229,-8.167,-21.374
6.084,-17.172,-21.939,-14.229,-23.417
6.088,-12.075,-18.244,-13.403,-16.412
6.092,-12.393,-16.838,-9.563,-14.182
6.096,-9.446,-14.751,-3.798,-5.866
6.1,6.521,-5.134,6.35,1.664
6.104,6.292,1.605,10.436,9.708
6.108,23.016,6.057,20.47,18.836
6.112,18.189,16.288,27.253,18.85
6.116,27.499,16.699,24.667,16.912
6.12,15.923,18.014,22.059,16.647
6.124,20.052,16.332,19.35,15.103
6.128,14.31,13.62,18.62,12.423
6.132,11.041,8.715,10.833,11.545
6.136,7.895,0.983,4.882,3.278
6.14,1.249,2.855,6.903,6.247
6.144,-2.04,-0.106,1.672,5.349
6.148,1.942,4.646,3.596,1.182
6.152,3.393,-2.741,5.899,1.999
6.156,1.599,-2.662,3.259,-1.424
6.16,3.154,-5.773,-0.401,3.833
6.164,1.299,-7.837,4.002,-5.611
6.168,-5.65,-11.21,-7.723,-3.802
6.172,-5.653,-15.83,-8.648,-14.887
6.176,-11.388,-16.856,-8.234,-14.053
6.18,-15.288,-17.089,-12.902,-15.625
6.184,-11.422,-19.816,-16.147,-17.178
6.188,-14.189,-13.321,-17.197,-19.653
6.192,-8.756,-8.667,-11.897,-14.79
6.196,-0.654,-6.625,-2.729,-2.97
6.2,10.866,0.913,2.542,-1.517
6.204,14.841,12.851,6.623,6.17
6.208,22.084,16.312,13.812,18.494
6.212,23.619,19.534,19.018,18.064
6.216,25.574,29.974,22.534,19.738
6.22,24.281,21.601,20.166,24.484
6.224,21.78,17.518,12.442,14.037
6.228,15.216,15.924,15.427,9.595
6.232,15.06,14.561,4.327,7.946
6.236,5.47,9.818,3.956,3.797
6.24,-1.814,11.628,-2.65,-1.127
6.244,9.548,0.837,6.768,2.464
6.248,-0.665,1.674,3.604,-0.064
6.252,3.622,2.42,-1.952,0.304
6.256,2.895,-5.119,0.943,-0.058
6.26,-0.472,-3.855,-3.28,-4.346
6.264,-7.183,-15.094,-3.701,-6.151
6.268,-10.18,-8.59,-5.287,-12.155
6.272,-19.928,-15.291,-8.851,-8.373
6.276,-14.93,-24.131,-19.896,-15.968
6.28,-26.983,-22.011,-22.098,-15.984
6.284,-26.571,-20.883,-18.607,-21.254
6.288,-24.215,-26.537,-16.35,-14.808
6.292,-20.821,-19.875,-18.771,-18.831
6.296,-16.234,-7.468,-7.458,-4.668
6.3,-2.56,-3.602,-6.646,-0.234
6.304,3.721,5.293,3.566,3.428
6.308,8.352,11.02,7.17,5.513
6.312,10.659,18.502,13.294,19.758
6.316,16.977,20.096,21.401,22.873
6.32,11.795,19.272,13.995,19.154
6.324,15.298,11.083,9.723,17.782
6.328,7.171,16.446,4.174,13.129
6.332,6.609,13.342,0.248,7.575
6.336,-0.652,4.265,-5.079,6.577
6.34,-2.106,1.973,-4.548,-3.224
6.344,0.662,5.363,-5.778,0.341
6.348,3.858,3.348,-6.584,1.939
6.352,2.586,-4.001,-5.932,-1.229
6.356,0.745,-1.694,-3.255,0.722
6.36,-0.975,-0.175,-6.665,-4.739
6.364,-6.512,-1.892,-7.431,-3.473
6.368,-7.642,-9.247,-11.769,-9.571
6.372,-15.55,-11.793,-21.636,-13.341
6.376,-15.848,-17.408,-16.996,-14.258
6.38,-18.709,-12.98,-28.5,-24.253
6.384,-26.982,-16.693,-29.634,-23.176
6.388,-19.54,-17.183,-20.271,-16.078
6.392,-14.416,-14.338,-22.145,-14.451
6.396,-9.852,-8.55,-18.653,-9.788
6.4,-1.33,7.786,-0.743,1.351
6.404,0.726,8.877,1.011,4.262
6.408,8.361,14.16,13.002,10.562
6.412,17.588,18.77,10.809,17.628
6.416,15.655,19.199,10.08,19.488
6.42,15.265,20.058,12.825,16.74
6.424,9.16,17.78,6.871,15.182
6.428,6.259,13.713,7.303,15.789
6.432,-5.455,5.382,3.692,7.3
6.436,-0.028,7.596,0.945,0.249
6.44,0.127,-0.248,-4.792,1.281
6.444,-9.815,-3.161,-0.149,-6.313
6.448,-9.67,-5.147,-6.319,4.726
6.452,-5.291,-7.708,-1.938,-3.45
6.456,-2.234,-5.426,-1.987,0.574
6.46,-7.615,-5.801,3.943,-0.722
6.464,-13.482,-13.661,-0.32,-6.042
6.468,-13.728,-20.622,-7.295,-3.51
6.472,-20.083,-21.887,-11.149,-5.616
6.476,-22.61,-23.257,-11.455,-18.217
6.48,-23.862,-27.313,-21.51,-16.834
6.484,-25.959,-25.054,-26.459,-22.866
6.488,-23.086,-22.112,-21.678,-14.288
6.492,-15.447,-15.31,-15.679,-10.186
6.496,-7.791,-12.525,-3.766,-4.556
6.5,-4.272,1.74,3.107,-4.969
6.504,9.626,13.143,7.716,5.957
6.508,14.525,19.551,15.835,12.395
6.512,22.913,18.706,16.648,16.465
6.516,25.513,25.264,26.625,23.889
6.52,21.316,25.27,22.894,13.535
6.524,22.446,21.781,16.222,17.142
6.528,14.482,19.337,11.524,14.022
6.532,17.074,17.142,9.496,5.301
6.536,7.397,14.142,3.772,5.214
6.54,8.667,6.05,-3.49,2.533
6.544,6.093,8.473,6.171,-0.77
6.548,3.563,9.55,5.846,3.151
6.552,9.552,5.682,4.652,-1.52
6.556,4.777,5.794,3.031,3.222
6.56,0.196,-9.162,3.886,-0.813
6.564,-6.08,-3.131,-6.088,-4.634
6.568,-4.077,-8.377,-4.986,-8.08
6.572,-2.073,-10.586,-0.789,-15.955
6.576,-7.026,-21.052,-8.943,-17.059
6.58,-16.401,-21.898,-19.636,-22.335
6.584,-16.777,-18.388,-17.493,-19.109
6.588,-15.878,-22.588,-19.331,-15.551
6.592,-14.689,-14.632,-11.699,-12.61
6.596,-7.598,-9.449,-3.421,-9.724
6.6,5.348,-2.939,9.56,-0.796
6.604,11.112,6.467,14.779,8.414
6.608,16.48,7.522,17.914,14.969
6.612,15.651,12.84,22.198,23.164
6.616,21.402,16.799,21.927,21.774
6.62,13.118,13.348,26.273,19.412
6.624,19.504,18.462,23.205,16.286
6.628,13.587,8.954,11.003,10.745
6.632,4.492,9.853,5.253,7.409
6.636,9.84,1.295,5.755,5.851
6.64,-2.646,3.229,3.89,-0.912
6.644,3.478,-5.598,4.58,1.277
6.648,3.76,2.302,-0.728,-0.436
6.652,-0.995,0.64,3.065,5.263
6.656,2.901,-5.468,5.433,0.84
6.66,-2.589,-7.965,2.622,-0.225
6.664,-8.229,-6.611,5.227,-6.268
6.668,-6.123,-15.733,4.459,-3.015
6.672,-8.687,-14.422,-7.484,-10.268
6.676,-8.654,-19.811,-7.901,-11.88
6.68,-12.986,-19.717,-15.231,-19.52
6.684,-13.504,-20.489,-18.464,-19.908
6.688,-14.901,-18.223,-16.647,-22.364
6.692,-8.976,-5.696,-8.298,-8.447
6.696,-3.66,-1.643,-6.383,-6.476
6.7,3.068,-0.635,1.601,5.567
6.704,12.482,8.879,6.897,6.537
6.708,20.722,20.647,18.354,15.396
6.712,22.794,25.577,21.696,21.231
6.716,24.839,20.668,25.798,20.893
6.72,26.513,26.596,21.641,17.97
6.724,19.398,22.884,17.42,14.549
6.728,12.102,12.45,13.136,10.748
6.732,12.731,12.657,5.788,15.42
6.736,7.387,9.189,2.963,1.835
6.74,4.293,6.111,2.986,-4.751
6.744,3.197,-0.82,-3.138,0.157
6.748,1.687,-1.323,4.734,-0.036
6.752,-0.231,-2.835,2.285,-0.835
6.756,5.855,-4.749,6.741,-1.908
6.76,-7.162,-7.523,-3.719,-2.03
6.764,-8.348,-9.995,-6.16,-7.658
6.768,-8.138,-12.937,-5.44,-2.073
6.772,-15.676,-12.953,-11.015,-11.054
6.776,-18.626,-19.476,-17.552,-15.619
6.78,-23.919,-20.55,-23.66,-15.815
6.784,-21.687,-26.265,-22.236,-11.774
6.788,-27.535,-25.683,-19.671,-19.458
6.792,-16.471,-15.671,-20.377,-13.061
6.796,-10.75,-11.555,-11.56,-5.179
6.8,-10.374,-1.613,-1.792,2.073
6.804,2.763,1.337,6.821,10.299
6.808,7.256,12.756,9.745,16.734
6.812,10.038,15.302,12.108,17.019
6.816,8.118,17.174,16.019,23.489
6.82,10.156,17.854,13.539,18.632
6.824,12.711,18.859,6.173,16.815
6.828,9.279,16.849,4.517,13.634
6.832,2.288,10.055,-0.622,5.275
6.836,2.14,9.017,-2.585,5.001
6.84,0.515,6.511,-7.159,3.07
6.844,-2.55,6.026,-7.325,-5.634
6.848,-4.891,5.726,-5.758,4.095
6.852,-0.772,7.358,-2.381,-2.347
6.856,-0.426,-0.624,-3.525,0.774
6.86,-0.721,3.264,3.517,3.379
6.864,-2.395,-3.57,-10.505,-1.738
6.868,-12.614,-10.778,-7.68,-4.287
6.872,-14.341,-13.302,-15.252,-8.459
6.876,-22.671,-13.372,-23.759,-17.449
6.88,-17.788,-14.78,-24.137,-22.079
6.884,-21.737,-20.266,-28.869,-18.658
6.888,-18.364,-17.472,-22.71,-16.114
6.892,-20.088,-12.468,-19.735,-10.67
6.896,-5.398,-7.339,-14.479,-5.242
6.9,-5.987,-3.289,-7.936,-1.475
6.904,7.075,2.74,5.975,10.224
6.908,11.042,14.214,8.878,7.676
6.912,13.915,20.166,14.183,22.069
6.916,14.843,23.056,15.541,17.235
6.92,12.331,16.293,14.114,16.236
6.924,14.685,13.639,9.515,23.438
6.928,6.238,12.084,10.643,11.961
6.932,-2.356,9.18,8.372,6.642
6.936,-3.718,7.945,2.5,0.24
6.94,-4.911,3.564,-3.793,2.536
6.944,-3.926,-2.288,-4.432,2.425
6.948,-8.663,-1.955,-0.258,-1.163
6.952,-8.227,-7.082,-4.613,-6.334
6.956,-6.586,-6.007,3.559,4.834
6.96,-4.989,-8.673,0.4,-2.075
6.964,-13.9,-7.279,-4.783,-4.633
6.968,-11.586,-13.612,-6.546,-7.514
6.972,-18.385,-21.118,-9.864,-14.205
6.976,-21.577,-24.193,-17.344,-12.152
6.98,-16.945,-24.618,-16.152,-16.789
6.984,-23.761,-27.951,-16.541,-18.44
6.988,-18.488,-21.148,-19.563,-11.318
6.992,-13.514,-15.694,-15.863,-16.073
6.996,-11.977,-6.761,-8.164,-3.754
7.0,-5.536,1.836,-3.47,-6.672
7.004,10.899,8.457,2.845,9.516
7.008,12.42,10.373,13.136,20.756
7.012,15.759,16.795,15.895,15.103
7.016,26.25,21.443,25.672,24.836
7.02,19.891,25.576,17.887,14.82
7.024,18.286,23.767,17.429,22.208
7.028,22.916,18.058,9.86,10.408
7.032,8.123,22.172,12.738,5.187
7.036,6.025,16.176,3.362,2.093
7.04,6.23,12.205,-1.756,1.304
7.044,5.935,8.332,3.582,-0.411
7.048,3.932,5.927,3.118,-0.267
7.052,3.374,4.193,7.145,1.058
7.056,11.15,-4.23,3.827,0.673
7.06,6.085,-4.565,4.181,-1.19
7.064,4.322,-5.585,-2.678,-5.026
7.068,-1.863,-8.786,0.843,-6.123
7.072,-5.332,-14.041,-5.902,-10.662
7.076,-8.001,-16.858,-10.867,-14.987
7.08,-17.234,-26.689,-14.478,-18.973
7.084,-14.859,-19.572,-15.857,-21.982
7.088,-12.395,-19.223,-11.008,-18.031
7.092,-6.054,-15.921,-12.134,-14.814
7.096,1.093,-6.616,-0.695,-13.783
7.1,2.614,-5.488,-0.061,2.998
7.104,13.017,4.038,6.674,8.364
7.108,7.65,11.722,23.052,13.92
7.112,24.314,12.621,19.889,19.827
7.116,18.922,11.207,24.646,17.639
7.12,19.306,13.493,22.198,23.046
7.124,18.299,14.575,20.608,19.593
7.128,12.351,10.604,15.172,8.303
7.132,9.117,7.439,13.544,5.511
7.136,9.754,1.944,2.423,5.725
7.14,1.59,-2.821,6.49,1.948
7.144,-1.374,-0.361,3.65,-0.007
7.148,7.535,-2.423,-0.301,1.21
7.152,4.304,-0.852,3.622,-5.506
7.156,8.781,-6.054,0.868,-2.811
7.16,4.912,-11.551,-0.061,-3.014
7.164,-3.66,-15.797,1.344,-1.411
7.168,-0.984,-12.359,2.412,-13.87
7.172,-9.789,-14.143,-4.931,-11.246
7.176,-10.564,-18.085,-6.67,-17.103
7.18,-13.416,-20.649,-13.931,-17.014
7.184,-18.637,-23.331,-11.024,-17.479
7.188,-14.296,-21.496,-10.171,-13.158
7.192,-0.77,-9.708,-13.454,-17.502
7.196,-0.155,-4.667,-4.245,-10.049
7.2,6.216,2.714,0.772,0.146
7.204,19.702,6.881,9.894,11.815
7.208,19.31,15.176,21.427,15.293
7.212,24.238,22.806,18.397,18.569
7.216,28.782,25.677,17.874,23.577
7.22,23.226,24.007,16.492,17.776
7.224,18.661,26.227,14.995,19.482
7.228,9.343,16.549,22.622,16.994
7.232,8.231,17.727,10.974,6.949
7.236,3.751,10.248,-5.986,-0.949
7.24,3.783,6.29,0.085,1.645
7.244,-0.512,5.94,-2.565,4.978
7.248,6.791,-0.907,2.588,1.371
7.252,-3.49,-1.953,-3.166,-4.018
7.256,2.883,-6.813,-2.432,3.765
7.26,-2.648,-3.16,-1.907,1.178
7.264,-4.169,-8.591,-4.708,-0.701
7.268,-8.802,-10.573,-4.601,-4.009
7.272,-22.759,-17.661,-12.39,-13.417
7.276,-20.935,-18.78,-13.171,-12.797
7.28,-25.215,-26.742,-22.283,-20.905
7.284,-29.208,-21.861,-18.836,-23.448
7.288,-23.133,-23.865,-23.793,-20.739
7.292,-15.349,-18.067,-14.608,-11.903
7.296,-22.282,-9.321,-11.828,-8.812
7.3,-8.347,3.179,-0.264,4.427
7.304,-2.867,6.444,-2.864,10.928
7.308,7.601,13.553,8.254,16.003
7.312,10.881,14.192,18.016,22.393
7.316,11.967,19.028,15.068,16.378
7.32,15.257,18.666,9.055,21.838
7.324,15.495,21.611,8.447,17.696
7.328,14.821,14.089,7.019,7.969
7.332,0.701,15.14,-1.286,5.248
7.336,-5.773,4.079,0.83,3.223
7.34,-0.643,9.684,-1.703,0.646
7.344,1.817,1.226,-3.677,-0.078
7.348,-0.283,5.327,-2.119,-1.968
7.352,2.724,-0.669,-5.842,4.547
7.356,-2.563,2.627,0.658,-3.749
7.36,-4.571,-4.004,-1.25,-4.823
7.364,-4.644,-0.812,-7.097,-6.527
7.368,-9.519,-4.958,-15.295,-9.314
7.372,-10.822,-13.153,-22.118,-13.93
7.376,-14.066,-13.035,-16.607,-10.934
7.38,-16.885,-14.109,-27.835,-20.944
7.384,-19.568,-19.987,-27.093,-20.268
7.388,-18.919,-18.282,-21.526,-22.039
7.392,-13.278,-14.083,-22.719,-15.389
7.396,-15.49,-8.388,-5.121,-5.78
7.4,-1.772,-0.877,-4.043,2.041
7.404,4.908,12.172,7.359,10.537
7.408,11.328,17.033,12.485,10.988
7.412,14.22,14.321,5.941,16.232
7.416,16.949,19.559,17.243,22.356
7.42,12.521,16.906,13.742,18.896
7.424,14.188,20.259,10.307,15.792
7.428,7.621,12.319,6.014,13.56
7.432,1.904,4.537,4.828,10.398
7.436,-4.659,5.429,3.092,1.604
7.44,-2.851,3.231,-7.433,0.897
7.444,-6.0,-4.046,-4.058,-0.314
7.448,-9.116,-3.831,0.67,-3.016
7.452,-6.783,-7.258,-2.962,1.009
7.456,-4.769,-2.498,-0.963,-1.663
7.46,-5.954,-9.78,-1.323,-1.224
7.464,-8.333,-13.657,2.401,-1.751
7.468,-12.825,-15.247,-5.146,-6.603
7.472,-13.916,-19.429,-5.533,-14.45
7.476,-16.89,-19.846,-10.831,-15.362
7.48,-20.738,-19.971,-19.936,-18.552
7.484,-24.934,-19.587,-19.457,-21.587
7.488,-23.926,-21.603,-12.619,-20.842
7.492,-17.303,-14.348,-17.861,-13.519
7.496,-2.576,-3.695,-5.565,-11.776
7.5,0.845,4.581,2.314,-3.204
7.504,14.816,5.533,7.019,3.734
7.508,15.31,17.04,13.294,10.345
7.512,19.976,21.727,18.046,16.816
7.516,22.949,26.037,22.467,23.09
7.52,22.673,27.35,23.674,20.823
7.524,18.282,18.789,18.279,19.343
7.528,13.547,16.734,7.971,9.957
7.532,14.606,17.816,11.909,1.375
7.536,12.959,11.936,7.522,1.907
7.54,14.944,1.804,1.238,4.591
7.544,5.355,1.231,-0.392,-1.135
7.548,5.555,6.539,-0.385,-0.175
7.552,4.536,5.553,6.759,-0.534
7.556,9.997,-2.863,-1.349,2.047
7.56,7.741,1.886,7.154,1.283
7.564,-0.065,-5.51,0.49,-8.347
7.568,-4.158,-12.237,-0.809,-14.699
7.572,-3.343,-15.349,-16.354,-9.825
7.576,-9.65,-21.343,-15.815,-16.611
7.58,-11.97,-22.227,-15.828,-17.002
7.584,-18.301,-26.696,-17.747,-20.745
7.588,-20.116,-19.631,-11.28,-16.69
7.592,-13.313,-13.598,-8.448,-14.387
7.596,-2.688,-13.44,2.877,-9.743
7.6,8.737,-2.3,6.295,-1.19
7.604,8.312,2.335,10.473,7.079
7.608,22.489,12.875,22.49,15.815
7.612,22.146,8.237,21.568,17.738
7.616,16.921,19.353,22.767,16.688
7.62,20.671,11.498,23.008,23.962
7.624,19.567,14.14,24.433,16.907
7.628,5.535,9.224,18.171,15.872
7.632,10.461,6.412,13.475,4.131
7.636,8.509,-0.667,12.592,2.939
7.64,3.939,6.096,7.466,1.781
7.644,1.701,-4.632,0.118,2.019
7.648,1.576,-5.547,5.911,-5.772
7.652,2.03,2.619,10.081,-5.464
7.656,-0.514,-2.843,1.125,-2.03
7.66,0.258,-9.251,4.912,0.432
7.664,-0.939,-8.37,-0.55,-5.718
7.668,-2.579,-11.862,-0.762,-7.789
7.672,-8.508,-19.589,-2.463,-11.634
7.676,-13.194,-19.663,-6.54,-18.458
7.68,-10.909,-19.033,-14.712,-14.576
7.684,-12.672,-14.758,-13.689,-22.289
7.688,-13.476,-16.394,-19.023,-24.448
7.692,-5.867,-11.151,-15.849,-16.928
7.696,-2.23,-6.43,-1.1,-10.085
7.7,6.932,7.092,-6.14,0.521
7.704,17.188,14.213,8.267,8.259
7.708,18.688,20.443,18.483,15.741
7.712,20.995,23.007,20.984,23.891
7.716,25.374,20.027,12.924,19.989
7.72,20.338,27.76,21.429,21.502
7.724,20.068,22.261,13.597,14.638
7.728,15.262,17.349,11.749,12.658
7.732,3.649,15.212,4.684,6.362
7.736,8.181,10.27,0.556,3.251
7.74,2.759,2.758,-5.206,1.707
7.744,4.865,2.18,-1.755,2.997
7.748,0.964,-4.747,3.338,-0.271
7.752,1.889,-0.708,-0.897,-0.06
7.756,2.251,0.848,-0.454,0.895
7.76,-3.703,-11.353,-2.306,1.427
7.764,-6.591,-9.211,-6.491,-7.924
7.768,-15.761,-11.861,-9.549,-6.677
7.772,-12.386,-15.826,-10.721,-15.783
7.776,-21.337,-24.328,-8.803,-12.045
7.78,-27.445,-27.807,-16.926,-17.952
7.784,-23.59,-26.584,-19.573,-16.224
7.788,-31.052,-19.098,-14.347,-23.247
7.792,-21.787,-23.204,-15.048,-14.488
7.796,-11.538,-15.154,-7.105,-4.973
7.8,-8.056,-5.181,-2.297,4.212
7.804,-1.283,1.057,5.814,8.636
7.808,6.137,10.685,6.378,12.698
7.812,5.828,20.072,13.581,17.443
7.816,15.931,14.946,13.988,16.777
7.82,12.82,18.515,12.314,23.356
7.824,9.77,17.363,8.547,17.927
7.828,6.031,13.523,10.161,11.251
7.832,2.962,6.419,0.041,9.04
7.836,1.65,6.071,-3.087,3.368
7.84,-2.477,3.584,1.836,0.304
7.844,-7.099,5.711,-3.353,-2.221
7.848,-0.997,4.024,-5.188,-2.323
7.852,-0.599,-2.732,-1.121,1.252
7.856,-1.27,-0.39,-5.811,3.097
7.86,0.483,-2.617,-5.751,-2.218
7.864,-4.9,1.942,-7.795,-6.078
7.868,-5.193,-6.617,-9.667,-4.551
7.872,-8.59,-14.583,-13.618,-11.552
7.876,-15.229,-17.1,-22.424,-22.67
7.88,-22.273,-18.087,-21.781,-21.084
7.884,-21.492,-16.13,-22.516,-18.498
7.888,-15.94,-13.725,-24.361,-20.622
7.892,-20.154,-10.268,-19.317,-13.827
7.896,-10.777,-5.378,-15.835,-11.317
7.9,-3.433,1.943,-9.282,-1.234
7.904,2.155,9.011,-0.516,4.324
7.908,13.307,10.01,11.519,10.286
7.912,15.614,19.225,15.124,15.976
7.916,13.52,19.358,20.793,22.521
7.92,16.062,15.421,13.905,20.219
7.924,10.324,24.928,10.65,22.129
7.928,3.53,14.602,7.101,9.996
7.932,-0.687,9.209,-1.537,10.466
7.936,-1.258,3.805,0.866,9.274
7.94,-2.479,3.602,-2.711,4.562
7.944,-8.08,-4.672,-7.132,3.453
7.948,-5.216,-3.974,-2.421,0.253
7.952,-1.868,-7.407,-0.064,0.804
7.956,-10.433,-4.065,-5.566,-2.809
7.96,-6.542,-10.966,1.197,-9.224
7.964,-7.302,-8.188,-5.294,-3.086
7.968,-13.388,-15.391,-16.602,-10.287
7.972,-13.278,-16.482,-8.829,-13.065
7.976,-14.007,-20.712,-12.033,-18.451
7.98,-21.92,-20.441,-22.626,-17.996
7.984,-23.872,-26.063,-25.372,-20.502
7.988,-17.821,-17.741,-14.792,-14.48
7.992,-13.145,-20.851,-16.288,-16.15
7.996,-15.993,-8.031,-3.813,-7.043
8.0,-0.008,-1.638,-5.376,-0.573
8.004,7.253,3.947,12.063,6.702
8.008,16.861,12.583,17.656,13.75
8.012,20.171,18.536,20.397,22.814
8.016,22.916,22.668,14.347,22.433
8.02,20.36,22.044,18.168,17.599
8.024,22.807,22.152,19.084,14.141
8.028,21.958,16.315,6.684,9.442
8.032,10.559,13.662,5.824,7.755
8.036,5.603,10.624,5.133,-0.849
8.04,7.669,9.032,-1.502,0.562
8.044,6.57,8.776,5.473,1.192
8.048,10.126,7.112,5.648,-2.286
8.052,3.162,3.748,4.263,0.231
8.056,5.006,2.476,5.592,0.751
8.06,-1.147,-0.476,2.236,-6.495
8.064,6.691,-5.862,3.613,-3.08
8.068,-0.7,-6.468,-3.457,-8.785
8.072,-7.591,-16.411,-6.68,-6.247
8.076,-14.766,-23.819,-11.972,-15.379
8.08,-17.937,-23.504,-9.484,-21.725
8.084,-14.41,-16.88,-11.389,-25.355
8.088,-17.806,-20.296,-16.565,-18.401
8.092,-10.376,-14.537,-5.345,-10.063
8.096,1.378,-10.22,-5.319,-9.4
8.1,1.361,-0.666,10.314,0.944
8.104,6.716,4.961,17.137,9.805
8.108,16.807,10.663,25.398,16.044
8.112,15.979,17.021,23.836,18.24
8.116,26.26,15.82,23.487,17.929
8.12,24.24,18.068,22.094,18.189
8.124,16.483,14.245,20.701,12.764
8.128,10.119,11.028,11.976,8.961
8.132,7.25,5.038,3.186,10.377
8.136,4.104,3.274,5.511,4.705
8.14,3.893,-0.508,4.6,2.071
8.144,5.006,2.618,5.47,-2.106
8.148,-1.015,-6.976,5.488,3.482
8.152,5.757,-0.097,5.634,-0.588
8.156,4.867,-9.043,9.188,0.348
8.16,0.798,-3.876,2.34,2.286
8.164,-2.95,-10.497,0.638,-5.867
8.168,-2.571,-9.456,5.181,-9.314
8.172,-10.016,-14.89,-15.42,-8.689
8.176,-7.516,-21.685,-7.211,-13.531
8.18,-16.56,-14.878,-12.469,-17.937
8.184,-12.141,-16.227,-15.677,-26.437
8.188,-12.1,-14.318,-11.822,-14.415
8.192,-9.067,-12.731,-8.448,-15.811
8.196,-1.179,-1.551,-8.836,-9.324
8.2,9.983,-0.046,0.017,-0.6
8.204,10.686,4.823,8.887,3.991
8.208,19.262,13.388,10.088,17.636
8.212,22.257,19.905,20.296,18.769
8.216,25.694,22.558,23.345,22.002
8.22,22.374,23.196,23.35,16.644
8.224,15.596,20.918,16.415,18.933
8.228,12.939,16.326,9.137,16.06
8.232,15.954,7.517,7.228,3.585
8.236,7.329,10.173,2.397,0.324
8.24,3.945,5.172,2.548,-1.207
8.244,0.471,1.053,-0.814,2.82
8.248,0.163,5.16,2.298,0.433
8.252,-1.607,-1.692,-0.413,-0.089
8.256,0.262,-2.967,4.548,1.056
8.26,-3.005,-3.578,0.34,4.588
8.264,-10.103,-14.067,-4.427,-8.937
8.268,-10.279,-13.934,-7.555,-8.338
8.272,-23.48,-15.898,-9.205,-21.018
8.276,-19.659,-22.363,-19.993,-14.453
8.28,-28.656,-28.41,-20.241,-15.707
8.284,-26.098,-26.27,-18.225,-20.824
8.288,-28.096,-22.104,-18.771,-16.294
8.292,-20.49,-24.396,-19.904,-18.589
8.296,-12.528,-15.564,-9.395,-6.148
8.3,-2.235,2.116,-6.965,7.364
8.304,-3.754,5.438,5.018,6.438
8.308,10.312,15.26,14.743,15.233
8.312,12.251,18.427,14.731,16.483
8.316,12.432,19.739,12.278,20.431
8.32,15.468,18.027,13.586,22.291
8.324,9.879,18.532,11.152,17.771
8.328,8.99,18.876,9.145,11.482
8.332,-0.057,13.631,4.396,7.052
8.336,-2.21,8.484,-5.921,0.095
8.34,0.51,4.971,-5.931,4.263
8.344,1.442,5.306,-4.499,2.293
8.348,-2.829,1.169,-7.026,-3.876
8.352,-10.457,3.419,-2.801,0.637
8.356,-2.484,-1.322,-7.848,-2.826
8.36,-2.645,-2.178,-3.693,-2.575
8.364,-5.689,-7.005,-3.628,-1.265
8.368,-7.518,-8.813,-10.253,-4.439
8.372,-14.242,-13.402,-14.491,-9.656
8.376,-14.459,-9.694,-17.043,-16.785
8.38,-23.529,-19.635,-24.334,-17.586
8.384,-17.389,-16.062,-22.463,-22.221
8.388,-15.006,-18.021,-23.049,-15.994
8.392,-18.4,-10.728,-21.544,-14.036
8.396,-12.341,-3.879,-9.717,-9.009
8.4,-1.172,-3.202,-0.553,-2.186
8.404,1.189,5.205,6.401,9.62
8.408,9.211,12.495,12.064,13.57
8.412,17.791,15.5,15.087,16.784
8.416,17.866,21.342,16.099,18.423
8.42,20.186,21.107,13.509,15.238
8.424,11.312,14.486,8.507,16.473
8.428,4.368,14.04,-0.108,12.651
8.432,1.605,7.898,-3.039,2.963
8.436,-3.018,4.62,-1.8,0.471
8.44,-5.706,-0.474,-7.686,-3.736
8.444,-6.691,0.278,-3.047,3.659
8.448,-9.645,1.869,1.706,1.745
8.452,-5.767,-2.228,-12.016,3.422
8.456,-10.882,-2.05,-4.489,4.815
8.46,-9.76,-12.694,4.583,0.109
8.464,-10.151,-13.519,-1.441,-3.88
8.468,-19.881,-13.397,-7.727,-6.823
8.472,-14.686,-14.281,-13.34,-13.724
8.476,-26.763,-19.96,-14.304,-18.384
8.48,-20.941,-26.698,-16.318,-20.23
8.484,-27.05,-24.562,-24.168,-20.648
8.488,-21.967,-19.457,-14.3,-23.233
8.492,-14.114,-15.757,-13.24,-17.69
8.496,-1.842,-10.557,-5.034,-11.395
8.5,0.349,-0.871,3.072,-3.937
8.504,2.489,8.117,8.785,9.496
8.508,18.532,12.009,15.772,12.978
8.512,20.056,23.411,20.328,17.674
8.516,23.381,21.939,19.288,21.052
8.52,24.623,23.401,21.201,21.437
8.524,13.927,25.017,15.283,17.34
8.528,17.013,18.431,11.747,16.702
8.532,11.873,18.034,12.083,7.527
8.536,13.46,8.404,3.835,4.291
8.54,9.791,9.784,3.215,-0.607
8.544,1.775,8.748,1.047,-5.637
8.548,10.401,2.061,1.242,0.127
8.552,8.198,2.501,9.322,2.701
8.556,1.978,0.712,-0.104,-2.272
8.56,5.464,-0.782,4.013,-2.741
8.564,5.671,-3.494,-1.762,-0.818
8.568,-5.094,-11.904,2.1,-7.555
8.572,-2.068,-13.848,-6.275,-14.559
8.576,-15.337,-12.901,-11.901,-18.847
8.58,-16.619,-17.218,-19.295,-16.999
8.584,-18.482,-18.708,-10.281,-20.297
8.588,-10.353,-19.988,-17.538,-18.688
8.592,-12.162,-8.973,-7.897,-18.12
8.596,-8.24,-6.309,-0.13,-6.153
8.6,3.74,-2.239,11.277,3.097
8.604,11.584,5.41,10.77,6.497
8.608,17.664,9.492,16.254,15.209
8.612,18.843,16.36,21.676,17.032
8.616,21.863,18.996,22.564,21.685
8.62,18.078,19.06,17.351,20.45
8.624,22.0,14.227,24.482,14.82
8.628,16.244,6.93,13.764,5.408
8.632,11.776,8.219,9.936,5.01
8.636,7.373,6.042,8.592,4.733
8.64,4.302,-1.82,8.636,3.86
8.644,-1.846,-1.044,0.322,-1.769
8.648,3.995,2.101,5.369,3.924
8.652,3.067,-6.376,1.564,4.591
8.656,6.804,-4.662,6.681,2.05
8.66,4.743,-1.027,5.835,-4.616
8.664,1.962,-7.511,1.235,-1.565
8.668,-7.972,-12.733,-0.447,-9.024
8.672,-7.104,-14.547,-5.113,-13.569
8.676,-12.26,-14.91,-10.813,-14.614
8.68,-12.431,-19.564,-14.773,-17.682
8.684,-15.031,-16.764,-19.766,-18.535
8.688,-12.686,-15.123,-17.783,-16.282
8.692,-6.008,-9.859,-12.446,-14.152
8.696,-2.167,-2.0,-7.484,-11.931
8.7,7.108,2.92,1.219,6.248
8.704,9.705,8.673,10.1,6.412
8.708,18.002,19.498,16.717,11.843
8.712,26.48,22.274,22.007,14.608
8.716,22.119,23.479,21.903,20.359
8.72,28.165,26.079,20.209,19.075
8.724,23.823,25.921,17.79,15.612
8.728,15.299,17.811,8.635,16.284
8.732,20.037,13.892,4.056,9.384
8.736,10.318,6.052,1.513,0.646
8.74,0.46,5.298,-1.899,7.43
8.744,3.558,3.806,-5.937,-4.5
8.748,0.515,0.904,1.357,-0.457
8.752,-2.648,-2.052,-2.624,-2.081
8.756,-4.529,-0.965,6.113,1.066
8.76,-0.323,-5.792,0.304,0.7
8.764,-8.383,-1.831,-7.138,-4.938
8.768,-11.346,-13.243,-4.555,-4.257
8.772,-18.867,-26.515,-11.286,-11.192
8.776,-23.145,-25.425,-15.308,-11.59
8.78,-24.809,-22.904,-21.345,-16.181
8.784,-24.645,-26.753,-24.227,-21.317
8.788,-32.277,-24.415,-24.706,-15.087
8.792,-20.448,-21.793,-20.298,-15.917
8.796,-16.501,-12.937,-14.433,-5.705
8.8,-2.536,-3.222,-4.011,1.579
8.804,9.699,5.142,4.303,6.033
8.808,6.308,7.75,5.962,7.998
8.812,6.691,18.244,17.219,22.686
8.816,14.135,14.983,16.098,21.16
8.82,12.572,20.268,21.441,19.03
8.824,16.501,18.399,9.353,16.029
8.828,11.837,11.723,12.567,14.714
8.832,5.516,7.995,3.385,13.964
8.836,-2.071,9.131,-8.532,6.408
8.84,-0.288,3.808,-8.53,2.311
8.844,-2.219,3.239,-4.726,0.903
8.848,-2.0,4.827,-10.454,0.983
8.852,-6.77,3.361,-6.985,-2.902
8.856,1.299,-1.976,-8.581,1.71
8.86,-2.419,-1.277,1.939,-5.14
8.864,-5.293,-6.726,-3.414,-2.374
8.868,-10.328,-4.884,-11.432,-8.823
8.872,-15.192,-6.741,-10.481,-9.192
8.876,-16.024,-17.305,-15.802,-14.831
8.88,-25.277,-17.045,-19.071,-20.021
8.884,-18.731,-14.464,-26.007,-22.935
8.888,-22.819,-15.107,-23.884,-13.824
8.892,-21.837,-9.184,-22.11,-14.24
8.896,-4.135,-4.594,-12.765,-2.365
8.9,-4.978,-0.819,-7.193,-3.693
8.904,2.585,9.755,-0.297,6.826
8.908,14.092,18.741,12.752,7.229
8.912,20.047,20.352,15.57,20.521
8.916,11.054,25.96,12.363,22.418
8.92,11.377,15.065,16.626,17.153
8.924,8.152,18.812,11.421,14.01
8.928,9.005,11.724,5.144,10.624
8.932,6.369,6.543,6.436,6.689
8.936,-5.807,8.922,-0.928,2.021
8.94,-1.052,0.646,1.476,4.451
8.944,-8.747,-2.24,-2.592,-1.361
8.948,-5.841,-2.005,-1.581,-5.798
8.952,-10.428,-11.008,-5.567,-0.655
8.956,-7.022,-2.165,-3.243,-1.583
8.96,-7.943,-2.772,2.398,-5.132
8.964,-10.74,-8.746,-0.458,-3.132
8.968,-11.948,-13.857,-8.467,-13.186
8.972,-20.014,-19.456,-15.803,-10.647
8.976,-23.255,-25.137,-11.082,-16.072
8.98,-21.636,-20.037,-16.055,-20.658
8.984,-19.145,-20.509,-23.793,-23.341
8.988,-20.82,-19.107,-22.209,-22.643
8.992,-14.16,-14.263,-8.935,-11.336
8.996,-6.162,-7.259,-9.371,-8.483
9.0,2.492,-1.578,-1.47,-5.036
9.004,5.576,15.664,5.806,7.549
9.008,13.34,14.407,15.502,13.161
9.012,18.682,19.178,14.574,22.491
9.016,28.957,26.62,21.072,18.668
9.02,24.474,23.531,15.035,21.906
9.024,21.993,21.855,11.862,15.317
9.028,18.092,23.05,7.648,8.244
9.032,9.14,17.129,3.41,8.823
9.036,15.609,13.68,6.11,7.352
9.04,9.047,4.232,4.143,3.929
9.044,8.825,7.431,1.083,0.987
9.048,1.317,1.534,0.445,2.882
9.052,9.188,1.671,7.682,0.62
9.056,5.551,1.712,6.374,0.2
9.06,1.328,-1.52,0.321,-5.626
9.064,-0.295,-2.956,2.895,-3.062
9.068,-5.246,-6.858,-0.766,-2.884
9.072,-10.046,-11.131,-3.935,-16.697
9.076,-10.618,-21.707,-2.248,-19.91
9.08,-15.405,-13.292,-16.245,-19.949
9.084,-14.651,-21.163,-13.347,-23.971
9.088,-9.455,-15.771,-9.067,-16.2
9.092,-11.077,-22.902,-4.203,-19.164
9.096,-11.486,-10.194,-2.383,-5.543
9.1,1.678,-6.733,0.832,3.013
9.104,13.181,2.165,7.039,9.555
9.108,15.403,11.021,21.3,14.042
9.112,24.245,14.176,23.985,19.855
9.116,22.458,21.159,24.713,16.438
9.12,14.514,22.259,23.85,19.747
9.124,17.304,11.869,22.511,14.118
9.128,13.702,9.887,16.657,14.462
9.132,11.769,4.401,11.575,9.539
9.136,10.45,7.389,4.929,1.268
9.14,5.466,1.593,7.596,2.263
9.144,3.208,-0.675,2.072,1.225
9.148,4.123,-0.986,7.199,-1.532
9.152,2.22,-3.699,4.033,0.177
9.156,-1.374,-6.38,7.448,1.489
9.16,2.446,-5.335,10.249,-2.578
9.164,1.406,-8.785,4.635,-6.357
9.168,-6.531,-10.114,3.102,-6.725
9.172,-2.858,-19.422,-6.983,-7.339
9.176,-7.57,-16.829,-10.28,-16.431
9.18,-17.304,-21.022,-15.223,-20.025
9.184,-9.687,-18.103,-20.652,-22.281
9.188,-12.783,-13.113,-11.305,-14.802
9.192,-9.721,-12.479,-8.897,-11.355
9.196,2.367,-0.394,-2.965,-8.023
9.2,6.59,-1.418,6.634,-2.362
9.204,19.961,16.138,6.922,5.194
9.208,17.94,21.79,12.326,11.415
9.212,19.317,20.011,24.046,16.773
9.216,24.968,22.188,21.222,18.221
9.22,26.796,20.015,20.497,16.754
9.224,18.119,24.853,11.78,19.318
9.228,12.114,17.284,15.803,16.545
9.232,11.727,12.655,8.57,4.14
9.236,2.198,6.229,0.906,1.985
9.24,4.228,11.402,6.45,-1.635
9.244,0.297,0.224,-4.768,1.001
9.248,1.801,1.038,-1.359,-1.129
9.252,-4.469,-0.318,3.332,-2.982
9.256,2.575,-4.338,4.138,4.912
9.26,-3.857,-7.769,-4.672,0.255
9.264,-4.298,-10.705,-3.483,-6.638
9.268,-8.161,-12.17,-4.319,-2.888
9.272,-19.576,-19.316,-6.967,-15.23
9.276,-18.253,-17.212,-12.014,-14.13
9.28,-28.703,-26.831,-17.751,-11.715
9.284,-29.92,-22.561,-21.164,-20.297
9.288,-18.62,-27.94,-20.86,-19.117
9.292,-17.163,-20.406,-14.958,-13.478
9.296,-8.042,-13.955,-6.027,-0.908
9.3,-7.854,-7.116,-3.581,4.429
9.304,1.178,4.835,3.639,6.254
9.308,8.968,10.479,14.039,14.895
9.312,11.821,8.991,17.696,21.021
9.316,11.546,24.544,14.174,18.617
9.32,10.5,19.482,10.203,15.573
9.324,11.228,17.392,5.428,19.226
9.328,3.637,18.457,6.259,13.319
9.332,-0.365,14.121,-2.167,8.365
9.336,0.87,7.09,0.035,7.02
9.34,-2.607,-0.369,-10.109,-2.228
9.344,-0.203,5.504,-0.839,-0.65
9.348,-3.999,-0.123,-6.222,7.805
9.352,-3.839,5.642,-6.692,1.812
9.356,-0.616,-1.557,-5.427,1.839
9.36,-5.179,-2.472,-7.072,-0.891
9.364,-6.965,-7.951,-2.166,-9.223
9.368,-10.383,-11.281,-8.4,-9.862
9.372,-13.44,-11.678,-14.727,-9.049
9.376,-11.658,-15.376,-23.185,-17.599
9.38,-24.159,-18.379,-23.167,-19.478
9.384,-17.213,-11.058,-26.641,-19.029
9.388,-17.443,-13.369,-30.85,-21.183
9.392,-10.96,-10.838,-20.901,-17.828
9.396,-0.191,-13.021,-10.608,-7.622
9.4,1.89,4.828,-6.034,-1.112
9.404,7.528,18.382,2.49,8.268
9.408,6.751,14.795,12.481,9.686
9.412,10.925,16.978,16.141,16.648
9.416,16.734,21.579,20.893,21.97
9.42,9.151,16.085,7.209,27.806
9.424,12.646,19.061,7.968,16.331
9.428,-0.204,18.168,8.814,13.802
9.432,4.908,7.157,2.958,8.871
9.436,-3.531,3.003,-1.545,4.58
9.44,-4.917,1.172,-5.671,3.254
9.444,-8.865,-2.689,-3.61,-2.831
9.448,-12.545,-7.573,-3.029,-1.181
9.452,-2.909,-5.707,-7.896,0.859
9.456,-2.649,-7.991,-0.931,-2.945
9.46,-8.664,-4.386,-3.526,0.092
9.464,-7.808,-8.026,-1.42,-9.449
9.468,-14.275,-10.901,-6.358,-4.972
9.472,-16.128,-16.401,-5.877,-12.241
9.476,-18.326,-21.294,-16.062,-13.891
9.48,-21.285,-26.242,-22.529,-15.977
9.484,-19.148,-19.28,-27.825,-15.674
9.488,-19.195,-19.414,-21.59,-17.446
9.492,-15.587,-19.008,-13.304,-19.181
9.496,-10.721,-10.902,-5.949,-12.868
9.5,-1.436,-3.791,-1.816,-3.794
9.504,10.867,2.004,6.558,9.745
9.508,11.165,16.429,14.645,9.755
9.512,24.069,16.744,19.915,17.55
9.516,22.328,20.99,23.42,18.637
9.52,20.494,23.736,17.492,20.051
9.524,17.307,21.348,13.834,18.119
9.528,19.016,16.666,17.819,12.074
9.532,13.059,19.65,12.741,9.814
9.536,14.56,6.912,2.355,0.397
9.54,3.82,4.035,5.402,4.271
9.544,4.921,7.603,8.186,0.44
9.548,6.337,2.673,6.291,2.169
9.552,4.594,1.04,1.247,-1.442
9.556,6.638,-2.052,4.604,-6.198
9.56,6.255,-0.397,-1.399,0.789
9.564,4.02,-4.242,-1.051,-4.13
9.568,3.067,-8.813,-1.709,-3.803
9.572,-10.111,-15.417,-5.431,-10.524
9.576,-9.786,-19.928,-12.574,-7.117
9.58,-16.186,-20.869,-22.045,-15.155
9.584,-14.363,-18.19,-14.429,-20.649
9.588,-13.189,-14.705,-11.37,-23.007
9.592,-13.649,-12.025,-7.059,-16.595
9.596,-7.455,-7.881,-3.543,-10.397
9.6,3.939,0.595,4.35,-1.563
9.604,9.671,1.203,13.163,7.208
9.608,15.002,8.728,20.047,14.934
9.612,21.631,16.753,22.677,22.375
9.616,23.295,16.862,17.36,17.291
9.62,18.44,17.964,27.193,14.803
9.624,14.419,17.708,18.183,18.466
9.628,9.026,13.823,11.346,15.786
9.632,8.628,4.221,9.238,5.937
9.636,0.721,3.957,7.045,6.823
9.64,3.041,-1.646,2.65,3.519
9.644,5.537,-3.104,2.184,-5.08
9.648,1.034,-7.056,3.322,-2.019
9.652,1.115,-2.364,6.297,-1.321
9.656,9.008,-9.165,3.283,5.92
9.66,6.85,-4.306,5.971,0.317
9.664,-1.983,-3.909,-1.487,-5.21
9.668,-2.503,-9.564,4.871,-9.5
9.672,-5.851,-14.371,-2.651,-16.499
9.676,-9.976,-12.785,-11.392,-12.775
9.68,-7.745,-17.971,-13.155,-17.781
9.684,-13.523,-21.145,-19.178,-18.045
9.688,-11.146,-15.453,-12.825,-22.109
9.692,-5.32,-4.931,-8.067,-11.774
9.696,2.699,-7.262,-3.659,-8.299
9.7,9.554,-0.336,5.646,-2.181
9.704,15.877,13.351,10.308,9.124
9.708,15.823,17.403,16.148,10.381
9.712,23.048,21.075,18.342,18.79
9.716,28.268,21.045,23.1,19.107
9.72,25.179,18.65,17.343,22.186
9.724,23.379,17.72,17.424,18.649
9.728,21.766,23.12,12.296,12.062
9.732,7.51,13.84,10.588,8.251
9.736,10.003,3.71,4.383,5.495
9.74,2.316,9.518,-5.078,1.181
9.744,4.125,6.847,-2.668,-2.408
9.748,0.194,4.653,-2.439,-1.558
9.752,6.064,-2.233,-1.825,-3.552
9.756,-0.929,-3.949,3.578,2.731
9.76,-5.229,-5.553,-6.803,-0.015
9.764,-5.329,-5.394,1.64,-4.969
9.768,-10.069,-15.531,-3.56,-9.583
9.772,-12.69,-20.538,-10.829,-11.08
9.776,-19.556,-20.002,-15.133,-20.212
9.78,-17.003,-20.872,-19.627,-22.174
9.784,-26.144,-24.981,-20.957,-19.962
9.788,-24.811,-20.66,-16.943,-10.929
9.792,-22.31,-17.738,-17.123,-12.624
9.796,-14.006,-12.26,-8.528,-7.028
9.8,-6.05,-6.292,-5.553,-3.512
9.804,1.714,0.523,6.056,4.785
9.808,7.587,8.966,9.785,18.05
9.812,10.028,12.9,15.795,16.867
9.816,11.139,19.408,13.08,20.115
9.82,12.063,22.606,15.507,20.744
9.824,14.011,18.0,10.428,14.713
9.828,10.908,11.764,10.563,10.266
9.832,2.689,13.721,1.924,2.234
9.836,-3.135,8.875,-1.174,0.052
9.84,-2.565,6.973,-6.283,2.969
9.844,3.261,2.253,-4.743,-1.27
9.848,0.273,6.165,-3.789,1.896
9.852,-0.443,5.309,-5.359,-4.645
9.856,1.001,0.22,-5.101,2.388
9.86,1.879,1.039,-6.897,-1.327
9.864,-8.449,-0.617,-6.938,-8.111
9.868,-9.704,-8.89,-12.375,-4.021
9.872,-14.397,-11.594,-14.141,-16.009
9.876,-15.214,-14.53,-21.947,-12.741
9.88,-19.549,-20.245,-23.369,-19.065
9.884,-18.831,-15.892,-27.166,-22.585
9.888,-21.177,-12.112,-19.524,-12.707
9.892,-11.545,-11.301,-18.746,-12.765
9.896,-9.809,-3.729,-12.376,-3.94
9.9,-0.321,6.547,-2.969,1.298
9.904,8.337,8.183,8.251,6.935
9.908,14.034,16.44,9.601,11.369
9.912,15.566,17.7,9.082,17.709
9.916,18.111,19.298,18.556,20.394
9.92,19.47,21.405,9.718,21.418
9.924,12.34,18.399,9.005,14.794
9.928,4.011,15.333,9.667,13.33
9.932,3.201,9.399,0.658,12.444
9.936,-2.678,6.314,-3.561,4.174
9.94,-12.34,6.408,-3.013,-4.669
9.944,-5.234,1.995,-4.261,0.191
9.948,-6.5,-2.021,-5.616,-0.394
9.952,-3.144,-3.036,0.293,-0.27
9.956,-8.906,-7.126,2.112,-4.832
9.96,-12.126,-8.963,2.189,-0.379
9.964,-9.288,-10.014,-2.288,-5.295
9.968,-11.962,-14.83,-9.495,-7.725
9.972,-16.712,-16.427,-15.51,-8.945
9.976,-20.541,-18.111,-23.012,-18.408
9.98,-26.156,-23.924,-16.156,-19.275
9.984,-23.588,-29.286,-19.776,-20.51
9.988,-21.797,-14.355,-20.032,-18.75
9.992,-12.453,-17.221,-20.235,-15.312
9.996,-7.299,-7.575,-11.397,-8.754
10.0,-0.834,2.182,-5.296,5.025
10.004,13.608,12.387,12.174,6.316
10.008,14.864,20.682,16.343,14.793
10.012,22.425,19.366,14.857,18.567
10.016,22.67,26.827,25.265,20.122
10.02,27.843,24.213,17.089,20.409
10.024,20.864,30.141,17.109,14.074
10.028,17.343,22.107,12.799,15.994
10.032,12.683,14.56,7.11,4.648
10.036,10.384,9.112,3.034,3.206
10.04,11.208,0.606,2.077,-2.351
10.044,9.193,8.254,0.732,2.737
10.048,6.698,7.576,3.087,-2.873
10.052,11.953,5.272,4.402,2.377
10.056,9.239,-5.875,2.717,0.749
10.06,3.982,-5.185,7.161,-0.68
10.064,-1.575,-3.476,-0.667,-0.351
10.068,-2.697,-3.813,-0.493,-9.222
10.072,-4.96,-13.834,-7.108,-7.388
10.076,-9.008,-14.4,-13.102,-17.125
10.08,-10.168,-23.483,-14.622,-17.673
10.084,-18.937,-20.468,-16.992,-20.484
10.088,-15.801,-20.233,-11.579,-16.401
10.092,-14.221,-11.796,-9.641,-16.989
10.096,-8.767,-11.017,1.183,-7.263
10.1,0.521,2.68,1.901,0.055
10.104,10.701,3.826,5.833,8.893
10.108,17.975,7.659,20.004,15.197
10.112,16.812,12.071,28.125,15.671
10.116,18.672,15.35,25.795,23.822
10.12,14.69,18.063,20.175,18.796
10.124,17.619,12.94,16.507,18.165
10.128,10.615,8.889,21.095,8.007
10.132,13.517,10.163,9.277,6.164
10.136,6.22,-5.712,3.665,6.935
10.14,2.228,-0.174,8.048,6.114
10.144,-0.037,-4.775,3.362,1.318
10.148,-2.389,-4.53,-1.786,-0.374
10.152,-1.38,-2.034,11.46,-3.077
10.156,1.148,-4.426,7.433,2.346
10.16,0.224,-6.375,0.423,-0.289
10.164,-2.687,-4.416,6.841,-10.759
10.168,-1.788,-11.195,-4.291,-12.607
10.172,-5.295,-9.108,-9.192,-10.739
10.176,-11.963,-15.251,-13.244,-18.47
10.18,-7.383,-21.854,-8.341,-22.087
10.184,-19.024,-12.755,-9.537,-20.216
10.188,-11.683,-14.994,-16.155,-17.223
10.192,-8.041,-5.195,-5.487,-9.69
10.196,-2.523,-4.783,-11.319,-10.037
10.2,4.65,4.621,5.681,1.307
10.204,14.242,12.803,14.421,4.505
10.208,19.822,17.571,20.971,12.495
10.212,23.337,26.487,20.553,18.819
10.216,21.913,30.621,23.131,19.461
10.22,19.574,17.62,17.701,14.87
10.224,20.035,24.533,16.256,17.513
10.228,14.898,15.592,10.893,14.013
10.232,10.449,6.088,5.891,14.486
10.236,6.263,11.148,6.037,4.365
10.24,1.74,7.524,0.837,1.73
10.244,0.682,5.183,4.402,0.955
10.248,-2.243,2.079,0.373,-4.202
10.252,4.254,1.659,6.945,-3.777
10.256,-3.718,-4.951,4.359,-0.293
10.26,-4.42,-5.176,-0.453,-8.099
10.264,-8.76,-7.503,-2.109,-7.092
10.268,-13.262,-9.807,-9.076,-8.901
10.272,-16.03,-18.144,-10.906,-8.763
10.276,-21.207,-22.73,-19.129,-15.195
10.28,-25.806,-24.666,-15.861,-23.522
10.284,-26.66,-28.404,-22.464,-20.024
10.288,-26.672,-20.362,-19.255,-16.502
10.292,-19.294,-22.447,-23.296,-11.838
10.296,-8.098,-10.333,-11.13,-4.448
10.3,-9.368,-3.551,-4.054,3.594
10.304,2.052,-0.669,7.221,9.294
10.308,7.52,6.328,12.171,15.442
10.312,13.864,13.267,17.566,18.95
10.316,15.875,17.525,17.001,22.431
10.32,13.805,23.395,17.851,16.605
10.324,10.467,17.056,11.826,15.36
10.328,5.534,16.166,1.74,9.691
10.332,0.625,14.954,0.876,8.709
10.336,-0.601,11.204,-2.77,2.923
10.34,-6.175,5.467,-14.754,4.249
10.344,-4.796,1.694,-8.729,0.202
10.348,0.597,4.262,0.914,3.081
10.352,-1.799,-0.133,-5.12,-6.224
10.356,0.791,6.216,-4.12,-2.205
10.36,1.666,1.487,-11.012,1.606
10.364,-5.522,-3.296,-10.752,-3.638
10.368,-7.905,-5.956,-8.962,-4.241
10.372,-13.717,-10.816,-16.412,-11.037
10.376,-19.413,-15.874,-22.903,-18.775
10.38,-22.888,-15.456,-19.11,-13.588
10.384,-18.57,-17.946,-26.432,-21.894
10.388,-19.031,-9.37,-26.86,-20.489
10.392,-10.121,-12.947,-18.699,-11.522
10.396,-6.685,-3.223,-14.869,-10.319
10.4,-4.598,0.003,-7.204,-3.88
10.404,7.272,7.018,2.742,5.281
10.408,9.773,10.001,7.427,16.441
10.412,18.134,20.644,8.554,24.671
10.416,14.194,19.492,16.686,19.918
10.42,11.088,23.63,16.388,16.796
10.424,8.412,18.915,9.743,19.677
10.428,3.966,14.112,7.95,9.943
10.432,-1.069,4.939,0.557,6.076
10.436,-4.284,6.673,-7.574,4.949
10.44,-2.726,-0.575,-1.168,4.632
10.444,-1.232,-5.483,-4.587,0.257
10.448,-10.84,-1.744,-3.083,-1.174
10.452,-2.823,-8.326,-2.659,7.073
10.456,-8.089,-12.503,-2.116,-2.058
10.46,-6.566,-4.594,-1.548,-2.888
10.464,-14.756,-13.174,-3.46,-4.864
10.468,-11.53,-20.326,-3.601,-5.755
10.472,-23.009,-21.694,-10.43,-13.191
10.476,-19.662,-24.075,-12.532,-13.521
10.48,-22.178,-20.186,-14.734,-19.124
10.484,-22.598,-28.247,-25.194,-20.861
10.488,-22.957,-24.474,-14.945,-19.938
10.492,-14.022,-12.322,-12.476,-14.056
10.496,-7.263,-9.51,-6.383,-6.243
10.5,-0.63,0.684,2.969,-0.105
10.504,10.452,6.688,7.054,8.282
10.508,15.384,21.325,16.243,11.655
10.512,22.338,16.589,15.602,16.104
10.516,22.794,24.104,16.123,19.889
10.52,23.6,28.128,20.85,19.327
10.524,22.328,20.787,15.853,16.116
10.528,15.8,16.545,11.736,10.018
10.532,9.401,17.394,4.999,7.627
10.536,10.622,14.504,5.117,3.776
10.54,11.177,6.086,0.696,0.845
10.544,7.553,10.616,1.432,-1.911
10.548,7.568,4.705,0.88,1.448
10.552,6.723,4.562,1.13,0.074
10.556,8.837,5.65,3.669,-2.296
10.56,4.739,0.895,7.414,-1.583
10.564,1.204,-4.919,0.425,-5.448
10.568,1.864,-11.185,-2.043,-7.399
10.572,-7.792,-5.542,-6.885,-7.505
10.576,-8.131,-20.042,-12.406,-15.529
10.58,-10.927,-19.425,-10.102,-18.364
10.584,-13.953,-19.559,-19.095,-15.631
10.588,-18.231,-17.737,-13.811,-17.439
10.592,-10.607,-8.975,-11.888,-12.68
10.596,-5.357,-9.255,-1.223,-7.151
10.6,0.916,-2.636,5.157,-1.154
10.604,10.029,9.406,15.971,8.929
10.608,17.969,10.461,21.024,19.087
10.612,18.281,17.808,23.202,14.29
10.616,20.585,17.8,26.562,18.532
10.62,19.306,19.715,25.509,16.409
10.624,20.467,16.946,16.838,13.749
10.628,12.04,10.141,17.337,15.46
10.632,4.824,1.962,11.307,6.934
10.636,0.27,-1.1,8.179,5.868
10.64,3.831,-4.405,3.255,-0.793
10.644,-0.395,-1.045,1.241,-1.889
10.648,4.101,-8.982,1.193,-3.163
10.652,-1.27,-3.245,-5.013,4.445
10.656,1.398,-3.409,3.552,2.28
10.66,-1.671,-2.919,12.276,-4.36
10.664,1.614,-6.471,5.121,-0.273
10.668,-0.973,-8.449,-0.192,-8.187
10.672,-5.822,-13.285,-2.985,-10.43
10.676,-13.844,-18.359,-11.349,-15.832
10.68,-15.426,-19.272,-15.335,-23.278
10.684,-13.081,-21.112,-16.544,-22.387
10.688,-16.921,-15.144,-16.719,-14.191
10.692,-8.109,-15.562,-12.565,-11.163
10.696,3.68,-0.786,-4.506,-10.649
10.7,6.203,0.934,3.132,0.624
10.704,9.797,11.968,14.307,6.94
10.708,18.677,19.039,19.526,17.407
10.712,22.62,26.159,15.865,17.638
10.716,32.23,19.779,20.549,17.599
10.72,29.425,23.524,16.536,21.179
10.724,23.093,23.739,8.356,19.54
10.728,15.075,23.529,11.648,12.97
10.732,14.642,13.75,8.288,9.125
10.736,3.189,7.814,2.847,0.114
10.74,6.537,12.047,1.503,-2.625
10.744,4.103,5.55,-1.682,-4.005
10.748,-0.137,5.087,-3.454,3.043
10.752,3.1,-4.594,-0.73,-1.052
10.756,-2.661,-1.579,4.784,2.433
10.76,-7.103,-9.216,0.931,-3.009
10.764,-3.655,-13.512,-7.195,-3.743
10.768,-11.296,-12.121,-6.166,-9.825
10.772,-14.299,-16.32,-7.565,-12.772
10.776,-15.438,-23.535,-13.897,-21.102
10.78,-26.595,-20.204,-15.992,-19.921
10.784,-26.24,-25.93,-25.898,-21.121
10.788,-19.803,-23.481,-19.945,-23.337
10.792,-18.493,-18.183,-17.497,-12.707
10.796,-16.362,-12.235,-8.544,-5.862
10.8,-9.608,0.028,-5.486,-1.986
10.804,-0.714,0.859,1.859,3.969
10.808,5.17,8.547,10.594,19.172
10.812,12.57,12.254,11.746,19.021
10.816,14.02,24.208,16.452,12.763
10.82,14.026,17.98,8.042,17.683
10.824,8.064,15.082,14.096,14.018
10.828,6.625,13.664,-2.487,9.613
10.832,-3.247,13.702,3.861,10.685
10.836,0.124,9.975,-4.396,4.458
10.84,1.205,3.763,-9.307,3.114
10.844,-7.289,2.612,-5.17,-0.368
10.848,-1.273,-1.601,-2.555,2.451
10.852,-3.928,2.34,-0.821,-1.01
10.856,0.521,4.619,-0.426,0.653
10.86,-2.267,-2.861,-7.053,0.254
10.864,-3.777,-2.014,-6.096,-5.568
10.868,-8.333,-9.24,-15.749,-13.698
10.872,-8.826,-14.638,-14.78,-16.869
10.876,-15.933,-12.729,-18.562,-9.037
10.88,-22.145,-9.909,-24.127,-17.015
10.884,-20.803,-15.587,-29.836,-17.809
10.888,-20.763,-16.422,-24.739,-13.988
10.892,-15.174,-11.917,-13.098,-17.356
10.896,-10.86,0.979,-11.251,-9.757
10.9,-4.435,3.272,-6.209,-3.314
10.904,5.349,7.1,2.448,14.654
10.908,10.856,15.172,10.511,10.987
10.912,17.675,20.055,8.907,22.015
10.916,14.408,22.497,10.518,17.927
10.92,8.303,24.916,11.582,19.224
10.924,9.708,21.503,8.961,19.784
10.928,1.321,14.262,11.472,12.647
10.932,2.698,9.046,1.875,7.013
10.936,-7.588,6.107,-3.394,10.505
10.94,-8.262,-0.413,-3.687,-4.293
10.944,-7.707,1.755,-10.364,-2.787
10.948,-2.218,-3.646,-6.248,-1.038
10.952,-9.832,-3.078,-4.585,3.242
10.956,-6.619,-1.09,-4.633,-1.556
10.96,-5.869,-6.827,1.729,1.695
10.964,-5.342,-10.8,-1.963,-8.867
10.968,-10.769,-16.645,-11.023,-3.963
10.972,-13.712,-19.04,-15.545,-9.109
10.976,-18.011,-25.32,-19.84,-19.197
10.98,-26.577,-22.019,-19.815,-19.072
10.984,-22.092,-29.661,-19.759,-20.712
10.988,-18.206,-17.552,-17.527,-16.902
10.992,-18.54,-13.068,-17.479,-10.497
10.996,-10.176,-7.866,-8.383,-9.633
11.0,-2.41,-1.599,-0.168,1.108
11.004,10.754,8.112,11.439,8.321
11.008,15.463,9.941,16.758,14.356
11.012,19.789,22.929,14.469,22.618
11.016,19.326,22.766,14.708,20.385
11.02,22.748,28.165,18.922,15.323
11.024,18.901,23.088,14.15,18.187
11.028,17.723,19.5,8.862,16.592
11.032,9.674,16.296,5.122,7.828
11.036,10.328,8.565,5.682,7.756
11.04,6.292,7.132,-2.536,-0.05
11.044,2.908,6.629,7.117,1.288
11.048,2.631,3.643,0.187,-4.798
11.052,3.318,1.306,5.434,-1.72
11.056,6.001,0.338,2.282,0.46
11.06,5.659,-1.279,-0.698,0.801
11.064,3.376,2.038,1.406,-2.39
11.068,-0.529,-10.146,-5.425,-3.567
11.072,-8.476,-15.7,-5.649,-16.376
11.076,-7.624,-18.133,-10.57,-11.564
11.08,-15.572,-15.875,-15.874,-21.109
11.084,-14.303,-16.37,-14.556,-23.589
11.088,-14.976,-13.562,-10.438,-15.141
11.092,-9.562,-15.176,-9.687,-17.318
11.096,-5.394,-7.473,-5.111,-3.344
11.1,3.585,-5.501,5.955,-6.546
11.104,9.579,3.689,13.748,5.317
11.108,18.103,7.524,17.965,16.612
11.112,17.201,16.6,27.078,20.269
11.116,15.79,17.332,23.43,12.001
11.12,17.109,17.63,27.466,16.977
11.124,20.182,12.231,17.612,10.826
11.128,12.348,13.903,17.569,12.205
11.132,8.804,0.273,9.756,7.562
11.136,1.83,3.166,7.516,2.956
11.14,2.939,0.796,-1.601,0.888
11.144,-1.182,-6.837,10.31,-3.259
11.148,-0.532,-0.771,5.247,-2.312
11.152,1.516,-3.285,8.262,3.31
11.156,4.35,-2.127,1.547,-1.515
11.16,3.977,0.511,5.473,-2.923
11.164,2.048,-7.01,2.115,-0.28
11.168,-7.684,-8.237,-4.32,-10.945
11.172,-6.857,-10.383,-2.013,-7.35
11.176,-11.177,-15.912,-10.13,-11.279
11.18,-17.785,-21.551,-14.322,-22.015
11.184,-13.736,-23.478,-13.799,-17.142
11.188,-12.609,-14.705,-17.075,-24.738
11.192,-5.851,-12.011,-10.12,-13.676
11.196,-0.627,-0.133,-4.188,-10.61
11.2,5.095,2.379,3.341,1.516
11.204,17.04,11.463,13.411,8.529
11.208,13.835,14.598,15.178,13.151
11.212,24.319,21.64,18.732,14.973
11.216,20.52,21.994,19.59,22.655
11.22,21.691,21.946,17.885,18.874
11.224,22.475,21.931,19.488,13.851
11.228,12.282,16.454,11.174,10.249
11.232,6.769,21.754,9.624,7.122
11.236,13.735,12.105,3.446,3.402
11.24,-0.77,9.22,-2.43,2.138
11.244,6.271,2.81,-5.199,2.913
11.248,-0.199,1.283,-4.727,3.033
11.252,-1.892,-2.254,-2.302,-0.57
11.256,0.381,4.731,3.737,1.23
11.26,0.702,-6.292,3.71,-1.81
11.264,-10.027,-11.408,-2.354,-0.059
11.268,-12.571,-16.128,-3.775,-7.806
11.272,-13.564,-17.269,-13.051,-11.426
11.276,-20.036,-17.826,-18.064,-16.05
11.28,-21.122,-21.239,-17.54,-17.585
11.284,-24.264,-27.092,-20.934,-18.009
11.288,-19.087,-25.014,-18.121,-14.097
11.292,-19.963,-14.336,-16.298,-10.347
11.296,-13.598,-5.202,-11.455,-7.455
11.3,-5.778,-4.239,-3.586,-0.129
11.304,0.443,7.604,5.38,6.909
11.308,9.93,6.412,11.323,17.005
11.312,12.569,13.297,11.715,18.988
11.316,16.149,15.528,15.308,27.289
11.32,16.022,20.19,9.598,18.777
11.324,11.872,16.851,9.521,20.538
11.328,8.343,15.241,3.106,16.38
11.332,-0.111,14.812,-7.991,11.919
11.336,-1.962,6.025,3.976,2.711
11.34,0.209,5.77,-7.275,0.955
11.344,1.256,-0.203,-8.504,-0.441
11.348,-8.545,6.256,-0.343,4.311
11.352,-3.798,5.213,-7.812,-1.241
11.356,-1.816,1.858,-8.158,-1.78
11.36,-5.38,-0.756,-5.093,0.873
11.364,-7.458,-5.449,-8.195,-7.683
11.368,-7.103,-11.681,-12.333,-5.104
11.372,-8.067,-10.434,-17.77,-15.213
11.376,-23.071,-12.501,-20.142,-17.208
11.38,-20.541,-10.894,-18.092,-15.502
11.384,-19.71,-18.397,-29.161,-21.571
11.388,-17.316,-14.37,-20.436,-17.333
11.392,-14.704,-7.526,-14.219,-10.355
11.396,-4.316,-1.315,-14.302,-11.001
11.4,-2.317,0.484,-3.626,0.519
11.404,8.687,8.56,2.559,9.525
11.408,8.749,13.784,4.2,9.721
11.412,14.657,16.704,17.212,15.139
11.416,12.015,25.504,15.116,24.751
11.42,16.948,20.568,12.227,15.53
11.424,10.438,17.452,5.93,14.924
11.428,7.274,14.411,7.653,5.742
11.432,0.511,9.331,2.12,5.051
11.436,-0.807,4.256,-0.026,6.028
11.44,-4.104,-0.873,-2.191,4.084
11.444,-9.604,3.511,-6.729,2.427
11.448,-9.66,-4.747,-13.796,-0.214
11.452,-6.697,-7.342,-2.67,-3.116
11.456,-4.677,-6.471,-2.103,1.195
11.46,-2.021,-2.013,-1.483,-2.533
11.464,-8.885,-13.956,0.61,-8.524
11.468,-10.08,-12.964,-7.538,-7.322
11.472,-21.832,-19.545,-9.667,-7.979
11.476,-14.565,-21.177,-14.93,-12.642
11.48,-21.133,-20.852,-23.41,-15.436
11.484,-23.32,-28.417,-24.23,-18.995
11.488,-21.246,-23.147,-15.314,-21.041
11.492,-18.993,-12.539,-17.074,-12.22
11.496,-10.9,-7.868,-6.74,-7.131
11.5,5.731,0.636,-3.072,-0.771
11.504,5.469,10.295,10.087,9.585
11.508,12.646,12.595,15.178,15.351
11.512,18.645,23.623,17.882,16.393
11.516,19.577,25.717,22.359,17.905
11.52,22.996,24.334,20.034,15.51
11.524,23.87,23.316,13.895,16.743
11.528,15.162,22.301,11.78,14.511
11.532,8.983,13.311,9.399,5.634
11.536,10.67,13.476,7.266,0.501
11.54,7.442,13.719,1.588,2.719
11.544,9.664,8.152,6.931,4.782
11.548,5.25,3.884,0.106,5.861
11.552,6.069,9.991,-1.134,4.656
11.556,6.171,1.877,0.056,-0.194
11.56,5.563,2.784,3.827,-3.91
11.564,1.389,-6.183,1.88,-1.876
11.568,-3.115,-5.967,-1.287,-7.62
11.572,-11.752,-15.307,-8.094,-12.387
11.576,-12.496,-16.705,-3.817,-10.271
11.58,-12.099,-22.2,-9.257,-14.812
11.584,-13.102,-15.386,-18.443,-17.993
11.588,-15.897,-20.073,-13.861,-18.542
11.592,-6.79,-18.683,-9.21,-13.958
11.596,-4.837,-9.113,-0.868,-12.217
11.6,-1.609,-0.74,0.183,3.138
11.604,4.644,4.669,7.281,11.476
11.608,19.316,8.429,15.163,11.687
11.612,18.538,18.292,27.47,16.368
11.616,17.457,20.994,22.365,22.829
11.62,13.251,12.008,25.427,17.995
11.624,15.788,12.138,21.342,19.38
11.628,14.026,10.872,14.479,9.443
11.632,6.434,5.901,12.898,6.473
11.636,1.831,5.499,3.028,5.255
11.64,1.094,6.634,3.063,0.237
11.644,5.616,-1.915,-2.846,-1.099
11.648,-2.084,2.806,4.589,-1.322
11.652,0.799,-7.17,2.834,2.194
11.656,6.647,-2.443,12.25,2.843
11.66,3.804,-7.272,5.134,0.27
11.664,0.848,-6.552,5.112,-5.792
11.668,-4.865,-16.425,0.811,-3.305
11.672,-6.746,-18.383,-6.101,-11.023
11.676,-12.2,-15.962,-7.592,-12.821
11.68,-15.767,-20.844,-14.06,-22.838
11.684,-17.024,-19.526,-14.247,-16.401
11.688,-9.506,-10.319,-7.437,-19.369
11.692,-7.567,-10.397,-10.027,-15.308
11.696,0.073,-1.28,-6.042,-6.369
11.7,7.198,1.526,0.815,-6.152
11.704,15.586,7.483,10.08,8.634
11.708,19.735,17.833,16.803,13.151
11.712,23.067,18.2,20.499,22.495
11.716,23.364,22.727,16.687,20.717
11.72,20.186,25.213,13.062,15.988
11.724,17.534,21.755,13.275,13.57
11.728,15.008,19.279,11.562,4.411
11.732,6.231,15.667,6.746,14.695
11.736,2.442,6.01,3.997,-3.813
11.74,6.434,3.14,1.281,-0.414
11.744,1.992,-3.394,-2.176,2.269
11.748,-1.038,-0.146,-3.433,4.293
11.752,6.497,1.245,1.934,5.522
11.756,-6.264,1.332,1.356,-0.344
11.76,-0.381,-5.394,-3.472,0.299
11.764,-6.923,-5.477,-0.759,-4.616
11.768,-8.685,-12.715,-3.685,-12.076
11.772,-15.777,-17.953,-9.018,-14.925
11.776,-26.517,-23.923,-13.288,-21.123
11.78,-24.142,-31.656,-22.104,-18.02
11.784,-24.803,-21.153,-18.877,-20.93
11.788,-31.088,-22.831,-20.795,-18.815
11.792,-14.667,-13.91,-10.317,-11.964
11.796,-13.329,-14.355,-7.646,-6.842
11.8,-4.727,3.482,-1.651,1.987
11.804,-2.626,3.238,9.607,13.019
11.808,9.457,8.733,9.085,11.598
11.812,15.126,15.184,16.163,12.632
11.816,14.545,19.068,22.38,18.163
11.82,13.16,18.744,16.599,18.348
11.824,7.906,15.842,11.023,17.28
11.828,6.189,9.116,5.059,13.962
11.832,1.384,8.742,-1.758,4.214
11.836,1.405,11.207,-3.522,0.062
11.84,-4.871,2.849,-7.415,5.302
11.844,-1.32,-1.34,-6.37,1.002
11.848,-5.241,-0.401,-5.542,0.95
11.852,-2.882,1.658,-1.33,0.903
11.856,-0.039,-1.506,-5.03,0.398
11.86,-4.854,-1.956,-6.267,-1.882
11.864,-3.039,-6.317,-4.048,-5.826
11.868,-6.868,-4.465,-8.325,-9.027
11.872,-13.624,-9.878,-15.748,-5.291
11.876,-13.49,-8.116,-17.773,-10.56
11.88,-19.796,-18.097,-23.788,-16.187
11.884,-17.793,-18.071,-24.969,-20.105
11.888,-14.276,-11.63,-18.296,-16.557
11.892,-16.385,-9.696,-19.234,-18.254
11.896,-7.666,-7.574,-13.641,-4.595
11.9,-4.317,4.02,-4.702,-0.721
11.904,1.653,10.588,-2.971,7.63
11.908,10.102,9.978,8.854,14.275
11.912,10.396,17.455,14.319,17.715
11.916,12.84,21.66,20.954,22.315
11.92,16.019,24.718,14.067,23.753
11.924,9.259,19.769,11.808,18.544
11.928,8.332,11.976,7.129,11.987
11.932,2.35,7.045,8.469,4.21
11.936,2.987,7.312,1.164,3.818
11.94,-3.723,-5.868,-8.21,0.977
11.944,-3.277,-3.608,-0.602,2.519
11.948,-5.644,1.192,-6.371,-2.043
11.952,-5.679,-3.66,-4.301,-2.555
11.956,-3.162,-8.506,-5.471,0.85
11.96,-5.603,-12.092,3.492,1.553
11.964,-9.164,-8.972,-0.384,-3.241
11.968,-12.486,-14.859,-3.7,-4.509
11.972,-15.379,-19.462,-8.637,-15.617
11.976,-22.618,-20.79,-13.989,-14.553
11.98,-25.091,-23.125,-20.214,-22.814
11.984,-18.895,-22.994,-19.741,-11.902
11.988,-15.159,-24.43,-20.324,-14.23
11.992,-18.458,-18.343,-16.99,-12.826
11.996,-10.443,-5.916,-9.769,-12.396
12.0,3.428,1.677,7.063,-4.125
12.004,10.037,9.307,6.701,13.271
12.008,17.7,13.504,17.438,10.508
12.012,23.442,22.753,25.007,19.753
12.016,22.449,22.146,22.702,25.374
12.02,23.94,27.524,16.891,19.286
12.024,21.36,19.671,13.852,12.388
12.028,14.418,17.23,12.101,6.463
12.032,14.048,14.639,14.162,8.557
12.036,13.507,14.034,8.214,0.388
12.04,6.607,8.38,3.585,1.215
12.044,7.114,6.343,0.959,-3.151
12.048,7.233,3.376,3.478,-1.914
12.052,5.995,3.84,4.104,-1.599
12.056,8.651,0.973,4.838,-0.829
12.06,3.256,-3.764,1.231,-3.43
12.064,6.564,-4.537,-0.839,-2.845
12.068,0.427,-8.718,-0.677,-4.416
12.072,-9.011,-6.618,-9.569,-12.87
12.076,-5.706,-19.508,-12.37,-15.191
12.08,-13.741,-22.898,-13.701,-21.774
12.084,-17.822,-20.252,-14.018,-24.606
12.088,-11.17,-22.388,-10.208,-17.047
12.092,-9.204,-18.578,-13.117,-11.342
12.096,-10.067,-13.709,-6.675,-13.325
12.1,0.827,-4.675,8.674,-0.274
12.104,10.438,2.499,17.453,8.881
12.108,9.182,7.019,15.688,14.849
12.112,19.912,14.429,20.422,16.482
12.116,21.574,10.119,25.966,20.046
12.12,16.479,18.427,23.148,21.747
12.124,17.787,13.099,19.745,13.394
12.128,12.834,10.121,12.676,16.454
12.132,4.954,9.255,12.574,3.245
12.136,7.749,5.037,5.999,6.393
12.14,5.256,-0.774,3.667,1.37
12.144,1.017,0.584,0.41,-1.499
12.148,1.499,2.723,6.67,-5.635
12.152,4.903,-5.802,4.127,3.68
12.156,2.412,-1.549,5.544,-2.848
12.16,-3.472,-8.827,8.528,-1.298
12.164,1.771,-4.458,-0.487,-2.286
12.168,-5.359,-13.29,-1.407,-0.271
12.172,-8.007,-16.777,-10.543,-12.856
12.176,-6.213,-13.94,-12.139,-15.82
12.18,-13.59,-16.789,-10.295,-17.726
12.184,-13.779,-20.594,-20.298,-19.554
12.188,-10.329,-15.446,-13.804,-20.536
12.192,-5.87,-12.94,-5.793,-9.525
12.196,-3.628,-8.762,-2.812,-8.967
12.2,6.562,4.372,1.188,1.404
12.204,14.372,10.437,6.994,6.934
12.208,21.315,15.237,10.663,12.163
12.212,25.38,26.585,25.009,21.397
12.216,33.572,22.087,20.17,20.692
12.22,20.9,24.932,14.446,12.415
12.224,23.84,25.329,13.118,16.866
12.228,19.654,17.507,8.152,9.908
12.232,12.519,11.664,5.071,2.642
12.236,4.638,10.49,9.798,6.569
12.24,8.301,7.333,2.961,-1.082
12.244,-5.257,5.772,0.775,0.833
12.248,-1.732,6.579,3.222,2.65
12.252,3.198,-2.338,5.872,-0.618
12.256,-2.43,-2.555,2.262,0.708
12.26,1.482,-9.774,4.131,-3.251
12.264,-11.124,-7.598,-4.555,-0.388
12.268,-14.377,-13.315,-9.144,-7.954
12.272,-17.699,-18.811,-14.481,-10.177
12.276,-19.648,-23.943,-15.299,-11.457
12.28,-25.094,-25.545,-27.742,-24.523
12.284,-27.281,-24.114,-17.459,-21.959
12.288,-20.251,-25.57,-21.803,-18.771
12.292,-15.958,-18.996,-13.973,-13.598
12.296,-15.506,-11.456,-14.504,-5.738
12.3,-11.872,-8.423,0.395,3.662
12.304,-5.602,0.83,8.607,5.348
12.308,8.103,8.83,10.912,13.376
12.312,13.826,20.533,16.094,21.618
12.316,13.973,16.065,12.595,20.918
12.32,12.976,18.786,14.296,13.866
12.324,8.173,14.266,13.485,10.623
12.328,8.802,12.197,4.959,10.322
12.332,7.954,6.832,5.726,9.064
12.336,-6.961,9.995,-8.003,5.299
12.34,-2.554,1.511,-5.944,-1.471
12.344,-5.925,6.532,-11.443,2.036
12.348,-7.195,4.169,-4.263,0.646
12.352,-5.485,1.698,-4.935,-3.134
12.356,-0.748,3.592,-4.331,-1.85
12.36,-1.528,8.194,-2.257,-7.042
12.364,-0.61,-2.489,-7.561,-7.272
12.368,-8.501,-10.854,-1.995,-13.06
12.372,-18.086,-6.884,-12.592,-16.43
12.376,-17.69,-14.211,-19.486,-10.935
12.38,-24.188,-10.618,-25.026,-20.168
12.384,-24.72,-18.735,-27.061,-25.225
12.388,-17.915,-11.334,-21.646,-16.996
12.392,-15.078,-10.869,-20.4,-13.111
12.396,-7.838,3.221,-9.451,-7.006
12.4,-3.477,1.506,-5.002,-2.62
12.404,7.123,18.403,2.688,9.453
12.408,9.448,16.679,9.702,10.688
12.412,17.833,21.95,13.099,20.633
12.416,16.687,26.19,15.841,22.557
12.42,13.624,18.016,19.999,18.775
12.424,11.436,20.582,12.117,11.58
12.428,6.147,12.789,7.36,14.197
12.432,6.24,9.623,4.024,5.658
12.436,-1.83,5.168,-2.169,4.522
12.44,-5.301,3.129,-6.748,3.281
12.444,-7.335,0.406,-13.347,-2.383
12.448,-4.32,-4.762,-9.689,6.328
12.452,-4.49,-4.176,-0.096,-0.022
12.456,-7.477,-13.233,-0.465,-2.058
12.46,-11.076,-5.515,-2.419,1.79
12.464,-12.5,-6.41,3.143,0.95
12.468,-13.655,-14.521,-7.494,-13.609
12.472,-12.946,-23.624,-18.83,-15.933
12.476,-21.354,-19.683,-13.81,-18.3
12.48,-24.732,-25.91,-15.772,-12.628
12.484,-28.453,-22.711,-18.199,-21.341
12.488,-16.211,-18.401,-15.248,-13.69
12.492,-13.964,-13.624,-19.718,-13.321
12.496,-6.048,-4.918,-7.564,-11.935
12.5,2.885,0.439,-2.49,2.642
12.504,7.942,8.681,9.417,8.535
12.508,15.925,17.474,18.997,11.394
12.512,25.218,20.244,17.671,16.27
12.516,23.71,21.194,22.314,16.755
12.52,24.712,24.975,16.626,17.094
12.524,23.215,18.525,16.009,17.948
12.528,18.922,18.563,10.202,9.078
12.532,12.718,10.96,12.795,7.661
12.536,9.692,9.827,0.704,4.641
12.54,9.942,6.945,2.239,1.045
12.544,8.984,3.277,5.679,-4.802
12.548,10.118,7.853,-3.495,2.137
12.552,8.503,6.09,4.83,-3.387
12.556,8.41,5.127,4.623,-1.771
12.56,3.958,-1.975,1.813,-2.589
12.564,0.823,-6.219,5.492,-3.795
12.568,0.89,-6.759,3.484,-7.12
12.572,-7.923,-13.282,-4.116,-9.732
12.576,-10.862,-17.304,-11.385,-16.908
12.58,-10.108,-28.011,-18.131,-22.618
12.584,-11.991,-18.82,-14.47,-16.642
12.588,-13.578,-17.537,-14.016,-19.456
12.592,-11.577,-15.375,-9.636,-14.536
12.596,-5.121,-6.95,-4.416,-10.587
12.6,5.007,-0.546,3.001,-2.597
12.604,9.491,2.659,12.511,11.912
12.608,13.986,10.21,15.126,9.856
12.612,23.304,12.157,26.067,14.571
12.616,21.644,21.604,22.039,18.517
12.62,18.297,19.883,23.338,19.923
12.624,18.412,12.328,18.603,13.071
12.628,15.725,13.207,16.968,7.055
12.632,5.504,8.33,12.202,3.747
12.636,4.389,1.864,8.231,2.452
12.64,2.002,1.489,0.971,-1.794
12.644,3.244,1.803,3.226,6.715
12.648,3.991,0.896,9.103,5.837
12.652,1.069,4.231,4.186,3.606
12.656,-1.464,-3.528,8.828,1.084
12.66,5.416,-6.201,4.928,-0.073
12.664,-3.049,-6.298,1.724,0.267
12.668,-2.106,-11.704,-0.587,-7.016
12.672,-7.233,-16.281,-8.365,-14.26
12.676,-10.099,-20.165,-7.869,-9.603
12.68,-8.235,-29.237,-16.721,-17.242
12.684,-4.669,-16.353,-14.012,-15.544
12.688,-16.758,-20.742,-11.275,-12.816
12.692,-4.434,-13.449,-9.327,-19.298
12.696,-1.339,-3.107,-6.165,-10.176
12.7,9.887,2.84,3.496,-0.61
12.704,17.135,17.954,8.126,9.087
12.708,24.728,13.547,15.818,16.731
12.712,25.367,29.387,18.752,18.063
12.716,23.141,28.965,19.149,23.782
12.72,27.211,27.227,21.744,20.796
12.724,21.254,26.407,19.133,17.764
12.728,15.403,19.489,14.546,10.959
12.732,9.612,8.757,7.282,8.356
12.736,9.608,11.142,7.04,4.626
12.74,8.118,1.524,-1.838,4.097
12.744,-2.267,1.557,3.178,-3.906
12.748,2.183,0.731,2.358,1.997
12.752,-1.435,-3.699,0.49,-4.83
12.756,-5.721,-0.304,1.347,-2.605
12.76,-2.864,-6.607,2.916,0.615
12.764,-9.088,-8.369,-0.647,-6.214
12.768,-15.774,-13.895,-5.772,-7.326
12.772,-18.449,-17.897,-12.737,-14.553
12.776,-23.983,-24.75,-18.954,-14.175
12.78,-26.368,-28.022,-19.527,-18.826
12.784,-29.787,-25.284,-24.866,-19.978
12.788,-25.698,-25.569,-18.125,-14.953
12.792,-22.638,-13.894,-21.775,-12.73
12.796,-13.136,-15.636,-9.408,-6.103
12.8,-4.963,3.207,-3.769,3.327
12.804,1.651,4.89,3.14,11.22
12.808,6.679,11.018,9.774,11.13
12.812,11.071,14.207,5.864,20.463
12.816,11.273,20.528,14.348,21.204
12.82,10.75,18.341,11.556,22.904
12.824,12.697,18.289,8.003,12.113
12.828,1.558,17.052,15.231,9.717
12.832,2.678,13.163,-3.02,6.817
12.836,-1.281,11.704,-1.465,7.908
12.84,-0.524,7.102,-7.345,0.348
12.844,-7.289,0.957,-8.416,-0.079
12.848,-2.686,-3.474,-9.252,-2.162
12.852,-1.066,2.557,-0.911,2.462
12.856,-7.601,1.448,-0.191,1.984
12.86,-5.965,4.662,-6.338,-2.84
12.864,-5.266,-4.269,-3.974,-6.834
12.868,-6.985,-6.371,-13.523,-5.092
12.872,-12.264,-9.019,-16.221,-10.263
12.876,-15.294,-13.229,-17.539,-17.964
12.88,-23.267,-14.42,-26.006,-16.885
12.884,-25.866,-19.671,-26.547,-17.985
12.888,-19.403,-18.109,-22.884,-14.562
12.892,-19.349,-11.711,-18.708,-11.44
12.896,-12.197,-11.271,-15.659,-8.601
12.9,0.393,2.232,1.944,-2.286
12.904,5.318,7.419,0.394,13.63
12.908,8.984,16.326,12.216,12.439
12.912,12.389,18.614,15.342,12.749
12.916,17.516,18.043,12.594,16.279
12.92,14.881,24.312,15.18,12.886
12.924,7.156,17.922,7.973,19.637
12.928,0.357,16.256,6.302,17.254
12.932,7.097,9.721,4.136,8.158
12.936,-6.234,6.311,-3.518,-1.112
12.94,-3.713,-2.672,-2.622,4.813
12.944,-2.088,2.649,-6.018,1.443
12.948,-6.407,-0.4,-3.009,3.583
12.952,-8.415,-4.607,-2.021,1.88
12.956,-10.934,-5.366,-2.671,-4.2
12.96,-11.929,-5.478,-7.469,0.776
12.964,-8.664,-12.608,-1.601,-8.364
12.968,-8.75,-19.842,-1.42,-9.724
12.972,-18.18,-19.866,-11.326,-8.69
12.976,-22.271,-21.455,-17.901,-13.021
12.98,-20.857,-23.716,-18.631,-21.8
12.984,-25.229,-19.305,-16.921,-23.323
12.988,-19.929,-23.337,-14.937,-18.173
12.992,-15.545,-17.763,-11.701,-7.971
12.996,-9.665,-11.335,-6.512,-5.902
13.0,-0.047,1.286,2.026,7.058
13.004,13.726,3.582,8.203,7.091
13.008,17.485,17.495,11.567,16.631
13.012,24.03,17.659,17.639,17.305
13.016,20.415,20.939,19.391,17.503
13.02,26.238,28.93,20.133,16.114
13.024,22.52,25.61,10.77,17.034
13.028,12.494,19.164,13.278,15.674
13.032,14.722,11.16,1.353,6.428
13.036,8.254,17.535,5.177,7.963
13.04,2.972,7.897,5.484,6.701
13.044,7.045,6.972,4.256,2.649
13.048,8.23,7.287,-0.347,0.871
13.052,7.304,-2.853,5.407,-1.902
13.056,6.292,-0.735,6.403,3.863
13.06,4.305,-1.616,8.974,-4.631
13.064,9.966,-4.526,2.941,-1.878
13.068,-4.999,-13.081,1.415,-11.276
13.072,-3.582,-12.689,-7.401,-14.962
13.076,-10.753,-17.574,-13.051,-16.157
13.08,-16.809,-15.378,-11.197,-16.856
13.084,-15.798,-18.088,-12.376,-16.889
13.088,-18.662,-20.217,-15.461,-18.24
13.092,-12.475,-15.947,-12.993,-15.234
13.096,-4.892,-6.354,-2.555,-9.955
13.1,-2.249,-1.5,4.887,2.1
13.104,11.12,0.636,13.125,9.569
13.108,12.77,17.15,21.478,14.513
13.112,15.302,12.21,26.044,19.157
13.116,17.858,24.654,24.353,24.708
13.12,26.557,18.236,20.016,22.018
13.124,11.041,12.863,17.399,11.727
13.128,14.12,4.25,13.228,14.452
13.132,6.273,9.824,10.055,11.552
13.136,3.94,-0.729,5.166,1.241
13.14,4.554,2.188,3.743,4.053
13.144,3.551,5.029,4.025,9.063
13.148,0.053,-5.337,2.367,1.338
13.152,-1.35,-0.551,6.177,-0.598
13.156,4.881,-6.245,11.163,-0.348
13.16,3.978,-2.089,4.458,-0.815
13.164,-0.544,-7.787,0.609,-8.431
13.168,-1.594,-11.212,-0.227,-12.279
13.172,-8.175,-10.904,-8.254,-10.978
13.176,-13.068,-15.512,-11.01,-16.119
13.18,-13.177,-21.368,-16.195,-16.979
13.184,-12.227,-13.196,-18.883,-20.751
13.188,-10.93,-20.435,-17.147,-18.005
13.192,-5.858,-9.983,-12.586,-11.129
13.196,-3.152,-6.453,-7.583,-14.412
13.2,11.489,-0.657,6.775,-2.749
13.204,13.236,8.104,11.623,6.014
13.208,20.142,17.927,19.277,13.505
13.212,20.556,23.72,16.247,14.001
13.216,25.228,28.0,20.551,17.178
13.22,26.025,28.928,21.11,21.066
13.224,23.188,22.922,21.139,17.368
13.228,20.79,16.946,9.128,3.411
13.232,12.601,16.983,2.697,6.733
13.236,7.42,7.753,3.205,3.273
13.24,1.969,1.179,-1.829,-1.531
13.244,-0.666,5.959,4.44,-0.381
13.248,3.228,4.937,1.255,1.068
13.252,2.536,-3.431,-0.486,2.255
13.256,-4.55,2.74,-0.171,0.258
13.26,-1.138,-4.217,-0.572,0.732
13.264,-4.638,-8.295,-8.107,-3.667
13.268,-14.382,-15.416,-6.43,-14.263
13.272,-14.483,-15.223,-12.847,-12.191
13.276,-24.049,-26.662,-14.283,-19.66
13.28,-31.716,-25.52,-22.545,-18.628
13.284,-26.29,-27.022,-19.385,-20.564
13.288,-23.739,-26.598,-18.693,-18.941
13.292,-20.844,-15.486,-15.973,-16.494
13.296,-5.662,-10.483,-6.568,-8.781
13.3,-5.607,-1.39,-8.593,0.921
13.304,1.312,3.149,5.79,4.844
13.308,8.674,13.765,10.469,12.117
13.312,10.534,16.059,14.289,12.995
13.316,16.573,17.141,12.728,20.741
13.32,14.272,17.037,9.9,15.14
13.324,11.532,11.439,13.245,16.057
13.328,4.965,18.019,8.233,13.908
13.332,-1.773,14.307,6.543,11.222
13.336,-1.815,16.766,3.235,2.735
13.34,-1.473,4.484,-9.603,3.082
13.344,-4.348,1.81,-6.144,0.023
13.348,-1.849,-2.339,-4.459,-5.727
13.352,-2.792,4.804,-1.41,-4.349
13.356,-0.595,2.961,0.477,2.496
13.36,-5.673,3.539,-7.565,2.264
13.364,-4.412,-6.672,-8.333,-10.056
13.368,-10.45,-5.345,-6.303,-6.407
13.372,-17.426,-12.917,-20.037,-10.982
13.376,-17.471,-10.738,-22.805,-18.381
13.38,-15.42,-15.343,-21.689,-21.345
13.384,-25.475,-21.884,-18.166,-23.073
13.388,-19.299,-15.574,-27.989,-24.016
13.392,-13.268,-16.713,-18.641,-17.143
13.396,-2.701,-8.239,-10.76,-5.495
13.4,-3.883,-0.957,-0.346,-1.052
13.404,2.855,7.475,4.265,9.786
13.408,7.188,14.571,3.833,7.977
13.412,17.905,19.903,9.697,19.571
13.416,13.051,21.433,19.126,22.236
13.42,13.133,20.308,15.111,11.128
13.424,5.253,18.672,7.117,14.392
13.428,8.852,9.918,7.57,12.821
13.432,4.926,9.39,2.585,11.317
13.436,-0.029,9.222,-9.327,-0.438
13.44,-10.112,0.914,-10.155,5.37
13.444,-4.798,0.299,-3.357,1.361
13.448,-11.867,-1.831,2.57,-3.118
13.452,-6.439,-1.964,-1.549,3.088
13.456,-6.041,-5.368,-8.92,6.863
13.46,-6.679,-5.949,-6.812,-2.215
13.464,-8.19,-9.97,-2.066,-4.953
13.468,-13.127,-13.121,-5.187,-10.264
13.472,-22.881,-17.48,-12.327,-6.274
13.476,-18.998,-24.932,-17.513,-18.162
13.48,-22.657,-27.131,-16.874,-21.875
13.484,-25.879,-24.318,-17.045,-21.776
13.488,-25.46,-15.803,-16.693,-20.089
13.492,-11.051,-15.778,-17.297,-15.716
13.496,-4.743,-7.232,-5.15,-9.951
13.5,2.118,-5.902,-1.059,-2.148
13.504,6.408,8.742,6.043,8.014
13.508,8.12,15.521,12.514,18.03
13.512,23.046,12.438,18.838,15.277
13.516,24.271,24.131,22.07,15.995
13.52,21.826,18.666,13.193,19.947
13.524,23.978,19.736,13.869,17.572
13.528,19.537,21.789,10.362,16.412
13.532,13.631,15.565,10.501,11.635
13.536,9.899,10.146,1.343,-1.056
13.54,7.762,6.883,0.982,-4.785
13.544,8.696,4.976,4.0,1.742
13.548,4.041,5.034,2.459,1.506
13.552,8.127,-0.566,8.135,4.555
13.556,3.858,4.558,3.839,1.132
13.56,9.306,-4.854,9.506,-2.897
13.564,4.163,-10.1,8.032,-0.581
13.568,-3.516,-6.197,-0.289,-10.542
13.572,-5.959,-14.978,-4.835,-5.769
13.576,-13.361,-17.463,-8.818,-15.156
13.58,-9.733,-18.416,-11.34,-21.18
13.584,-10.785,-23.248,-14.639,-22.563
13.588,-12.395,-18.998,-10.049,-17.667
13.592,-6.019,-13.414,-7.856,-14.22
13.596,-4.296,-4.468,1.233,-7.995
13.6,4.695,-3.884,0.397,-3.931
13.604,13.275,3.36,13.072,7.099
13.608,15.644,12.559,21.866,16.461
13.612,19.87,15.806,19.533,15.988
13.616,23.901,16.806,25.621,20.672
13.62,21.969,21.73,24.828,22.325
13.624,14.709,9.722,24.76,17.863
13.628,6.251,7.085,13.999,8.159
13.632,8.001,2.481,11.049,8.372
13.636,-1.3,7.527,5.043,8.094
13.64,-0.231,2.66,4.055,2.7
13.644,-0.736,-4.884,8.662,3.586
13.648,0.389,-2.293,4.209,2.831
13.652,5.185,-2.848,3.084,-3.305
13.656,6.127,-10.438,5.132,5.295
13.66,3.847,-4.923,3.402,2.553
13.664,2.208,-11.517,1.33,-4.549
13.668,-0.951,-9.035,-2.764,-3.521
13.672,-14.328,-17.967,-7.368,-12.173
13.676,-10.556,-16.731,-14.129,-16.241
13.68,-18.578,-15.07,-13.952,-21.65
13.684,-12.257,-15.633,-18.609,-23.008
13.688,-18.137,-14.306,-11.087,-17.805
13.692,-7.927,-11.054,-11.54,-14.741
13.696,0.773,-8.485,-3.233,-12.046
13.7,3.39,2.487,4.171,1.05
13.704,17.148,10.828,4.82,9.116
13.708,22.019,17.181,15.652,14.878
13.712,25.655,18.07,25.477,19.123
13.716,27.904,26.126,19.105,21.127
13.72,23.35,20.957,26.667,19.468
13.724,21.356,26.727,17.814,17.021
13.728,16.134,18.719,12.937,13.306
13.732,11.003,16.804,7.274,5.652
13.736,4.573,12.473,5.771,-0.099
13.74,-0.42,12.2,3.497,2.166
13.744,0.309,3.688,-0.733,0.5
13.748,-0.858,-0.204,-1.662,1.25
13.752,-2.528,-2.078,-3.904,3.524
13.756,1.237,1.346,3.119,-0.149
13.76,-6.824,-9.927,0.005,-1.608
13.764,-7.104,-12.231,-5.164,-2.294
13.768,-7.541,-13.155,-8.297,-10.47
13.772,-13.377,-18.734,-11.591,-11.664
13.776,-17.251,-19.186,-19.125,-16.28
13.78,-26.2,-28.516,-19.707,-16.339
13.784,-23.457,-25.024,-26.293,-21.279
13.788,-27.701,-23.232,-21.919,-17.98
13.792,-21.326,-21.292,-19.938,-14.448
13.796,-14.808,-8.87,-9.728,-15.047
13.8,-8.471,-4.08,-5.872,-1.584
13.804,-0.215,3.582,2.781,7.559
13.808,5.905,8.336,17.383,11.307
13.812,8.911,14.718,17.106,17.886
13.816,16.353,15.492,17.475,23.92
13.82,12.641,21.545,18.052,21.858
13.824,11.191,20.486,12.106,10.375
13.828,7.329,19.567,1.655,14.068
13.832,3.084,12.457,-2.802,9.094
13.836,-0.032,6.966,-10.783,3.42
13.84,-3.237,4.081,-4.353,-5.826
13.844,1.241,5.283,-8.86,2.394
13.848,-0.442,3.368,-6.923,-1.397
13.852,-2.04,1.401,-5.256,0.742
13.856,-3.228,-0.014,-5.629,-2.949
13.86,-3.099,2.398,-4.581,-3.435
13.864,-3.738,-5.217,-7.559,-0.891
13.868,-4.028,-3.454,-11.563,-2.54
13.872,-16.93,-10.804,-19.662,-13.07
13.876,-14.996,-15.873,-18.851,-11.434
13.88,-16.649,-19.308,-16.474,-20.255
13.884,-25.56,-17.68,-23.5,-21.226
13.888,-20.2,-13.67,-16.15,-22.506
13.892,-18.855,-12.0,-20.525,-12.489
13.896,-8.309,-2.198,-13.182,-8.171
13.9,-3.479,1.07,-4.815,-0.417
13.904,4.361,9.024,2.416,6.446
13.908,9.455,11.499,12.852,11.006
13.912,16.644,21.088,6.982,20.129
13.916,16.34,20.288,13.646,19.719
13.92,14.938,25.116,18.78,21.392
13.924,11.281,19.789,9.005,13.141
13.928,7.918,13.921,8.876,12.507
13.932,0.666,12.846,3.476,13.819
13.936,2.536,6.134,-2.062,1.566
13.94,-9.001,4.436,-2.907,-0.245
13.944,-11.798,-3.772,-4.546,-1.444
13.948,-12.276,-1.652,-9.915,-3.237
13.952,-12.852,-3.043,-0.96,5.082
13.956,-4.636,-10.864,-3.42,-6.956
13.96,-5.955,-3.966,-6.105,-4.876
13.964,-6.171,-14.973,-2.782,-2.295
13.968,-16.272,-18.99,-6.429,-9.599
13.972,-14.757,-27.352,-8.8,-11.881
13.976,-20.433,-20.49,-16.845,-16.059
13.98,-22.45,-28.548,-16.679,-17.477
13.984,-21.294,-24.809,-20.296,-19.658
13.988,-23.021,-17.944,-17.739,-19.419
13.992,-7.909,-14.687,-13.152,-13.593
13.996,-4.441,-10.032,-11.84,-8.12
14.0,-1.595,-4.772,1.131,5.083
14.004,5.164,7.838,8.16,5.857
14.008,15.407,17.829,13.622,15.647
14.012,21.299,22.56,19.118,20.993
14.016,26.368,28.618,28.008,15.939
14.02,19.444,21.659,13.497,15.63
14.024,21.46,17.961,15.667,21.765
14.028,12.406,19.736,14.18,9.758
14.032,14.412,15.727,3.653,7.445
14.036,9.472,11.477,5.057,3.178
14.04,13.419,6.246,2.882,1.094
14.044,2.018,-1.73,-3.196,-1.071
14.048,10.725,1.531,0.587,0.254
14.052,1.738,4.707,8.886,-2.329
14.056,2.638,2.037,-0.482,-0.717
14.06,0.265,1.484,2.54,-7.122
14.064,3.317,-3.883,1.348,-4.048
14.068,-4.973,-6.962,-1.651,-6.404
14.072,-10.245,-11.373,-7.329,-8.911
14.076,-10.191,-17.613,-10.248,-12.53
14.08,-12.89,-20.297,-13.897,-20.1
14.084,-15.534,-29.816,-12.879,-17.382
14.088,-14.97,-21.379,-11.021,-21.706
14.092,-5.202,-17.199,-8.039,-15.533
14.096,-4.314,-9.724,-2.215,-2.722
14.1,4.821,-5.142,0.065,0.547
14.104,10.029,7.562,12.771,8.283
14.108,12.367,8.224,22.162,13.446
14.112,21.306,18.487,18.125,23.859
14.116,19.132,14.333,20.377,21.496
14.12,19.756,15.14,27.478,23.423
14.124,17.892,12.73,15.082,14.198
14.128,6.987,9.862,14.71,8.873
14.132,3.699,11.03,8.76,5.113
14.136,7.719,2.94,11.005,5.587
14.14,0.751,0.211,5.386,6.151
14.144,0.038,-2.997,6.178,2.295
14.148,2.594,-2.703,4.463,2.522
14.152,1.567,-2.116,11.197,0.628
14.156,4.267,-4.456,3.448,-3.865
14.16,2.168,-5.939,5.989,4.862
14.164,0.906,-4.936,6.425,-1.706
14.168,-5.025,-10.334,3.304,-5.838
14.172,-6.257,-17.979,-6.672,-9.168
14.176,-7.271,-17.644,-16.644,-21.115
14.18,-14.892,-20.569,-15.312,-20.471
14.184,-11.038,-16.994,-10.443,-18.038
14.188,-12.013,-15.519,-16.801,-18.687
14.192,-5.182,-7.419,-9.73,-14.211
14.196,-0.484,-6.204,-5.38,-3.74
14.2,6.643,3.227,2.722,0.352
14.204,15.312,8.314,14.265,14.719
14.208,24.14,17.95,17.215,13.859
14.212,25.22,18.061,26.448,20.667
14.216,27.245,25.787,24.362,21.356
14.22,23.323,24.334,20.246,17.245
14.224,25.613,22.555,15.899,12.88
14.228,18.025,20.64,12.381,11.901
14.232,11.274,14.541,2.856,13.17
14.236,6.221,5.767,-0.54,2.519
14.24,6.241,4.298,2.464,2.765
14.244,-0.499,2.902,2.081,-0.726
14.248,-5.031,-0.019,-4.34,0.555
14.252,-0.1,-1.584,2.949,3.536
14.256,2.251,1.722,0.151,0.299
14.26,1.466,-5.665,-2.686,-3.054
14.264,-6.911,-8.45,-3.577,1.119
14.268,-10.91,-19.893,-3.891,-9.223
14.272,-14.546,-16.037,-9.56,-9.759
14.276,-21.693,-13.533,-15.289,-20.445
14.28,-22.879,-20.463,-18.717,-15.114
14.284,-26.066,-26.143,-24.856,-12.09
14.288,-21.478,-15.828,-18.681,-18.333
14.292,-18.33,-17.992,-17.824,-17.059
14.296,-11.832,-10.587,-4.265,-5.282
14.3,-7.359,-4.607,-4.079,0.273
14.304,6.648,3.104,11.137,14.009
14.308,8.837,4.066,10.12,12.183
14.312,12.6,18.19,14.226,14.242
14.316,11.501,17.666,14.79,20.815
14.32,12.897,18.39,10.385,20.718
14.324,10.93,18.208,14.547,13.666
14.328,4.474,13.283,6.16,14.671
14.332,2.043,11.946,3.028,7.576
14.336,-0.808,11.593,2.192,2.887
14.34,-2.153,6.703,-5.352,2.842
14.344,-8.303,3.35,-5.958,-0.817
14.348,-3.13,2.395,-4.777,-2.315
14.352,-3.227,2.526,-8.145,-4.732
14.356,-1.949,-1.725,-9.29,-1.897
14.36,0.363,-0.492,-8.988,6.275
14.364,1.166,-1.868,-2.986,-3.592
14.368,-6.492,-7.232,-11.393,-10.46
14.372,-16.515,-12.623,-12.665,-7.989
14.376,-18.012,-15.631,-20.351,-16.114
14.38,-18.241,-14.995,-27.735,-18.092
14.384,-19.65,-20.517,-21.731,-19.081
14.388,-16.695,-17.629,-25.624,-13.796
14.392,-15.953,-15.69,-17.08,-17.967
14.396,-10.691,-4.647,-9.653,-3.206
14.4,2.853,4.937,-4.888,2.236
14.404,4.927,13.392,4.347,7.816
14.408,7.638,20.005,5.088,11.419
14.412,18.909,17.338,22.33,17.512
14.416,11.165,21.839,16.33,20.031
14.42,3.76,19.173,16.134,24.394
14.424,13.108,22.618,13.297,20.278
14.428,8.932,17.578,5.672,10.626
14.432,2.694,9.674,1.897,13.436
14.436,-6.474,3.06,1.411,6.552
14.44,-5.473,-8.933,-4.96,2.622
14.444,-7.454,-5.486,-3.116,-0.798
14.448,-8.461,-8.593,-2.133,-1.841
14.452,-2.377,-8.89,-4.543,1.737
14.456,-9.796,-0.593,-0.24,1.106
14.46,-6.661,-12.371,-7.058,-2.38
14.464,-6.212,-14.675,-1.189,-0.357
14.468,-11.958,-17.854,-2.682,-6.918
14.472,-13.27,-11.01,-9.027,-10.535
14.476,-18.912,-22.099,-11.57,-12.755
14.48,-21.662,-20.636,-21.542,-16.488
14.484,-22.071,-22.732,-21.034,-24.763
14.488,-18.912,-26.411,-18.399,-15.967
14.492,-16.828,-10.666,-14.049,-13.897
14.496,-12.342,-6.957,-9.16,-8.926
14.5,2.862,-0.365,-2.739,0.156
14.504,11.922,13.441,13.029,6.666
14.508,16.427,14.224,11.936,14.361
14.512,19.107,20.024,23.744,18.19
14.516,18.498,22.223,21.845,21.967
14.52,23.207,26.848,19.864,14.373
14.524,16.557,24.353,17.69,16.524
14.528,12.526,19.642,16.315,11.703
14.532,13.04,11.938,-0.482,14.163
14.536,7.503,10.381,5.021,-2.172
14.54,8.645,5.329,2.422,3.974
14.544,6.178,9.711,2.129,1.346
14.548,4.793,-0.173,5.161,2.189
14.552,1.735,7.819,1.705,-1.232
14.556,4.061,5.048,0.837,0.913
14.56,2.848,-4.167,-0.296,-0.772
14.564,-1.11,-6.168,-0.878,6.909
14.568,-2.439,-11.307,0.399,-8.336
14.572,-9.642,-12.377,-4.575,-14.145
14.576,-11.291,-13.437,-7.845,-9.97
14.58,-13.524,-16.823,-15.17,-17.936
14.584,-18.132,-22.388,-16.256,-18.362
14.588,-13.207,-15.645,-8.594,-14.872
14.592,-14.773,-11.844,-6.298,-13.751
14.596,-8.088,-9.964,-0.669,-8.842
14.6,2.064,-2.38,-0.719,0.397
14.604,11.662,9.374,18.297,5.062
14.608,18.263,14.044,18.544,9.624
14.612,24.494,18.854,23.476,15.723
14.616,19.97,24.973,25.672,12.818
14.62,19.647,18.593,23.495,17.875
14.624,13.877,15.746,19.06,14.473
14.628,9.05,15.425,15.453,13.6
14.632,9.213,13.458,12.325,7.796
14.636,2.663,2.087,9.257,3.282
14.64,6.44,0.51,8.137,4.741
14.644,-2.501,-3.828,0.511,-1.206
14.648,3.554,-0.896,2.658,-3.439
14.652,-0.293,-0.097,7.77,-7.473
14.656,0.553,-6.657,0.969,0.029
14.66,3.938,-2.087,5.443,-1.367
14.664,-1.717,-9.344,0.296,0.108
14.668,-4.467,-12.759,0.507,-10.011
14.672,-9.274,-11.137,-8.404,-9.539
14.676,-5.232,-19.263,-11.647,-23.422
14.68,-15.041,-23.164,-15.03,-22.866
14.684,-13.63,-16.326,-14.934,-18.753
14.688,-12.464,-16.223,-11.636,-16.184
14.692,-6.721,-7.216,-7.508,-18.959
14.696,-2.715,-1.485,-3.843,-9.968
14.7,6.141,-1.441,-0.39,0.135
14.704,15.445,15.453,18.068,7.299
14.708,17.91,23.774,16.196,15.624
14.712,27.78,25.772,21.143,20.993
14.716,29.366,28.044,22.16,16.069
14.72,26.248,23.757,20.914,20.3
14.724,21.11,20.659,13.64,13.814
14.728,7.132,18.913,12.702,12.796
14.732,12.313,16.626,12.021,6.008
14.736,5.415,12.281,-3.395,6.93
14.74,2.569,4.653,0.289,2.969
14.744,-4.373,1.525,-4.042,-2.921
14.748,1.798,-3.505,2.596,-5.145
14.752,-4.663,0.975,3.794,3.678
14.756,-0.964,-4.312,0.295,-2.163
14.76,-0.594,-6.869,-0.01,-3.014
14.764,-7.997,-4.413,-5.276,-1.473
14.768,-7.392,-12.071,-13.629,-10.478
14.772,-18.345,-17.307,-12.197,-11.192
14.776,-19.099,-19.598,-16.822,-15.918
14.78,-28.342,-20.238,-19.723,-19.213
14.784,-22.716,-29.675,-31.268,-16.318
14.788,-21.884,-24.368,-25.498,-16.854
14.792,-19.094,-18.771,-20.901,-11.044
14.796,-15.443,-14.441,-10.079,-8.334
14.8,-10.949,-4.6,-1.183,-2.172
14.804,-0.301,-0.669,0.971,10.701
14.808,10.716,13.576,9.776,12.269
14.812,12.248,14.275,12.774,18.623
14.816,9.125,19.16,21.769,21.174
14.82,9.814,19.108,13.005,16.659
14.824,14.346,19.06,9.287,13.674
14.828,8.301,7.144,3.42,10.975
14.832,-0.782,12.505,-4.556,9.64
14.836,-5.608,7.159,-0.714,4.738
14.84,-4.196,6.709,-5.758,-2.852
14.844,-8.568,0.272,-6.845,5.904
14.848,-3.191,4.006,-4.664,1.031
14.852,5.26,5.819,-9.03,-1.161
14.856,-6.678,1.341,1.508,-0.503
14.86,-3.301,-3.268,-9.939,-1.935
14.864,-1.055,-5.942,-1.381,-4.816
14.868,-6.28,-5.765,-10.46,-3.911
14.872,-13.258,-9.642,-16.177,-4.66
14.876,-17.415,-13.7,-17.562,-17.511
14.88,-23.497,-17.064,-24.041,-20.341
14.884,-21.903,-16.608,-21.534,-20.174
14.888,-18.926,-15.375,-22.034,-22.382
14.892,-12.346,-12.012,-16.682,-12.397
14.896,-11.461,-2.477,-9.303,-7.024
14.9,-2.974,3.281,-5.278,0.449
14.904,1.903,13.27,5.819,2.025
14.908,11.364,18.71,10.911,7.195
14.912,16.835,20.242,17.557,17.15
14.916,17.542,22.875,13.908,21.888
14.92,10.735,17.508,17.887,13.634
14.924,11.24,17.442,8.175,18.659
14.928,4.168,14.696,0.069,10.879
14.932,4.485,4.422,-2.431,4.922
14.936,-3.05,6.207,-2.839,3.949
14.94,-9.855,-1.466,-3.069,-2.685
14.944,-7.279,-3.734,-4.242,-7.569
14.948,-5.474,-4.624,-1.176,3.509
14.952,-5.881,-4.642,-5.942,-0.037
14.956,-8.191,-10.214,3.602,-2.21
14.96,-9.365,-5.916,2.061,-2.942
14.964,-12.757,-10.959,-1.138,-6.024
14.968,-14.287,-9.318,-3.596,-8.467
14.972,-19.56,-17.906,-16.403,-12.127
14.976,-17.693,-20.199,-13.965,-13.91
14.98,-25.653,-26.181,-17.034,-21.055
14.984,-22.804,-26.803,-17.457,-23.076
14.988,-20.589,-18.6,-16.234,-19.861
14.992,-12.834,-18.543,-13.102,-6.589
14.996,-5.168,-6.235,-6.635,-7.114
15.0,2.088,5.12,3.577,1.199
15.004,9.495,10.998,5.978,6.82
15.008,12.525,16.975,15.536,19.181
15.012,17.545,21.266,17.116,20.832
15.016,20.634,22.106,19.903,16.781
15.02,25.206,23.275,11.238,19.441
15.024,20.823,20.215,13.45,14.812
15.028,19.599,14.86,10.436,13.023
15.032,16.111,15.199,6.122,10.398
15.036,7.616,14.815,2.943,0.03
15.04,7.705,4.619,-1.58,2.285
15.044,6.617,10.425,0.574,-2.376
15.048,5.63,8.202,5.596,4.14
15.052,5.245,4.227,2.64,3.009
15.056,10.174,2.4,8.184,-6.015
15.06,5.452,-1.97,7.554,-4.589
15.064,2.606,-4.793,0.083,-7.731
15.068,-3.86,-10.561,0.045,-7.593
15.072,-4.175,-13.573,-10.029,-10.885
15.076,-13.815,-17.255,-13.656,-13.599
15.08,-12.88,-14.736,-13.455,-19.705
15.084,-14.206,-19.392,-13.484,-20.751
15.088,-15.721,-20.038,-8.715,-17.4
15.092,-9.736,-15.656,-9.846,-4.53
15.096,-4.194,-11.538,-2.398,-12.129
15.1,2.286,-3.996,5.049,-5.638
15.104,9.64,7.481,17.804,5.976
15.108,15.846,9.387,22.847,11.825
15.112,20.046,13.327,24.111,16.039
15.116,21.28,15.439,26.711,19.867
15.12,16.718,14.764,24.051,15.457
15.124,16.519,18.151,22.8,14.187
15.128,13.606,11.779,17.603,10.906
15.132,8.819,6.647,9.509,6.595
15.136,7.852,4.009,7.008,3.276
15.14,4.603,1.768,4.963,0.759
15.144,-0.725,-3.014,4.259,-2.377
15.148,1.595,-6.093,2.773,-0.875
15.152,1.79,1.25,6.222,0.094
15.156,3.001,-0.847,4.153,2.835
15.16,2.312,-4.355,3.203,-5.651
15.164,2.145,-5.226,2.297,-3.626
15.168,-2.388,-5.412,-0.339,-6.914
15.172,-3.146,-16.133,-2.191,-11.236
15.176,-9.864,-20.748,-8.438,-15.279
15.18,-15.68,-16.969,-10.829,-22.907
15.184,-15.186,-22.958,-10.355,-19.421
15.188,-10.047,-15.714,-16.267,-17.935
15.192,-12.228,-11.705,-8.47,-12.337
15.196,-4.908,-1.963,-2.205,-8.083
15.2,6.775,2.357,3.707,-1.619
15.204,17.116,15.106,13.007,10.588
15.208,24.42,15.834,16.715,10.327
15.212,23.861,24.788,22.334,14.131
15.216,28.992,22.824,17.183,16.182
15.22,24.645,26.146,19.859,20.007
15.224,16.306,19.045,18.306,13.805
15.228,16.08,18.203,14.471,11.456
15.232,9.184,17.833,3.974,11.565
15.236,9.344,9.942,2.387,0.167
15.24,3.23,9.515,-2.997,-3.896
15.244,-2.515,3.063,-1.841,2.535
15.248,-4.182,-0.549,0.577,-2.613
15.252,-0.38,-0.45,3.477,-3.406
15.256,-8.58,-1.287,3.389,-0.368
15.26,-4.862,-11.682,0.476,-1.782
15.264,-5.896,-8.03,-4.586,-6.303
15.268,-14.211,-16.686,-6.974,-5.722
15.272,-13.122,-21.841,-3.775,-14.127
15.276,-17.327,-20.473,-20.377,-18.447
15.28,-27.478,-20.485,-23.476,-24.565
15.284,-26.704,-24.174,-20.907,-27.268
15.288,-21.528,-26.737,-18.202,-17.544
15.292,-20.503,-20.087,-13.861,-17.943
15.296,-18.447,-12.761,-9.464,-8.043
15.3,-7.173,-3.216,-7.497,5.783
15.304,-1.688,3.769,3.8,8.98
15.308,10.71,12.296,5.306,14.065
15.312,13.676,18.828,15.696,19.525
15.316,12.843,19.591,17.041,26.376
15.32,13.615,21.648,13.78,13.309
15.324,6.662,16.579,7.02,15.565
15.328,4.576,24.414,3.412,16.213
15.332,7.58,12.814,-3.723,8.332
15.336,-0.15,10.036,-2.808,7.313
15.34,0.469,10.761,4.546,-0.669
15.344,-2.318,4.075,-5.986,-3.706
15.348,1.219,0.829,-6.472,5.624
15.352,-8.091,5.843,-3.645,0.335
15.356,-2.451,4.867,-7.255,2.432
15.36,2.192,-0.656,-7.825,1.457
15.364,-2.122,1.357,-8.567,0.139
15.368,-4.551,-7.744,-7.76,-6.525
15.372,-12.832,-8.554,-14.017,-10.776
15.376,-18.587,-10.223,-20.054,-14.481
15.38,-23.111,-16.657,-20.755,-20.893
15.384,-24.39,-15.846,-19.203,-16.752
15.388,-17.236,-12.102,-20.749,-19.967
15.392,-14.121,-11.968,-21.874,-10.662
15.396,-9.8,-7.191,-18.074,-5.199
15.4,-0.88,6.35,-9.988,-6.619
15.404,5.178,10.318,5.532,10.004
15.408,13.575,13.842,7.084,14.682
15.412,17.341,19.692,16.01,22.254
15.416,12.456,22.615,13.646,25.102
15.42,15.066,15.672,14.954,19.301
15.424,5.793,19.823,12.598,17.044
15.428,6.599,14.893,3.741,7.94
15.432,3.264,14.135,4.132,6.903
15.436,-6.507,4.262,-3.823,8.667
15.44,-6.546,5.543,-5.963,1.209
15.444,-6.591,-1.319,-1.826,2.828
15.448,-6.148,-2.618,-1.64,-0.175
15.452,-7.449,-3.708,-0.96,-0.241
15.456,-10.173,0.05,-4.88,1.678
15.46,-7.771,-12.204,-3.127,-9.945
15.464,-14.751,-10.006,-1.876,-2.584
15.468,-13.8,-14.966,-0.54,-14.157
15.472,-18.317,-18.892,-6.311,-12.037
15.476,-21.006,-20.163,-17.465,-18.479
15.48,-24.628,-20.301,-21.233,-22.434
15.484,-27.694,-21.663,-15.17,-15.469
15.488,-21.851,-16.752,-16.973,-14.894
15.492,-12.878,-16.016,-15.839,-15.049
15.496,-4.652,-8.306,-7.468,-0.45
15.5,7.318,-3.003,-3.748,2.981
15.504,13.511,14.109,10.875,7.11
15.508,12.08,14.703,18.635,8.318
15.512,19.527,19.566,23.395,17.956
15.516,23.103,25.078,23.737,18.009
15.52,22.693,26.94,18.294,17.581
15.524,20.812,19.836,18.744,17.214
15.528,24.216,22.366,16.127,9.905
15.532,9.856,14.183,10.227,11.371
15.536,7.653,15.784,6.503,2.109
15.54,12.541,6.863,2.548,-1.858
15.544,4.808,8.436,-1.146,1.994
15.548,7.794,4.679,7.906,-0.193
15.552,9.953,-0.343,3.426,2.675
15.556,8.079,-3.063,7.932,0.468
15.56,5.872,-3.64,11.291,-5.376
15.564,5.382,-1.941,4.569,-2.787
15.568,-4.131,-14.999,1.861,-10.132
15.572,-7.689,-12.666,-8.897,-11.35
15.576,-9.193,-16.934,-12.677,-17.767
15.58,-20.453,-25.426,-9.995,-19.585
15.584,-11.403,-23.48,-16.659,-19.774
15.588,-13.573,-21.806,-17.579,-16.051
15.592,-10.229,-15.201,-14.34,-15.635
15.596,-9.643,-4.999,-3.575,-15.953
15.6,-1.456,0.874,4.067,-2.87
15.604,8.405,3.668,15.417,7.985
15.608,18.083,8.381,15.853,17.526
15.612,13.427,10.505,27.09,19.152
15.616,23.465,16.081,20.691,22.891
15.62,18.949,14.255,19.444,19.441
15.624,16.305,14.661,19.991,16.627
15.628,13.572,11.356,15.177,11.063
15.632,9.335,6.067,12.154,10.557
15.636,2.853,2.558,3.183,8.638
15.64,4.617,-0.965,5.536,-1.685
15.644,-5.072,-2.309,-1.231,0.72
15.648,0.744,2.384,-2.289,-3.685
15.652,3.185,-1.212,10.695,5.124
15.656,1.98,-2.217,8.819,0.467
15.66,-3.16,-2.452,4.947,-1.268
15.664,2.585,-5.213,-3.414,-7.115
15.668,-6.665,-6.88,-2.521,-8.085
15.672,-7.04,-12.761,-4.522,-12.016
15.676,-10.128,-16.773,-11.949,-19.195
15.68,-13.129,-20.726,-9.475,-18.515
15.684,-10.277,-21.03,-13.786,-22.48
15.688,-12.018,-13.181,-17.28,-16.948
15.692,-6.103,-11.143,-15.391,-16.939
15.696,-1.038,-8.064,-1.834,-7.113
15.7,8.582,-2.475,5.462,-0.581
15.704,18.444,17.949,12.597,8.489
15.708,20.911,15.117,21.508,14.478
15.712,26.858,20.612,21.695,18.537
15.716,30.175,28.507,21.714,17.685
15.72,28.5,20.874,22.146,20.63
15.724,19.744,23.683,19.885,16.835
15.728,19.213,23.741,13.448,13.701
15.732,11.787,20.208,6.65,7.332
15.736,9.941,8.255,5.538,3.161
15.74,5.013,5.93,0.481,-1.836
15.744,2.146,1.953,-2.141,-1.937
15.748,1.619,0.912,-0.006,-1.529
15.752,0.448,2.929,-0.586,2.994
15.756,-0.436,-7.34,0.42,-3.779
15.76,-3.784,-4.022,-2.731,-5.227
15.764,-7.344,-10.184,0.364,-3.911
15.768,-5.751,-9.761,-5.915,-9.707
15.772,-14.672,-14.329,-9.255,-12.937
15.776,-22.62,-23.31,-14.734,-17.292
15.78,-25.26,-24.832,-22.559,-20.861
15.784,-22.641,-22.145,-17.463,-22.193
15.788,-26.721,-19.721,-20.997,-21.048
15.792,-24.945,-25.492,-17.535,-15.089
15.796,-18.488,-8.838,-9.685,-11.971
15.8,-11.93,1.135,-2.237,1.817
15.804,-3.026,4.751,12.26,4.931
15.808,3.843,13.66,12.393,15.34
15.812,16.014,19.664,13.054,16.274
15.816,13.646,19.222,21.368,23.016
15.82,12.099,21.397,9.269,19.089
15.824,6.256,17.426,9.122,12.743
15.828,6.408,14.37,4.201,19.283
15.832,-2.292,9.17,1.134,6.155
15.836,-1.419,8.503,-1.615,2.03
15.84,3.872,11.149,-3.651,-0.257
15.844,-1.023,1.103,-4.428,1.239
15.848,-3.353,4.616,-3.322,-4.468
15.852,-0.0,2.887,-4.477,0.517
15.856,-3.451,5.196,0.065,-5.101
15.86,-5.144,3.873,-9.313,-1.429
15.864,0.122,-6.694,-14.367,-0.32
15.868,-11.954,-9.217,-8.193,-9.072
15.872,-13.874,-12.909,-16.011,-9.126
15.876,-16.057,-16.222,-14.424,-20.981
15.88,-22.838,-18.147,-19.874,-20.833
15.884,-19.148,-16.176,-22.563,-23.577
15.888,-20.576,-17.734,-24.418,-12.528
15.892,-13.669,-13.001,-16.793,-15.204
15.896,-7.843,-7.121,-13.613,-9.536
15.9,-3.133,3.829,-4.576,-0.773
15.904,9.883,9.207,1.946,7.604
15.908,8.692,14.635,10.135,12.868
15.912,18.53,16.884,12.802,14.679
15.916,19.178,16.277,18.012,23.952
15.92,19.558,25.274,15.148,22.233
15.924,11.322,16.809,8.967,16.973
15.928,3.835,21.799,4.748,12.629
15.932,7.682,11.488,-2.147,8.054
15.936,-3.57,10.406,-7.701,2.329
15.94,-7.737,4.392,-1.059,-0.487
15.944,-7.189,-0.709,-5.358,4.828
15.948,-9.795,-4.829,-7.188,1.766
15.952,-5.035,-7.481,-1.007,-3.88
15.956,-8.473,-2.871,-3.736,-1.4
15.96,-8.472,-7.69,-2.182,0.255
15.964,-6.891,-9.642,-7.82,-2.596
15.968,-11.231,-12.649,-5.444,-5.825
15.972,-16.947,-17.738,-11.48,-16.247
15.976,-20.091,-23.327,-14.562,-15.013
15.98,-22.913,-20.581,-20.538,-15.622
15.984,-24.465,-23.852,-19.618,-24.419
15.988,-20.76,-20.186,-23.141,-13.034
15.992,-14.198,-13.111,-7.612,-12.991
15.996,-8.815,-8.337,-6.604,-7.255
16.0,1.259,-5.454,5.122,-2.855
16.004,5.926,11.282,7.05,5.674
16.008,13.859,19.028,11.286,12.848
16.012,18.549,14.964,17.301,13.975
16.016,21.476,20.128,20.228,18.959
16.02,26.811,29.691,18.905,16.292
16.024,22.782,22.608,21.646,18.022
16.028,13.762,18.817,9.177,2.651
16.032,14.415,13.814,5.577,6.667
16.036,8.622,8.4,6.082,0.796
16.04,5.562,7.902,-2.785,1.216
16.044,2.199,9.153,1.45,7.107
16.048,9.529,4.504,2.765,4.913
16.052,2.758,4.867,4.836,-1.375
16.056,6.464,6.482,5.336,-0.602
16.06,2.458,-3.153,9.82,-3.722
16.064,4.894,-4.01,-0.811,-4.152
16.068,-2.455,-6.157,-3.596,-5.2
16.072,-6.604,-16.466,-4.262,-15.73
16.076,-11.102,-17.141,-9.815,-11.273
16.08,-13.337,-14.763,-12.736,-16.225
16.084,-15.614,-22.11,-19.225,-17.291
16.088,-14.613,-16.204,-7.012,-17.105
16.092,-12.244,-15.782,-8.003,-16.692
16.096,-9.475,-3.999,-7.671,-4.548
16.1,-0.952,-7.288,6.589,-0.959
16.104,11.756,4.944,9.114,2.519
16.108,14.744,6.432,21.607,14.22
16.112,17.665,13.077,19.011,14.775
16.116,16.882,15.096,27.347,18.088
16.12,14.87,16.151,19.34,21.088
16.124,14.866,11.205,16.653,15.614
16.128,15.475,11.136,15.431,11.677
16.132,6.856,8.875,8.58,10.913
16.136,6.192,-0.674,5.047,-3.069
16.14,0.933,-0.789,-0.112,4.583
16.144,3.803,6.851,2.815,0.488
16.148,1.04,-0.936,6.948,-0.317
16.152,-0.972,-8.218,10.847,-0.004
16.156,2.208,-8.012,8.162,1.874
16.16,7.823,-4.81,7.013,1.87
16.164,5.68,-7.682,-2.412,-4.409
16.168,-1.46,-12.917,-1.233,-7.811
16.172,-7.249,-7.946,-7.823,-9.962
16.176,-9.675,-9.532,-15.101,-22.267
16.18,-12.238,-19.747,-17.976,-19.264
16.184,-13.904,-15.938,-13.669,-18.409
16.188,-10.535,-13.058,-16.183,-19.732
16.192,-6.761,-7.642,-15.029,-16.377
16.196,-1.818,-5.905,-6.367,-8.041
16.2,3.157,9.623,3.807,-1.755
16.204,12.883,11.301,8.306,6.847
16.208,22.897,19.341,12.822,12.565
16.212,24.418,22.677,17.561,22.937
16.216,26.71,24.404,24.086,16.485
16.22,23.579,25.335,13.619,21.472
16.224,17.721,18.531,15.377,14.211
16.228,15.388,12.362,11.041,12.767
16.232,7.973,13.226,4.288,9.349
16.236,3.33,6.956,-0.241,8.291
16.24,6.924,7.608,3.143,2.387
16.244,0.059,4.444,2.262,-1.144
16.248,-1.907,1.006,-0.055,0.088
16.252,4.536,3.479,-1.259,5.865
16.256,1.126,-3.161,1.016,0.445
16.26,-4.422,-10.34,1.021,-5.132
16.264,-5.306,-10.268,-2.969,-4.849
16.268,-11.748,-10.353,-5.262,-8.635
16.272,-18.182,-23.928,-12.447,-9.599
16.276,-19.476,-22.371,-25.635,-19.639
16.28,-25.401,-22.774,-20.433,-20.491
16.284,-25.583,-16.866,-19.378,-19.263
16.288,-21.448,-19.046,-20.23,-19.094
16.292,-17.765,-17.677,-15.421,-13.708
16.296,-15.913,-9.944,-11.143,-7.142
16.3,-5.285,-9.497,-3.518,0.643
16.304,-2.513,0.835,4.971,4.803
16.308,8.737,12.763,16.434,16.374
16.312,12.303,16.311,17.038,16.647
16.316,14.921,19.423,17.803,19.869
16.32,12.296,19.056,14.774,15.332
16.324,16.839,17.373,6.573,16.093
16.328,4.134,14.835,9.545,12.36
16.332,5.834,7.987,3.869,7.517
16.336,-3.406,7.297,-1.556,1.358
16.34,-0.808,1.756,-5.09,4.592
16.344,-1.287,1.952,-4.042,1.796
16.348,-2.559,6.353,-5.905,-0.526
16.352,-3.581,1.382,-2.112,-0.335
16.356,-1.463,2.559,-6.318,-2.26
16.36,-1.941,-0.77,-10.207,-3.077
16.364,0.379,-5.076,-10.314,0.671
16.368,-11.144,-10.52,-9.992,-8.483
16.372,-14.479,-12.551,-15.923,-3.498
16.376,-16.121,-14.22,-20.019,-19.452
16.38,-20.797,-15.211,-26.89,-17.862
16.384,-21.4,-16.85,-23.423,-19.225
16.388,-16.446,-13.232,-26.067,-18.144
16.392,-24.122,-15.43,-17.33,-18.757
16.396,-11.395,-2.149,-16.668,-11.698
16.4,-7.631,-1.034,-7.271,0.587
16.404,1.164,12.348,0.006,4.512
16.408,17.902,16.866,11.079,17.608
16.412,16.278,13.799,12.169,17.58
16.416,18.508,23.3,16.284,20.669
16.42,14.004,23.365,17.211,18.847
16.424,13.076,21.448,15.835,15.768
16.428,0.901,11.362,6.783,16.352
16.432,4.566,9.708,-1.642,10.661
16.436,-5.026,7.002,1.91,4.162
16.44,-6.89,3.62,0.677,3.233
16.444,-5.104,0.044,-4.469,3.565
16.448,-5.9,-4.316,0.42,-1.903
16.452,-6.359,-1.587,-1.34,-4.555
16.456,-10.745,-3.248,-6.549,1.614
16.46,-7.31,-8.948,-3.868,2.53
16.464,-6.912,-13.842,-5.459,-8.843
16.468,-14.7,-17.277,-8.483,-9.227
16.472,-13.048,-14.711,-14.545,-12.514
16.476,-23.222,-19.06,-18.956,-18.921
16.48,-22.93,-23.679,-15.217,-19.402
16.484,-18.565,-23.855,-25.57,-23.244
16.488,-22.796,-25.762,-20.947,-19.21
16.492,-12.509,-15.517,-12.572,-11.883
16.496,-2.513,-11.734,-9.52,-13.793
16.5,0.513,0.477,1.201,-3.153
16.504,6.855,11.716,6.644,11.786
16.508,13.353,12.322,15.748,11.508
16.512,24.666,21.173,15.661,10.457
16.516,27.001,26.251,14.784,20.417
16.52,27.298,24.28,18.052,18.744
16.524,20.505,20.34,10.697,16.417
16.528,20.107,18.837,11.544,11.961
16.532,12.956,17.965,3.981,11.227
16.536,7.145,12.279,0.569,1.59
16.54,10.982,8.475,6.391,0.927
16.544,11.558,9.698,2.393,-1.253
16.548,3.552,6.096,-2.269,1.92
16.552,3.731,-0.573,3.391,2.442
16.556,6.74,3.079,3.861,1.072
16.56,8.165,1.437,-2.348,5.253
16.564,-0.835,-8.631,2.887,-2.039
16.568,-0.77,-15.976,1.195,-3.643
16.572,-7.972,-16.793,-7.358,-14.445
16.576,-8.697,-17.982,-11.371,-18.068
16.58,-16.639,-17.35,-15.462,-13.027
16.584,-13.338,-23.762,-13.854,-23.965
16.588,-14.958,-17.744,-14.303,-15.949
16.592,-13.5,-24.036,-9.986,-10.121
16.596,-4.56,-8.857,-5.353,-4.058
16.6,-3.41,-3.571,10.879,-4.786
16.604,7.923,11.045,11.645,6.532
16.608,16.673,5.193,20.922,15.848
16.612,14.341,15.137,23.754,20.478
16.616,13.386,11.522,16.65,19.877
16.62,13.011,15.303,21.89,16.88
16.624,20.957,9.666,16.117,15.153
16.628,12.581,18.253,17.948,9.935
16.632,6.93,6.427,6.616,3.68
16.636,7.826,3.289,8.195,2.802
16.64,1.529,0.988,7.467,6.756
16.644,2.692,-4.169,4.645,-0.791
16.648,2.172,1.242,4.307,-4.648
16.652,1.311,-0.844,4.024,-0.967
16.656,3.897,-1.057,5.309,5.139
16.66,4.641,-9.142,0.938,-5.987
16.664,-0.244,-4.578,3.187,-3.702
16.668,-4.301,-8.095,2.007,-5.195
16.672,-7.865,-15.224,-8.486,-15.212
16.676,-17.48,-14.703,-10.513,-15.401
16.68,-12.339,-18.136,-14.47,-21.708
16.684,-17.412,-23.339,-14.735,-23.581
16.688,-9.969,-16.376,-16.12,-16.384
16.692,-7.657,-12.254,-15.129,-8.512
16.696,-0.555,-3.728,-7.819,-8.745
16.7,8.844,6.868,-4.016,1.742
16.704,11.484,6.582,12.657,9.036
16.708,21.606,16.744,17.645,14.503
16.712,25.315,20.206,20.278,16.186
16.716,25.255,22.486,19.342,16.864
16.72,21.644,22.031,19.366,16.577
16.724,22.686,22.294,16.096,15.437
16.728,18.214,19.845,9.822,10.531
16.732,11.381,14.911,5.106,3.961
16.736,3.378,10.154,6.561,3.084
16.74,1.725,7.831,-3.56,-0.699
16.744,1.138,10.283,2.301,1.716
16.748,2.383,1.373,-5.216,-1.282
16.752,-5.068,2.098,5.194,2.641
16.756,-3.011,-0.25,-6.491,0.644
16.76,-4.516,-0.632,1.204,-2.698
16.764,-6.839,-7.916,-4.609,-4.19
16.768,-14.944,-16.399,-7.057,-7.814
16.772,-16.757,-17.361,-11.792,-11.291
16.776,-21.832,-21.336,-14.364,-14.89
16.78,-27.541,-22.055,-25.737,-20.319
16.784,-26.163,-27.443,-21.525,-20.619
16.788,-26.136,-18.872,-19.766,-17.909
16.792,-19.012,-18.059,-18.436,-22.852
16.796,-16.919,-8.988,-10.662,-5.925
16.8,-6.474,-2.875,-4.931,-2.861
16.804,-1.555,4.352,6.123,6.717
16.808,5.586,11.511,11.696,11.949
16.812,12.75,17.844,15.162,20.498
16.816,14.488,24.433,17.661,22.978
16.82,11.937,12.902,17.901,18.631
16.824,9.778,19.008,7.594,15.675
16.828,2.477,14.658,12.535,11.673
16.832,7.128,10.623,2.326,7.361
16.836,1.752,0.894,-4.157,6.702
16.84,-0.367,7.229,1.94,10.24
16.844,-7.799,3.436,-6.925,-0.47
16.848,-4.51,0.262,-8.845,1.596
16.852,-3.099,2.051,-5.826,-2.431
16.856,-7.68,-0.107,-5.477,-2.311
16.86,-0.073,-6.343,-1.222,-4.269
16.864,-0.629,-3.657,-7.048,0.319
16.868,-2.342,-5.754,-10.115,-5.298
16.872,-15.949,-12.998,-14.827,-12.944
16.876,-16.624,-13.984,-16.078,-15.334
16.88,-16.061,-16.627,-23.97,-16.675
16.884,-21.86,-14.08,-24.944,-16.316
16.888,-21.358,-15.491,-25.023,-17.027
16.892,-21.259,-8.466,-20.082,-13.705
16.896,-6.203,-5.689,-10.848,-3.627
16.9,-2.462,8.253,-2.569,-3.31
16.904,2.563,8.087,8.025,1.819
16.908,11.54,13.304,9.045,17.75
16.912,14.942,19.108,12.764,16.905
16.916,16.158,18.905,16.201,23.914
16.92,13.594,16.634,12.384,24.727
16.924,15.667,19.858,8.572,21.535
16.928,5.799,4.48,7.061,2.753
16.932,6.309,7.017,0.488,9.811
16.936,-0.874,0.893,-2.712,2.173
16.94,-4.243,1.838,-2.04,-0.749
16.944,-6.96,-7.752,-3.359,1.161
16.948,-3.928,-1.392,2.465,-1.989
16.952,-6.274,-2.583,0.426,2.357
16.956,-9.452,-11.128,-3.874,3.918
16.96,-10.506,-7.914,-3.174,-1.814
16.964,-8.527,-9.943,-8.062,-2.623
16.968,-15.825,-12.272,-10.31,-8.782
16.972,-17.18,-23.213,-7.958,-10.385
16.976,-17.432,-26.741,-16.895,-11.721
16.98,-22.038,-19.111,-23.414,-17.738
16.984,-25.338,-25.724,-26.201,-20.261
16.988,-16.522,-22.04,-23.19,-14.321
16.992,-14.027,-13.364,-16.843,-15.202
16.996,-5.383,-11.668,-7.837,-8.731
17.0,-6.803,-0.798,-1.19,-1.992
17.004,9.429,10.836,9.943,2.878
17.008,18.197,11.0,11.628,11.401
17.012,25.853,18.958,22.455,18.417
17.016,18.78,19.878,19.95,20.591
17.02,26.568,21.297,20.63,16.065
17.024,25.537,25.469,14.501,14.442
17.028,10.941,23.021,14.795,6.112
17.032,14.538,15.866,3.41,13.97
17.036,11.647,13.088,0.242,8.1
17.04,6.628,10.0,-0.934,-0.939
17.044,5.186,4.213,5.099,0.458
17.048,8.617,5.265,1.629,-2.748
17.052,5.005,-0.85,0.691,3.183
17.056,5.968,-1.691,3.7,1.884
17.06,7.734,-1.672,4.373,-5.151
17.064,7.828,-8.101,-1.387,-6.622
17.068,0.162,-12.988,-1.185,-7.617
17.072,-5.8,-15.803,-6.498,-7.636
17.076,-12.349,-14.236,-12.012,-17.11
17.08,-17.277,-15.708,-17.589,-15.046
17.084,-12.324,-21.187,-12.344,-18.971
17.088,-14.944,-17.663,-14.961,-20.75
17.092,-7.236,-17.05,-18.162,-15.235
17.096,-5.74,-15.595,-1.857,-5.687
17.1,0.456,-5.032,5.898,2.523
17.104,10.863,3.824,15.222,10.38
17.108,15.431,11.292,20.06,14.623
17.112,16.04,14.877,23.373,19.59
17.116,26.552,16.372,22.868,26.673
17.12,18.148,15.228,21.55,26.189
17.124,19.758,15.801,21.603,16.115
17.128,15.337,7.259,14.547,6.485
17.132,4.749,9.9,6.103,7.796
17.136,1.984,2.163,5.678,4.047
17.14,1.838,7.317,4.314,-2.579
17.144,-0.71,-1.718,-2.168,0.419
17.148,7.274,-3.364,6.536,-3.244
17.152,2.123,-4.453,5.213,1.24
17.156,5.684,-5.221,1.591,1.739
17.16,3.862,-3.666,4.066,0.372
17.164,1.103,-8.111,2.347,-0.732
17.168,-2.799,-8.193,1.691,-6.0
17.172,-3.126,-13.133,-3.117,-9.423
17.176,-13.062,-17.294,-7.334,-12.097
17.18,-8.01,-17.835,-13.032,-20.294
17.184,-17.646,-14.968,-17.634,-20.335
17.188,-9.513,-13.858,-17.232,-19.318
17.192,-11.601,-9.968,-12.706,-16.217
17.196,-1.818,-2.716,-4.656,-8.479
17.2,7.023,0.346,2.864,2.505
17.204,12.803,19.221,13.416,9.766
17.208,19.954,19.659,15.689,8.898
17.212,20.351,24.555,14.251,23.399
17.216,22.847,24.737,17.855,22.445
17.22,25.923,17.607,16.925,19.651
17.224,20.989,21.293,13.251,11.829
17.228,14.033,18.503,2.969,8.233
17.232,15.013,11.398,11.264,11.917
17.236,2.929,7.102,-3.915,6.713
17.24,2.223,4.948,-1.529,4.594
17.244,-0.198,5.457,1.297,-0.352
17.248,2.163,4.733,1.398,3.81
17.252,-0.173,-0.453,-4.038,-3.999
17.256,-1.644,-4.844,4.298,-3.746
17.26,-8.84,-7.053,2.991,1.818
17.264,-3.994,-9.298,-3.177,-6.452
17.268,-11.694,-13.212,-6.474,-7.528
17.272,-15.757,-16.97,-14.127,-17.114
17.276,-23.146,-23.407,-15.424,-24.506
17.28,-27.146,-22.912,-19.174,-22.033
17.284,-21.312,-23.472,-22.893,-21.04
17.288,-29.832,-23.856,-18.385,-21.027
17.292,-23.661,-23.233,-15.457,-12.12
17.296,-9.822,-14.161,-0.689,-4.552
17.3,-4.821,0.899,-5.644,1.83
17.304,-0.106,-1.096,8.457,4.115
17.308,11.125,14.762,8.047,15.555
17.312,13.199,10.642,16.093,14.568
17.316,14.482,16.238,7.875,25.493
17.32,13.865,17.83,12.622,19.115
17.324,11.982,22.735,11.985,13.405
17.328,8.355,14.605,6.588,11.948
17.332,9.508,10.513,-4.868,7.913
17.336,-0.895,5.178,-3.889,5.822
17.34,-2.813,7.054,-0.528,-4.456
17.344,-6.725,2.272,-2.593,-2.043
17.348,-2.879,2.078,-2.33,1.335
17.352,3.494,0.849,2.76,2.446
17.356,1.067,2.931,-9.039,9.766
17.36,-4.373,1.169,-5.66,2.927
17.364,-4.901,-6.593,-6.617,-5.765
17.368,-12.417,-9.376,-12.609,-2.086
17.372,-15.719,-13.528,-14.643,-10.05
17.376,-16.527,-14.219,-15.673,-11.874
17.38,-21.512,-14.232,-22.671,-17.568
17.384,-24.233,-16.627,-30.941,-15.592
17.388,-18.187,-21.752,-20.927,-15.004
17.392,-15.908,-8.59,-18.865,-12.324
17.396,-14.303,-8.796,-18.961,-8.899
17.4,-8.63,0.205,-6.602,-1.325
17.404,3.041,9.993,-2.282,4.734
17.408,5.924,15.107,8.494,13.758
17.412,8.877,22.028,12.043,21.574
17.416,19.04,19.257,10.435,21.647
17.42,13.952,17.48,14.543,16.643
17.424,10.003,16.74,7.247,18.877
17.428,5.635,16.599,10.062,8.261
17.432,-1.962,11.059,2.168,8.406
17.436,-1.333,5.18,-2.626,7.884
17.44,-5.689,5.389,-0.095,-2.32
17.444,-8.892,2.25,-3.509,0.557
17.448,-8.672,-0.67,-2.496,-2.205
17.452,-10.296,-8.085,-2.535,4.995
17.456,-7.875,-3.88,-2.513,6.703
17.46,-8.328,-9.093,-0.762,0.458
17.464,-11.091,-12.677,0.629,-1.065
17.468,-12.937,-17.141,-17.65,-3.309
17.472,-17.229,-19.321,-6.14,-9.495
17.476,-19.911,-23.789,-19.086,-18.443
17.48,-20.12,-23.11,-18.678,-20.303
17.484,-21.392,-23.777,-25.511,-21.259
17.488,-17.888,-19.796,-14.301,-23.451
17.492,-18.214,-13.604,-18.584,-11.047
17.496,-9.962,-9.044,-4.481,-11.34
17.5,1.961,-2.212,-0.724,2.486
17.504,10.451,2.141,7.36,5.404
17.508,13.635,17.575,10.658,13.314
17.512,22.587,20.694,22.433,19.927
17.516,20.341,22.729,19.917,24.486
17.52,24.393,27.135,21.408,21.577
17.524,20.525,18.046,9.863,15.619
17.528,12.84,18.975,9.071,11.687
17.532,11.8,12.201,8.144,3.877
17.536,16.341,13.46,-0.79,5.61
17.54,8.218,1.807,3.058,0.962
17.544,13.557,8.642,-0.414,-2.746
17.548,2.282,6.839,0.007,2.225
17.552,9.102,0.267,5.074,4.367
17.556,-0.983,1.384,4.802,-0.581
17.56,5.296,-4.116,0.485,-2.896
17.564,4.46,-3.636,5.213,-5.434
17.568,1.062,-6.709,-0.147,-6.203
17.572,-8.598,-16.683,-12.133,-15.366
17.576,-7.682,-21.565,-11.404,-15.746
17.58,-15.846,-17.09,-12.67,-20.186
17.584,-16.145,-15.266,-15.343,-18.387
17.588,-15.783,-17.926,-23.525,-16.507
17.592,-14.098,-13.654,-9.167,-17.349
17.596,-0.042,-10.394,-0.652,-5.581
17.6,2.548,-1.811,4.511,1.373
17.604,12.863,5.801,12.59,7.013
17.608,18.795,10.321,21.88,12.689
17.612,16.753,19.23,18.205,16.978
17.616,24.748,17.747,26.538,19.39
17.62,21.539,17.868,24.021,16.174
17.624,13.853,14.284,14.705,13.92
17.628,14.158,11.17,17.111,12.402
17.632,5.459,11.15,15.834,5.694
17.636,9.81,4.359,7.712,6.334
17.64,5.184,1.624,6.141,0.814
17.644,1.673,-0.225,0.608,-1.379
17.648,5.889,-3.017,2.44,0.885
17.652,-2.022,-6.989,2.158,-1.108
17.656,0.766,0.907,6.867,-2.385
17.66,1.564,-2.283,3.404,-2.222
17.664,7.018,-4.237,0.915,-9.827
17.668,-6.131,-14.372,0.964,-13.321
17.672,-11.959,-10.192,-0.859,-14.55
17.676,-14.92,-11.487,-10.831,-19.554
17.68,-10.47,-15.819,-18.884,-17.018
17.684,-15.567,-13.614,-15.553,-16.124
17.688,-12.335,-13.434,-13.936,-17.278
17.692,-5.097,-13.35,-8.109,-19.671
17.696,-1.345,-2.461,-5.429,-11.814
17.7,7.356,0.743,5.582,1.05
17.704,15.869,9.714,12.512,7.069
17.708,19.207,19.024,15.558,8.411
17.712,24.013,23.217,22.783,15.68
17.716,26.535,26.212,24.223,16.679
17.72,27.033,19.124,16.579,23.339
17.724,18.523,21.626,19.062,18.089
17.728,7.042,19.922,11.026,10.927
17.732,13.079,16.111,5.814,8.095
17.736,9.372,12.038,2.309,4.137
17.74,3.908,6.72,3.916,1.446
17.744,2.124,2.005,3.038,5.525
17.748,-1.375,2.47,1.058,4.117
17.752,1.183,-1.865,1.18,4.684
17.756,1.24,-0.439,0.365,0.947
17.76,-3.138,-4.684,7.903,-2.222
17.764,0.885,-9.782,-4.687,-7.421
17.768,-15.732,-16.173,-7.898,-10.394
17.772,-15.615,-14.917,-10.479,-8.747
17.776,-24.423,-20.412,-18.901,-19.796
17.78,-21.789,-18.191,-16.706,-19.507
17.784,-30.554,-23.244,-25.847,-24.059
17.788,-28.514,-20.841,-22.464,-18.544
17.792,-22.398,-22.471,-17.657,-17.165
17.796,-13.466,-10.575,-13.343,-5.592
17.8,-8.53,-4.754,0.184,-0.732
17.804,-0.886,6.464,0.513,5.157
17.808,6.843,11.814,7.714,11.112
17.812,11.131,18.784,12.48,18.654
17.816,18.247,24.955,18.202,20.056
17.82,15.246,16.559,18.517,17.311
17.824,9.613,20.228,12.136,15.019
17.828,13.129,16.577,1.927,10.311
17.832,4.395,17.093,-0.714,0.872
17.836,-3.217,10.1,2.063,3.583
17.84,-1.552,7.292,-4.872,-3.459
17.844,-1.408,6.365,-10.017,-2.617
17.848,-4.787,5.529,1.371,0.853
17.852,-5.252,6.287,-6.005,-0.609
17.856,-1.627,-1.686,-4.018,4.539
17.86,-3.823,-2.293,-6.531,-3.6
17.864,-0.553,1.284,-9.577,-4.933
17.868,-6.304,-13.37,-6.527,-6.922
17.872,-14.734,-11.605,-14.429,-11.901
17.876,-15.698,-14.321,-18.63,-12.83
17.88,-16.228,-17.482,-26.84,-17.048
17.884,-25.281,-12.474,-25.227,-15.739
17.888,-22.725,-13.752,-24.824,-23.1
17.892,-15.695,-12.031,-21.297,-11.622
17.896,-9.494,-6.652,-11.022,-10.528
17.9,-2.561,3.197,-5.769,1.334
17.904,3.819,12.896,5.003,6.853
17.908,9.71,15.774,11.52,11.915
17.912,15.636,19.006,12.25,21.774
17.916,19.055,19.003,16.372,14.871
17.92,12.802,21.502,12.404,24.407
17.924,18.115,18.631,8.131,17.867
17.928,12.082,11.495,2.909,12.297
17.932,5.439,12.249,1.921,6.963
17.936,-0.699,10.037,-4.07,2.588
17.94,0.728,1.558,0.278,2.614
17.944,-7.49,-0.279,0.588,-4.136
17.948,-9.347,-6.351,-2.111,-9.329
17.952,-8.191,-2.339,-1.609,0.367
17.956,-9.665,-4.837,-1.516,-2.283
17.96,-7.244,-9.464,5.147,-3.956
17.964,-8.895,-13.722,1.944,-8.426
17.968,-12.5,-9.55,-8.005,-3.796
17.972,-17.031,-17.658,-12.341,-6.327
17.976,-20.204,-24.665,-15.081,-16.128
17.98,-17.741,-21.052,-22.794,-19.435
17.984,-21.311,-22.569,-25.759,-18.634
17.988,-17.984,-20.281,-22.789,-17.162
17.992,-15.099,-12.328,-15.341,-15.542
17.996,-13.283,-15.999,-10.683,-3.945
18.0,-5.442,-5.421,4.365,3.397
18.004,14.685,12.298,3.44,9.813
18.008,14.075,14.877,10.429,19.315
18.012,18.902,19.177,13.272,20.575
18.016,23.908,19.245,18.424,17.935
18.02,24.601,24.201,18.06,19.205
18.024,22.634,22.864,15.823,18.793
18.028,22.317,23.128,11.64,8.635
18.032,17.605,16.21,5.526,6.59
18.036,7.361,10.583,0.786,-1.05
18.04,10.515,9.703,3.231,7.243
18.044,5.504,9.558,-1.128,1.267
18.048,6.201,7.225,4.683,1.68
18.052,3.568,4.9,-0.911,-4.416
18.056,1.541,2.009,2.045,3.291
18.06,5.202,-3.155,9.984,-0.275
18.064,-0.302,-8.017,8.38,-9.095
18.068,1.332,-12.743,-5.747,-6.038
18.072,-7.044,-12.486,-2.468,-14.723
18.076,-9.874,-16.18,-5.654,-15.803
18.08,-10.143,-17.097,-10.601,-16.71
18.084,-20.109,-19.404,-15.21,-19.319
18.088,-16.657,-16.257,-19.345,-23.785
18.092,-10.146,-15.751,-9.103,-13.187
18.096,-3.813,-7.085,-1.691,-5.028
18.1,5.715,-5.356,5.471,-0.601
18.104,12.202,4.568,13.855,9.132
18.108,15.952,5.375,16.384,15.579
18.112,20.567,15.275,21.506,12.189
18.116,22.093,20.891,17.147,23.655
18.12,15.62,17.162,25.673,17.289
18.124,16.506,16.935,16.883,13.8
18.128,13.557,12.17,14.271,9.705
18.132,9.903,5.783,11.175,11.1
18.136,2.218,3.362,5.028,8.12
18.14,-1.064,4.655,1.26,2.625
18.144,1.183,1.378,4.571,-1.398
18.148,7.997,-3.777,-1.054,8.618
18.152,0.266,-6.927,7.512,0.056
18.156,6.536,-3.19,7.661,-2.003
18.16,7.075,-7.234,3.309,1.866
18.164,0.447,-8.516,1.172,-4.063
18.168,-4.959,-15.518,-4.11,-1.137
18.172,-5.299,-11.404,-7.015,-14.328
18.176,-10.002,-17.679,-11.171,-16.515
18.18,-15.766,-18.79,-15.115,-14.37
18.184,-15.761,-21.056,-11.327,-18.439
18.188,-10.497,-16.66,-19.758,-19.141
18.192,-4.585,-10.443,-13.328,-16.749
18.196,-1.839,-5.824,-2.264,-10.992
18.2,6.536,3.157,9.104,-3.884
18.204,16.269,15.665,7.737,10.5
18.208,19.981,12.825,19.488,16.338
18.212,23.614,23.225,16.872,19.816
18.216,23.543,22.466,20.265,16.588
18.22,22.11,28.51,19.883,18.095
18.224,28.907,21.547,14.109,16.951
18.228,15.516,15.134,10.128,15.571
18.232,15.136,13.22,2.465,8.491
18.236,11.641,10.646,4.656,4.095
18.24,2.757,14.293,-2.502,-1.577
18.244,2.424,-3.187,-2.669,2.751
18.248,0.625,-2.632,-2.717,-0.945
18.252,-5.154,2.95,-1.815,-4.12
18.256,-5.975,-7.669,1.111,-2.699
18.26,-3.161,-5.937,-0.004,0.842
18.264,-7.864,-11.047,4.923,-1.551
18.268,-5.366,-15.788,-7.291,-15.451
18.272,-16.814,-18.792,-11.687,-12.064
18.276,-15.047,-23.087,-12.17,-19.851
18.28,-25.857,-21.329,-19.178,-17.781
18.284,-20.073,-20.838,-21.729,-18.138
18.288,-22.993,-21.392,-20.723,-21.474
18.292,-18.809,-18.783,-15.87,-13.951
18.296,-15.798,-10.731,-7.404,-5.076
18.3,-5.012,-1.389,1.097,3.071
18.304,5.949,6.989,7.553,5.048
18.308,6.951,11.92,12.004,17.218
18.312,10.84,20.411,15.143,19.026
18.316,13.044,16.708,21.788,18.423
18.32,18.049,22.374,12.736,18.696
18.324,13.153,19.501,12.663,18.374
18.328,11.181,12.696,9.391,14.139
18.332,3.861,11.853,4.28,10.131
18.336,-0.193,8.888,-4.941,1.682
18.34,-1.049,5.062,3.487,1.881
18.344,0.196,3.352,-0.668,-0.674
18.348,-3.465,-1.809,-2.031,0.527
18.352,2.011,-0.144,-7.315,-1.411
18.356,-0.789,0.057,-0.865,4.717
18.36,-9.961,-2.834,-11.412,-1.263
18.364,-2.34,-6.489,-7.407,-4.116
18.368,-12.344,-4.311,-10.095,-6.076
18.372,-10.234,-11.663,-16.365,-8.462
18.376,-14.271,-8.269,-14.826,-15.838
18.38,-19.039,-16.283,-22.691,-19.905
18.384,-19.469,-14.096,-27.213,-17.233
18.388,-16.36,-15.804,-20.698,-13.028
18.392,-17.148,-12.854,-17.625,-9.718
18.396,-7.22,-3.96,-17.683,-10.536
18.4,1.085,6.238,-0.741,2.319
18.404,10.031,9.131,3.229,7.374
18.408,7.371,16.699,12.313,17.802
18.412,15.709,20.182,14.786,23.753
18.416,12.769,20.795,13.999,12.783
18.42,11.233,20.239,15.063,19.009
18.424,11.877,14.679,10.192,14.603
18.428,6.433,13.634,6.962,9.657
18.432,4.886,11.13,3.467,4.639
18.436,-3.605,5.806,-1.403,2.359
18.44,-5.699,1.964,-2.462,0.34
18.444,-5.985,0.99,-5.406,-1.007
18.448,-9.435,-2.451,-5.25,-6.176
18.452,-8.783,-4.509,-0.015,0.494
18.456,-3.308,-4.024,2.779,3.121
18.46,-9.256,-8.076,-3.527,-2.882
18.464,-6.247,-12.201,-2.998,-8.625
18.468,-11.281,-13.688,-11.619,-7.122
18.472,-21.636,-18.912,-6.33,-8.607
18.476,-19.012,-22.756,-12.623,-15.502
18.48,-21.382,-23.153,-21.007,-21.149
18.484,-21.902,-22.757,-21.418,-23.051
18.488,-21.178,-23.769,-15.147,-16.134
18.492,-18.491,-14.264,-13.908,-14.677
18.496,-4.398,-2.621,-5.95,-9.142
18.5,-0.305,-2.939,-2.959,-1.822
18.504,5.786,6.653,9.579,8.244
18.508,17.043,23.604,13.99,14.332
18.512,18.524,17.991,19.672,18.415
18.516,20.324,27.117,19.167,17.009
18.52,21.823,22.933,18.622,15.892
18.524,18.607,22.092,16.373,14.021
18.528,14.257,18.412,9.989,12.66
18.532,15.522,16.37,14.196,9.057
18.536,9.453,6.752,0.779,8.099
18.54,11.366,9.044,3.474,-1.302
18.544,4.092,5.02,2.48,2.222
18.548,1.431,-1.038,4.623,-5.269
18.552,7.296,6.399,-3.966,1.16
18.556,12.188,-5.138,-0.771,-4.583
18.56,6.889,5.034,2.212,-4.885
18.564,12.212,-3.068,4.604,-1.44
18.568,-0.455,-13.253,-2.455,-6.95
18.572,-5.494,-9.653,-7.004,-12.74
18.576,-17.266,-19.926,-10.447,-20.155
18.58,-12.961,-22.494,-16.313,-17.861
18.584,-15.147,-26.492,-13.6,-19.644
18.588,-15.706,-22.001,-12.979,-16.082
18.592,-11.099,-17.598,-7.85,-19.191
18.596,-4.955,-6.944,1.623,-5.724
18.6,1.864,1.15,4.065,-1.627
18.604,15.87,1.027,12.754,8.458
18.608,14.548,11.681,15.864,13.793
18.612,20.165,9.659,19.199,15.699
18.616,19.888,18.04,24.307,18.668
18.62,22.379,23.438,23.311,16.337
18.624,17.506,9.43,21.644,14.397
18.628,11.972,8.307,16.744,9.062
18.632,2.75,9.676,11.178,8.613
18.636,5.721,6.457,11.765,1.12
18.64,1.814,-1.707,3.541,2.882
18.644,1.704,3.649,3.235,9.843
18.648,-1.453,-4.371,5.146,-0.88
18.652,7.024,2.255,1.66,-4.637
18.656,5.585,-2.405,7.744,6.267
18.66,6.613,-1.674,5.173,-0.161
18.664,3.752,-6.872,2.924,-4.09
18.668,-1.143,-9.184,0.481,-8.532
18.672,-10.264,-12.396,-4.741,-14.943
18.676,-5.056,-13.954,-9.335,-16.989
18.68,-15.971,-19.052,-15.328,-21.308
18.684,-14.589,-21.257,-10.965,-22.216
18.688,-9.737,-16.065,-18.897,-16.495
18.692,-5.116,-12.812,-12.66,-11.067
18.696,0.846,-5.79,-6.116,-8.262
18.7,5.542,8.769,0.777,1.506
18.704,12.442,13.375,5.089,13.871
18.708,28.102,19.805,21.384,11.459
18.712,24.394,25.889,22.249,13.351
18.716,25.324,26.675,19.539,22.402
18.72,22.287,30.101,21.944,16.767
18.724,21.634,15.805,15.699,14.391
18.728,16.698,15.282,10.513,12.158
18.732,10.992,11.764,3.676,11.126
18.736,7.734,5.47,2.685,4.092
18.74,8.598,6.305,-1.704,-5.15
18.744,-0.466,3.622,-3.594,1.12
18.748,0.447,6.892,2.496,0.585
18.752,-2.261,1.746,-2.096,-2.471
18.756,-0.435,-4.665,4.891,-5.152
18.76,-5.013,-4.483,-2.336,-2.355
18.764,-8.165,-15.078,-7.142,-10.609
18.768,-15.419,-13.44,-4.981,-12.769
18.772,-15.811,-18.009,-12.726,-15.842
18.776,-19.611,-24.795,-20.923,-19.731
18.78,-18.847,-25.104,-19.088,-16.331
18.784,-24.401,-26.9,-25.351,-20.356
18.788,-25.861,-25.469,-26.289,-17.207
18.792,-24.578,-16.051,-14.421,-13.357
18.796,-17.927,-8.405,-5.862,-12.2
18.8,-10.63,-2.274,-4.123,-1.691
18.804,6.505,2.67,8.093,6.9
18.808,8.249,8.822,13.01,13.582
18.812,10.109,14.607,16.512,19.689
18.816,10.905,17.897,15.164,22.679
18.82,10.62,16.338,12.371,20.078
18.824,8.759,20.55,11.601,21.258
18.828,10.786,13.92,7.812,13.105
18.832,2.83,13.449,-2.635,5.805
18.836,-4.653,3.784,-3.627,7.552
18.84,4.61,3.423,-5.526,-2.45
18.844,-6.435,6.389,-6.526,1.648
18.848,-4.496,5.386,-7.237,-0.56
18.852,1.836,-1.684,-8.294,-2.465
18.856,-0.641,1.681,-4.717,0.582
18.86,-4.152,-0.128,-5.31,-2.065
18.864,-8.685,-6.046,-8.128,-9.237
18.868,-11.428,-6.423,-8.467,-6.856
18.872,-15.531,-16.092,-19.124,-14.886
18.876,-16.954,-17.55,-18.735,-15.606
18.88,-19.456,-15.155,-28.383,-19.35
18.884,-21.546,-17.128,-24.528,-18.612
18.888,-19.774,-14.936,-29.724,-25.07
18.892,-18.813,-11.394,-21.49,-16.954
18.896,-8.721,-3.138,-12.489,-7.262
18.9,1.437,4.106,-9.03,8.649
18.904,4.263,11.772,-1.331,8.001
18.908,10.142,15.736,12.303,12.661
18.912,14.732,18.244,8.768,20.872
18.916,19.008,19.418,14.653,18.136
18.92,11.561,17.209,18.218,20.266
18.924,15.152,16.466,10.922,16.129
18.928,7.464,11.849,6.177,15.005
18.932,1.538,13.975,-0.477,9.393
18.936,1.074,1.778,-3.974,2.262
18.94,-8.843,4.523,-4.36,-3.298
18.944,-5.054,-1.988,-10.279,-3.162
18.948,-5.559,-3.655,-0.498,0.78
18.952,-9.42,-3.347,-1.717,-0.046
18.956,-5.274,-10.485,-6.815,0.036
18.96,-6.759,-10.885,1.104,-0.446
18.964,-10.33,-15.215,-1.906,-6.156
18.968,-10.514,-16.234,-6.074,-7.722
18.972,-18.709,-21.533,-5.036,-11.819
18.976,-19.792,-17.96,-15.772,-20.286
18.98,-23.345,-25.369,-14.665,-20.803
18.984,-25.015,-30.393,-20.283,-18.729
18.988,-19.243,-21.461,-17.418,-16.155
18.992,-16.294,-12.841,-16.096,-16.404
18.996,-12.856,-3.27,-13.504,-6.086
19.0,-5.403,-0.688,-5.48,-1.843
19.004,10.804,6.61,7.595,4.947
19.008,12.009,15.22,13.724,19.711
19.012,21.59,21.703,15.235,17.007
19.016,23.336,19.871,19.528,15.479
19.02,21.844,22.886,20.606,17.654
19.024,26.473,21.763,19.934,15.174
19.028,17.532,18.943,9.668,14.527
19.032,15.369,14.659,8.57,6.331
19.036,10.649,8.684,9.161,4.835
19.04,6.915,9.502,4.225,4.397
19.044,6.599,6.096,-0.737,-1.705
19.048,10.989,4.41,2.644,0.763
19.052,10.114,-0.212,4.09,-0.079
19.056,12.476,3.106,6.202,0.63
19.06,5.961,-4.255,3.974,-0.906
19.064,-0.065,-0.069,3.295,-3.261
19.068,-2.773,-12.708,1.396,-8.265
19.072,-9.764,-11.381,-9.245,-11.714
19.076,-8.498,-23.399,-14.456,-16.791
19.08,-16.003,-27.154,-11.964,-11.974
19.084,-24.819,-22.754,-15.47,-18.088
19.088,-7.092,-26.188,-10.965,-18.246
19.092,-12.4,-13.17,-6.095,-14.995
19.096,-6.481,-9.463,-8.476,-4.648
19.1,7.419,1.852,2.244,-2.446
19.104,5.976,4.247,12.048,3.734
19.108,19.071,11.598,15.749,9.906
19.112,17.894,14.375,21.539,22.145
19.116,17.128,14.595,20.493,23.64
19.12,25.146,15.731,21.686,19.448
19.124,19.745,11.158,16.678,14.292
19.128,15.571,12.513,16.052,10.141
19.132,9.63,6.571,13.123,13.534
19.136,6.788,3.621,7.936,3.427
19.14,-0.954,9.587,12.27,2.237
19.144,2.221,-1.981,6.62,-1.274
19.148,-0.691,-0.983,7.0,0.162
19.152,-1.443,-2.927,4.965,1.243
19.156,4.247,-0.338,4.759,5.373
19.16,5.795,-4.773,8.778,-1.469
19.164,-0.839,-8.798,1.895,-2.149
19.168,-3.556,-4.277,-1.042,-8.48
19.172,-10.252,-17.105,-6.385,-11.231
19.176,-10.565,-17.97,-8.949,-14.947
19.18,-10.908,-16.204,-11.485,-19.582
19.184,-11.41,-21.011,-12.48,-19.193
19.188,-10.222,-13.531,-15.422,-20.38
19.192,-9.241,-12.248,-10.057,-12.473
19.196,-2.821,-0.975,-3.464,-7.417
19.2,9.129,6.735,7.332,-1.657
19.204,16.699,11.236,4.97,7.232
19.208,19.983,15.074,16.486,17.903
19.212,23.234,21.497,18.393,17.939
19.216,29.311,24.778,19.835,21.186
19.22,23.348,27.165,17.301,20.242
19.224,23.138,23.051,17.798,17.712
19.228,15.694,19.889,4.034,8.475
19.232,7.898,14.914,6.141,4.303
19.236,11.426,12.136,-2.832,1.454
19.24,3.668,5.365,-1.885,3.029
19.244,-0.813,3.637,-1.319,0.831
19.248,-3.855,1.051,-1.588,0.526
19.252,-4.187,-2.28,2.414,-0.253
19.256,-2.438,-0.107,4.427,-4.02
19.26,2.468,-2.994,5.682,-3.009
19.264,-8.343,-5.98,-2.655,-3.066
19.268,-6.698,-16.157,-3.073,-7.92
19.272,-16.496,-17.223,-6.994,-11.253
19.276,-24.444,-18.812,-17.61,-20.645
19.28,-25.848,-19.991,-16.153,-19.008
19.284,-29.652,-29.349,-27.96,-26.165
19.288,-27.08,-22.68,-19.429,-22.164
19.292,-23.156,-18.643,-11.635,-16.895
19.296,-19.975,-6.734,-10.031,-13.112
19.3,-2.205,-10.432,-3.51,-2.405
19.304,1.504,0.842,3.872,8.415
19.308,5.327,15.109,15.009,17.479
19.312,12.523,14.419,9.736,16.646
19.316,11.278,14.653,14.5,17.933
19.32,5.175,23.49,16.686,18.607
19.324,19.457,13.093,11.522,15.169
19.328,7.406,17.592,9.429,8.75
19.332,1.153,6.474,3.194,9.033
19.336,-6.112,3.656,-4.069,2.817
19.34,-6.803,6.089,-3.214,-0.769
19.344,1.949,1.266,-9.638,-1.661
19.348,1.782,3.582,-11.263,6.944
19.352,0.165,7.33,-6.131,2.434
19.356,-5.232,0.307,-3.564,-1.064
19.36,1.787,3.767,-6.912,-8.517
19.364,-3.641,-2.949,-6.187,-8.812
19.368,-6.563,-4.626,-10.24,-7.149
19.372,-11.473,-18.41,-20.598,-12.661
19.376,-21.496,-12.861,-21.195,-19.429
19.38,-23.624,-15.503,-20.179,-19.364
19.384,-22.63,-18.297,-22.869,-22.138
19.388,-17.726,-9.493,-25.047,-20.176
19.392,-19.802,-12.349,-16.963,-14.501
19.396,-10.127,-9.576,-7.158,-10.633
19.4,-2.934,4.697,-6.029,-4.157
19.404,7.129,5.127,5.149,3.521
19.408,12.713,15.589,11.108,12.766
19.412,11.453,23.429,12.123,13.503
19.416,19.993,22.585,11.612,26.474
19.42,10.755,19.637,18.742,21.769
19.424,14.076,16.621,13.76,18.132
19.428,4.55,17.464,5.256,9.134
19.432,1.943,5.51,5.304,4.864
19.436,-1.888,7.244,-0.179,-0.549
19.44,-4.703,7.992,-0.238,6.724
19.444,-4.596,0.445,-9.667,4.076
19.448,-5.675,-3.75,-4.761,1.907
19.452,-4.262,-5.031,2.38,-0.254
19.456,-5.262,-7.671,6.384,-1.21
19.46,-11.403,-10.439,-3.144,0.309
19.464,-8.985,-11.138,-5.165,1.094
19.468,-14.794,-13.054,-5.342,-5.48
19.472,-20.321,-13.974,-10.712,-15.128
19.476,-21.473,-27.781,-14.462,-18.272
19.48,-22.4,-30.936,-25.742,-17.564
19.484,-22.422,-18.368,-21.076,-22.495
19.488,-17.584,-20.286,-16.359,-19.665
19.492,-11.749,-14.935,-21.499,-9.45
19.496,-7.428,-6.657,-12.7,-8.527
19.5,1.551,-0.561,-5.322,-4.727
19.504,8.722,14.086,9.8,16.242
19.508,17.973,16.739,11.647,17.244
19.512,22.213,19.115,15.172,18.061
19.516,23.008,22.183,20.524,19.882
19.52,29.406,23.188,15.534,12.588
19.524,18.965,19.58,17.416,14.794
19.528,21.357,23.874,18.986,9.557
19.532,9.04,15.465,6.285,7.702
19.536,12.235,7.98,-1.886,8.582
19.54,11.919,9.701,0.616,2.529
19.544,0.934,10.547,3.041,6.136
19.548,7.03,7.733,3.51,-4.298
19.552,8.996,0.756,6.051,-4.517
19.556,7.376,-2.142,2.508,3.681
19.56,6.431,2.871,3.017,-0.896
19.564,2.975,-9.791,-5.512,-2.297
19.568,-4.734,-8.057,0.179,-7.489
19.572,0.904,-15.373,-10.02,-11.204
19.576,-12.31,-13.734,-9.894,-13.909
19.58,-12.943,-23.544,-16.404,-18.21
19.584,-17.594,-23.479,-15.271,-21.618
19.588,-21.311,-17.558,-10.68,-11.262
19.592,-13.462,-12.972,-10.669,-13.698
19.596,-9.094,-5.319,-5.144,-8.183
19.6,5.679,-0.932,4.763,-1.036
19.604,7.78,5.797,10.496,8.607
19.608,14.119,14.016,15.995,13.253
19.612,16.464,11.068,28.557,12.165
19.616,21.382,14.578,18.764,19.141
19.62,17.88,13.091,24.963,15.719
19.624,19.953,6.712,19.169,16.776
19.628,13.717,13.877,12.54,11.699
19.632,6.812,11.783,11.458,5.417
19.636,7.541,5.59,6.813,6.523
19.64,2.766,2.256,8.439,0.997
19.644,1.951,-0.517,0.4,-1.085
19.648,-2.293,-1.758,2.748,-1.196
19.652,2.511,2.321,8.246,-1.044
19.656,3.979,0.837,5.065,1.475
19.66,6.322,-7.243,6.599,-3.547
19.664,-1.945,-4.658,6.298,-3.489
19.668,3.915,-7.466,0.54,-8.92
19.672,-5.167,-12.575,-7.702,-13.718
19.676,-15.145,-16.225,-11.621,-14.555
19.68,-15.724,-17.894,-10.489,-21.773
19.684,-9.521,-23.003,-15.208,-18.341
19.688,-8.128,-20.54,-15.122,-17.323
19.692,-7.331,-8.46,-9.453,-9.999
19.696,-0.421,-7.285,-8.311,-12.861
19.7,3.249,-0.364,2.229,3.057
19.704,18.227,5.28,10.093,6.677
19.708,17.535,16.648,16.167,8.618
19.712,27.046,23.794,19.139,16.275
19.716,29.866,26.188,20.506,21.439
19.72,24.573,27.052,19.51,18.71
19.724,23.803,20.915,20.562,20.016
19.728,21.647,18.597,4.777,10.774
19.732,11.844,16.404,8.653,7.308
19.736,6.063,10.989,2.373,3.145
19.74,3.107,4.211,0.007,-1.856
19.744,-0.91,4.041,-1.896,-0.041
19.748,-1.979,-4.987,1.135,-0.767
19.752,1.01,-0.965,3.221,0.372
19.756,-1.811,-4.997,-5.011,0.132
19.76,-2.325,-1.41,6.089,-1.203
19.764,-11.059,-12.529,-2.201,-3.41
19.768,-11.318,-13.516,-6.227,-4.11
19.772,-13.014,-19.562,-15.569,-14.722
19.776,-24.257,-23.764,-17.894,-18.145
19.78,-24.378,-23.368,-15.775,-14.718
19.784,-31.373,-26.077,-21.227,-16.092
19.788,-28.429,-17.115,-19.075,-17.475
19.792,-18.076,-23.999,-17.835,-7.908
19.796,-15.191,-9.613,-4.416,-6.118
19.8,-1.277,-4.059,-3.399,5.622
19.804,2.168,3.833,7.85,11.964
19.808,8.977,11.716,10.15,18.864
19.812,8.628,18.821,15.553,14.807
19.816,12.629,19.352,16.73,21.908
19.82,10.991,21.958,16.933,18.718
19.824,7.39,17.527,12.785,11.958
19.828,8.829,11.424,4.446,15.798
19.832,5.513,10.887,4.624,10.991
19.836,0.886,11.443,-5.624,3.264
19.84,-4.805,4.256,-8.509,-0.645
19.844,-2.022,0.562,-6.554,0.22
19.848,-8.462,4.623,-4.031,-5.553
19.852,1.874,2.934,-7.363,-3.932
19.856,-5.781,-1.541,-4.037,-0.944
19.86,-6.104,-1.815,-8.632,0.638
19.864,-4.645,-4.467,-7.519,-4.256
19.868,-7.915,-7.475,-7.5,-9.076
19.872,-13.03,-9.411,-17.549,-14.273
19.876,-20.306,-15.985,-23.241,-8.657
19.88,-16.629,-14.857,-21.866,-22.19
19.884,-26.157,-18.817,-26.692,-25.387
19.888,-24.106,-10.181,-15.689,-19.979
19.892,-15.982,-5.805,-18.244,-12.427
19.896,-13.393,-7.318,-9.35,-7.26
19.9,1.264,-1.325,-8.699,-2.253
19.904,1.216,12.333,4.297,8.161
19.908,15.36,16.133,6.339,17.308
19.912,17.589,21.064,13.017,18.865
19.916,19.358,19.125,12.753,20.365
19.92,19.906,19.982,16.909,19.44
19.924,11.043,16.64,11.458,13.736
19.928,3.161,14.58,6.442,13.138
19.932,1.142,5.433,5.747,10.534
19.936,-4.266,4.621,-1.796,7.756
19.94,-7.424,-2.356,-0.766,2.497
19.944,-6.167,-2.732,1.112,0.09
19.948,-7.785,-3.328,-3.116,5.521
19.952,-8.87,-3.029,-1.561,0.471
19.956,-7.392,-4.459,1.292,-1.498
19.96,-5.962,-6.203,2.336,-3.276
19.964,-6.925,-15.94,-3.559,-6.111
19.968,-17.911,-11.301,-9.304,-8.918
19.972,-17.903,-20.74,-9.145,-6.01
19.976,-21.027,-23.627,-14.346,-18.243
19.98,-26.497,-22.813,-16.684,-14.388
19.984,-23.53,-24.269,-18.263,-20.52
19.988,-20.308,-19.372,-18.155,-15.127
19.992,-14.114,-13.621,-13.642,-17.217
19.996,-8.205,-10.45,-5.741,-7.638
20.0,-2.643,-0.551,-4.349,-4.848
20.004,14.473,7.698,11.837,7.651
20.008,18.158,18.138,15.786,16.341
20.012,22.41,19.062,16.237,21.152
20.016,26.186,21.732,20.915,19.89
20.02,23.684,20.554,23.211,17.893
20.024,24.462,19.183,16.932,16.235
20.028,17.164,14.754,9.548,10.073
20.032,13.108,12.984,3.568,5.688
20.036,11.7,16.272,11.338,2.475
20.04,12.338,10.558,-3.242,1.892
20.044,11.192,10.062,2.582,4.354
20.048,8.392,1.7,0.58,3.787
20.052,8.399,-2.807,6.663,-0.846
20.056,8.708,2.134,0.641,-2.491
20.06,8.253,4.149,8.682,-3.406
20.064,6.462,-6.375,1.469,-8.136
20.068,-2.161,-8.865,-2.324,-5.224
20.072,-2.246,-18.376,-7.03,-15.97
20.076,-9.771,-17.59,-12.272,-22.746
20.08,-12.292,-20.754,-14.896,-16.781
20.084,-11.507,-27.368,-12.855,-17.847
20.088,-12.242,-22.521,-18.72,-21.495
20.092,-7.941,-18.709,-11.605,-13.073
20.096,-5.919,-14.137,1.56,-11.54
20.1,6.899,-4.526,4.484,-0.292
20.104,11.688,6.275,10.706,8.661
20.108,16.039,8.969,14.996,16.062
20.112,22.96,18.626,19.447,19.441
20.116,28.863,16.129,27.276,14.221
20.12,16.522,17.93,20.534,19.875
20.124,14.564,16.262,21.989,22.516
20.128,20.867,15.952,12.076,12.968
20.132,9.808,5.346,10.038,3.253
20.136,5.563,5.249,6.503,1.569
20.14,2.396,-1.724,2.216,-0.326
20.144,5.512,4.394,4.035,-6.949
20.148,9.929,-5.043,-2.052,0.192
20.152,0.728,-1.614,4.946,-0.942
20.156,2.724,0.868,7.015,-0.956
20.16,1.269,-9.078,2.454,-1.582
20.164,2.509,-6.199,3.293,-5.866
20.168,0.747,-14.133,-0.687,-4.843
20.172,-1.975,-7.541,-5.287,-11.237
20.176,-8.287,-23.062,-14.603,-17.574
20.18,-5.631,-23.506,-13.874,-17.633
20.184,-15.509,-21.922,-20.84,-18.837
20.188,-14.362,-19.096,-16.399,-21.117
20.192,-2.977,-9.247,-10.615,-14.5
20.196,-0.502,1.415,-3.833,-8.108
20.2,2.615,7.27,-0.689,-1.756
20.204,13.315,12.208,9.476,3.514
20.208,21.266,18.104,18.836,12.132
20.212,22.573,20.852,17.383,22.051
20.216,22.766,25.996,14.972,17.956
20.22,23.805,23.874,21.441,21.665
20.224,17.707,22.657,13.354,15.867
20.228,18.01,16.053,9.469,12.292
20.232,5.209,10.261,6.948,3.736
20.236,6.86,9.674,2.865,7.191
20.24,4.866,5.976,3.257,7.389
20.244,1.048,1.354,-1.403,-2.049
20.248,3.597,-1.334,-0.166,3.801
20.252,-4.429,0.71,-4.708,-3.698
20.256,-3.422,-1.777,2.562,-0.207
20.26,-4.298,-0.336,-2.267,-4.725
20.264,-4.451,-5.454,7.06,-2.567
20.268,-10.385,-17.448,-7.197,-8.021
20.272,-9.674,-18.848,-10.113,-11.942
20.276,-23.318,-26.183,-14.268,-12.037
20.28,-28.613,-30.018,-20.118,-15.238
20.284,-20.442,-18.236,-20.123,-20.42
20.288,-28.805,-18.23,-13.556,-14.931
20.292,-18.45,-19.964,-18.713,-10.53
20.296,-17.199,-7.776,-17.059,-4.256
20.3,-12.951,0.371,-6.848,0.443
20.304,-0.254,-1.777,7.45,8.576
20.308,10.084,13.362,9.167,13.13
20.312,8.193,14.353,21.507,25.254
20.316,15.513,19.706,17.855,21.101
20.32,15.477,27.983,12.2,18.722
20.324,6.772,22.144,8.233,17.483
20.328,6.154,14.142,4.53,12.604
20.332,7.651,15.42,-5.046,13.596
20.336,1.641,2.218,-1.82,3.634
20.34,-3.106,6.999,-2.878,3.505
20.344,-1.769,5.393,-8.582,-0.313
20.348,-4.78,4.882,-9.866,-5.172
20.352,1.246,0.398,-7.028,0.114
20.356,1.453,1.918,-0.812,2.515
20.36,-2.38,1.452,-2.068,-0.8
20.364,-4.299,-10.891,-6.064,-7.168
20.368,-11.524,-8.443,-5.49,-2.652
20.372,-16.867,-14.061,-20.085,-15.358
20.376,-18.105,-12.783,-20.201,-18.292
20.38,-20.291,-12.818,-21.321,-22.343
20.384,-17.912,-19.052,-21.96,-23.012
20.388,-16.889,-18.446,-20.546,-18.117
20.392,-15.107,-10.518,-16.648,-12.148
20.396,-6.029,-8.209,-8.465,-9.345
20.4,-5.235,1.672,-2.472,1.693
20.404,7.983,8.402,-0.538,9.892
20.408,8.317,17.099,7.993,12.994
20.412,18.202,20.355,8.469,13.711
20.416,15.613,21.574,17.999,24.445
20.42,8.25,25.29,17.374,16.956
20.424,12.99,18.484,6.833,9.343
20.428,8.629,12.414,4.95,10.622
20.432,0.082,8.284,-3.603,9.159
20.436,-3.68,2.626,-2.207,5.9
20.44,-5.775,-1.645,-6.338,-2.203
20.444,-12.395,-5.353,-7.793,-5.501
20.448,-13.944,0.367,-3.61,0.808
20.452,-2.708,-6.706,3.306,1.66
20.456,-9.128,-5.282,0.814,3.308
20.46,-2.043,-9.385,-2.73,1.801
20.464,-5.683,-11.579,-4.089,-3.259
20.468,-8.401,-11.632,-1.757,-10.164
20.472,-18.944,-18.276,-7.969,-13.237
20.476,-25.429,-24.68,-16.993,-16.702
20.48,-26.21,-25.311,-17.752,-21.714
20.484,-24.511,-20.678,-23.355,-16.661
20.488,-27.872,-19.008,-18.701,-15.169
20.492,-17.097,-12.496,-12.143,-18.169
20.496,-9.042,-8.876,-4.787,-8.549
20.5,-3.883,-4.188,-1.92,6.187
20.504,5.315,9.68,10.853,11.073
20.508,15.009,16.022,14.881,14.546
20.512,21.821,21.295,17.91,21.54
20.516,20.499,19.113,26.087,24.852
20.52,23.827,21.698,18.174,19.252
20.524,21.014,19.097,12.738,11.902
20.528,17.134,20.004,9.727,14.368
20.532,11.146,16.394,9.569,10.143
20.536,5.794,11.361,0.983,0.682
20.54,12.699,11.388,4.463,1.99
20.544,8.547,10.702,-0.989,-2.326
20.548,9.631,5.61,2.115,-5.044
20.552,6.599,5.049,10.167,0.772
20.556,6.128,-0.44,1.642,4.311
20.56,6.768,-3.588,-2.203,-0.245
20.564,-2.938,-1.889,5.946,-3.169
20.568,-4.795,-11.794,-5.864,-11.406
20.572,-8.594,-11.576,-8.527,-9.904
20.576,-12.163,-12.516,-8.308,-17.634
20.58,-16.884,-18.419,-11.724,-21.302
20.584,-14.655,-21.332,-22.132,-17.257
20.588,-14.239,-23.43,-14.584,-21.899
20.592,-6.51,-14.869,-6.801,-14.616
20.596,2.67,-6.371,3.16,-11.028
20.6,-1.384,-2.888,1.039,-0.898
20.604,10.043,7.814,15.628,1.008
20.608,16.098,11.964,16.834,15.606
20.612,19.614,16.054,26.082,19.423
20.616,17.845,16.266,21.208,26.434
20.62,17.278,12.584,22.312,19.695
20.624,17.697,13.494,20.738,13.267
20.628,9.975,10.052,17.881,14.764
20.632,9.005,9.22,12.126,10.315
20.636,4.253,3.876,5.422,7.62
20.64,3.167,4.366,2.97,-4.674
20.644,-0.973,0.072,9.141,-2.058
20.648,2.567,-3.437,5.128,-2.832
20.652,0.081,-5.21,3.785,4.695
20.656,3.496,-5.621,7.294,2.371
20.66,6.339,-5.006,6.827,2.183
20.664,1.094,-9.102,-1.407,-6.954
20.668,-1.954,-14.384,0.312,-7.011
20.672,-4.386,-11.506,-10.388,-16.671
20.676,-14.797,-16.931,-12.503,-19.28
20.68,-8.032,-18.13,-17.118,-18.598
20.684,-16.951,-21.025,-16.061,-19.238
20.688,-9.219,-18.953,-15.822,-17.072
20.692,-5.145,-11.297,-11.204,-15.932
20.696,-3.577,-10.069,-10.143,-6.308
20.7,9.77,6.144,2.711,0.014
20.704,15.757,9.394,7.025,12.294
20.708,26.169,17.272,23.302,12.701
20.712,25.092,23.952,19.123,12.749
20.716,25.484,24.149,20.659,21.754
20.72,22.884,20.995,21.938,19.976
20.724,15.67,26.606,20.148,13.304
20.728,15.149,13.677,7.853,10.81
20.732,10.213,7.157,8.275,7.99
20.736,7.375,12.221,5.532,2.561
20.74,-0.962,1.588,0.746,-2.123
20.744,0.602,6.901,-0.184,-0.554
20.748,2.046,2.096,-1.907,2.543
20.752,1.709,-0.117,-0.596,-0.975
20.756,-6.899,-4.849,0.354,0.59
20.76,-1.188,-8.442,-1.47,-1.753
20.764,-7.329,-10.726,0.031,-7.405
20.768,-11.595,-16.498,-9.172,-7.727
20.772,-23.198,-14.652,-8.82,-13.125
20.776,-16.419,-24.317,-12.198,-13.697
20.78,-23.898,-22.981,-18.743,-15.262
20.784,-30.404,-21.807,-26.801,-17.258
20.788,-23.387,-25.315,-18.485,-20.458
20.792,-19.465,-16.945,-18.383,-17.469
20.796,-10.595,-14.188,-11.912,-12.125
20.8,-7.672,-4.325,-1.853,0.508
20.804,0.907,2.608,7.775,5.457
20.808,5.457,8.724,5.62,10.642
20.812,13.652,16.301,14.683,24.138
20.816,11.434,14.915,21.649,21.362
20.82,10.51,21.742,10.862,19.977
20.824,10.383,14.143,9.967,16.832
20.828,3.16,10.725,4.02,16.646
20.832,7.726,10.398,3.257,6.907
20.836,5.471,6.867,-6.405,5.553
20.84,-3.682,6.555,-9.67,3.919
20.844,-7.174,4.065,-3.184,5.619
20.848,-1.714,-2.117,-4.495,-0.114
20.852,-3.541,4.884,-7.855,3.813
20.856,1.637,-0.06,-4.009,-5.531
20.86,-5.104,-0.392,-8.323,5.144
20.864,-3.357,2.685,-3.943,-2.432
20.868,-8.185,-3.635,-9.58,-5.143
20.872,-14.84,-10.719,-17.162,-15.641
20.876,-16.255,-18.889,-21.316,-20.019
20.88,-17.394,-21.021,-24.379,-20.907
20.884,-20.839,-13.731,-27.554,-19.844
20.888,-19.365,-16.386,-18.937,-19.016
20.892,-18.279,-11.374,-15.331,-15.211
20.896,-6.168,-8.185,-13.627,-8.175
20.9,0.729,3.689,-5.699,-7.004
20.904,3.519,12.822,-0.444,8.864
20.908,10.316,19.93,8.876,13.471
20.912,18.726,18.065,15.023,21.106
20.916,12.252,23.024,18.554,18.476
20.92,16.058,20.094,11.102,17.852
20.924,9.124,20.316,5.44,16.447
20.928,11.535,13.656,3.068,13.841
20.932,1.642,6.698,3.332,10.86
20.936,1.215,8.879,-1.974,3.577
20.94,-7.58,1.707,-0.88,2.494
20.944,-10.365,-2.239,-4.165,0.145
20.948,-7.552,-2.503,1.311,-0.991
20.952,-5.825,-6.761,-7.097,-5.658
20.956,-8.188,-4.984,-9.043,0.572
20.96,-5.334,-9.074,2.085,-3.94
20.964,-10.424,-13.876,-6.331,-1.087
20.968,-19.347,-7.962,-6.979,-10.013
20.972,-15.335,-21.828,-11.341,-13.494
20.976,-23.251,-20.852,-15.081,-18.439
20.98,-24.035,-23.449,-20.676,-17.368
20.984,-18.512,-26.335,-23.215,-20.813
20.988,-15.434,-21.47,-21.871,-16.547
20.992,-17.397,-19.291,-12.625,-21.992
20.996,-6.703,-1.961,-5.533,-1.602
21.0,-1.657,-0.804,-0.75,-3.031
21.004,7.576,7.612,6.058,9.89
21.008,13.854,21.099,16.142,15.481
21.012,15.579,17.986,14.33,20.387
21.016,23.456,27.141,26.209,17.45
21.02,23.814,25.397,20.612,17.951
21.024,18.59,15.975,15.583,17.168
21.028,20.257,17.693,14.234,11.801
21.032,11.794,16.403,9.284,4.68
21.036,7.882,11.598,4.649,5.419
21.04,9.189,8.6,-3.696,8.059
21.044,2.028,4.408,2.804,-1.22
21.048,9.333,2.412,6.708,1.355
21.052,5.643,2.111,1.87,0.793
21.056,9.588,7.069,7.166,-1.158
21.06,9.161,-4.134,6.404,1.211
21.064,4.487,-6.365,2.726,-1.322
21.068,-3.887,-9.083,-1.153,-9.058
21.072,-9.953,-18.057,-4.41,-7.49
21.076,-15.102,-16.379,-9.247,-15.941
21.08,-10.936,-24.244,-8.118,-15.741
21.084,-16.058,-24.351,-12.11,-18.871
21.088,-16.281,-22.815,-11.433,-18.134
21.092,-11.085,-20.281,-6.186,-14.006
21.096,-1.509,-5.593,-0.802,-5.556
21.1,4.74,-0.786,-1.487,-3.3
21.104,10.916,7.516,12.073,8.698
21.108,17.575,13.363,16.961,17.912
21.112,20.197,14.676,23.941,19.784
21.116,22.006,17.128,22.659,14.663
21.12,20.692,19.993,24.775,14.819
21.124,16.975,19.685,18.313,16.036
21.128,15.071,7.576,20.111,9.428
21.132,9.611,15.054,15.366,10.077
21.136,2.349,-0.025,2.37,2.277
21.14,4.329,-0.27,5.446,2.862
21.144,2.628,-0.55,2.418,5.864
21.148,3.929,-1.426,5.052,-0.04
21.152,2.411,3.126,6.971,-2.926
21.156,5.45,-0.775,1.843,1.142
21.16,2.137,-4.25,2.038,-0.36
21.164,2.482,-4.878,0.106,-2.949
21.168,-4.289,-10.117,-2.801,-3.304
21.172,-7.999,-16.553,-7.435,-15.348
21.176,-8.781,-15.931,-8.178,-12.975
21.18,-14.184,-18.751,-13.492,-20.787
21.184,-7.167,-21.086,-18.287,-15.762
21.188,-10.159,-12.04,-15.47,-24.619
21.192,-7.311,-10.973,-17.713,-7.289
21.196,1.589,-7.346,1.601,-8.397
21.2,5.301,0.916,2.993,-3.631
21.204,17.032,13.111,13.307,10.307
21.208,23.184,21.223,18.831,15.516
21.212,28.273,24.116,20.214,19.612
21.216,24.487,26.282,14.287,22.692
21.22,20.76,22.069,18.179,19.077
21.224,19.07,22.368,17.242,15.095
21.228,15.259,17.285,11.568,8.311
21.232,16.042,13.281,9.677,7.067
21.236,13.174,9.262,2.627,2.165
21.24,4.341,3.986,5.719,1.183
21.244,1.347,5.397,-3.857,0.384
21.248,-0.732,-2.062,1.182,5.103
21.252,2.157,-4.862,-2.716,-2.132
21.256,5.247,-5.498,3.42,-0.469
21.26,2.05,-3.316,-2.452,-2.515
21.264,-3.175,-8.58,-7.903,-7.908
21.268,-7.671,-19.216,-11.015,1.327
21.272,-13.607,-16.483,-12.802,-14.598
21.276,-21.042,-22.235,-11.505,-14.865
21.28,-26.638,-25.752,-17.628,-13.867
21.284,-25.872,-25.549,-20.092,-23.622
21.288,-23.245,-26.672,-20.517,-15.624
21.292,-24.86,-17.555,-19.831,-18.599
21.296,-14.722,-15.309,-13.127,-9.992
21.3,-9.221,-4.854,-4.594,1.684
21.304,3.912,2.938,2.531,6.766
21.308,5.736,13.12,8.633,18.344
21.312,12.843,15.947,11.657,18.638
21.316,11.684,20.675,15.692,21.467
21.32,17.982,15.367,11.905,16.899
21.324,5.484,17.065,13.963,12.857
21.328,8.265,16.117,9.233,8.321
21.332,-0.912,14.882,2.95,4.603
21.336,-1.839,4.566,-1.197,1.615
21.34,-1.702,2.965,-9.615,4.68
21.344,-2.248,5.326,1.193,1.256
21.348,-2.036,7.6,-6.056,-3.943
21.352,-1.64,2.781,-1.915,-1.126
21.356,-3.812,-2.558,-1.305,-0.137
21.36,-3.235,-4.387,-7.601,7.592
21.364,-4.896,-3.517,-8.594,-3.674
21.368,-7.941,-6.421,-9.222,-6.047
21.372,-13.008,-12.015,-19.656,-14.766
21.376,-14.787,-18.007,-19.844,-13.811
21.38,-19.749,-13.647,-30.187,-14.827
21.384,-20.496,-18.263,-24.299,-20.356
21.388,-20.805,-13.599,-18.832,-16.406
21.392,-18.818,-16.189,-18.827,-12.254
21.396,-9.139,-1.146,-16.813,-7.376
21.4,1.218,0.297,-6.414,3.873
21.404,6.083,13.432,4.77,5.188
21.408,8.236,17.197,9.858,11.364
21.412,16.928,15.123,14.911,18.266
21.416,14.648,21.826,14.493,18.784
21.42,16.389,25.349,11.493,10.234
21.424,9.693,15.881,10.871,13.779
21.428,7.26,18.643,6.294,5.399
21.432,-0.104,10.327,4.745,6.446
21.436,-4.045,8.94,-3.253,5.839
21.44,-9.995,1.89,-3.711,1.371
21.444,-5.084,-1.557,-4.725,0.446
21.448,-5.739,2.476,3.286,-0.576
21.452,-5.334,-2.387,-4.599,0.745
21.456,-5.83,-6.936,-2.725,8.429
21.46,-9.896,-7.214,-4.847,-2.265
21.464,-6.896,-13.186,-0.032,-3.739
21.468,-10.124,-14.769,-3.258,-10.002
21.472,-19.358,-15.219,-12.395,-17.5
21.476,-19.007,-22.397,-12.505,-15.176
21.48,-20.325,-26.243,-18.271,-15.573
21.484,-24.581,-26.159,-18.253,-12.943
21.488,-21.64,-20.237,-21.76,-18.815
21.492,-14.069,-17.686,-13.951,-14.758
21.496,-12.967,-12.459,-2.231,-4.778
21.5,-3.266,-3.596,4.432,5.137
21.504,5.467,11.686,10.264,3.877
21.508,10.282,14.836,17.289,15.975
21.512,24.007,20.631,26.074,23.736
21.516,17.207,20.358,22.717,19.157
21.52,23.979,21.875,17.27,15.494
21.524,23.038,20.071,19.701,18.329
21.528,16.112,17.976,11.522,7.753
21.532,11.097,10.118,8.858,10.979
21.536,10.493,14.761,4.299,9.671
21.54,7.615,8.436,-0.152,-0.292
21.544,9.666,6.836,2.497,5.02
21.548,-1.272,7.294,5.24,1.784
21.552,4.093,5.549,5.752,4.267
21.556,8.305,-0.54,5.729,-1.995
21.56,5.448,0.402,3.255,0.662
21.564,4.822,-3.136,-3.133,-2.973
21.568,-0.665,-8.222,-1.806,-9.765
21.572,-6.605,-10.484,-4.427,-12.845
21.576,-11.706,-15.276,-16.971,-14.245
21.58,-7.27,-18.197,-13.991,-22.343
21.584,-11.048,-16.993,-15.294,-23.508
21.588,-12.997,-19.323,-16.299,-22.084
21.592,-10.453,-15.186,-7.076,-16.308
21.596,-3.137,-6.94,-0.093,-6.726
21.6,4.885,-2.887,10.198,-1.52
21.604,10.857,6.194,12.339,11.417
21.608,13.407,9.189,22.695,9.649
21.612,25.01,8.342,20.5,19.792
21.616,21.838,19.01,23.215,18.803
21.62,26.071,12.306,25.04,18.654
21.624,17.537,12.672,17.608,18.026
21.628,12.074,13.811,14.531,3.886
21.632,12.68,9.989,12.934,0.995
21.636,5.894,7.447,6.692,3.511
21.64,3.143,-4.943,1.718,0.541
21.644,-1.714,0.116,2.035,-4.239
21.648,4.076,-2.697,3.476,5.906
21.652,1.244,0.2,6.974,-3.366
21.656,1.671,0.618,4.705,-1.642
21.66,0.849,-9.415,-2.389,2.242
21.664,1.628,-7.936,5.012,-5.725
21.668,-7.526,-8.657,0.789,-10.012
21.672,-7.47,-15.54,-9.065,-10.622
21.676,-7.646,-12.151,-13.968,-18.202
21.68,-16.926,-20.158,-10.106,-17.784
21.684,-13.266,-19.458,-16.395,-18.364
21.688,-13.752,-19.048,-12.25,-17.115
21.692,-8.597,-10.348,-12.686,-10.444
21.696,4.095,-13.039,-2.492,-8.742
21.7,1.792,3.061,0.17,-1.512
21.704,16.56,15.313,11.596,7.328
21.708,19.065,13.885,17.523,5.492
21.712,22.929,17.816,14.128,18.893
21.716,22.475,28.172,21.805,18.915
21.72,26.69,28.255,17.697,20.115
21.724,20.326,18.022,19.46,13.284
21.728,15.151,23.473,12.092,15.825
21.732,11.37,15.164,5.814,6.785
21.736,6.078,12.743,7.189,6.206
21.74,-2.695,3.59,-5.517,-0.314
21.744,-0.153,7.609,5.104,1.446
21.748,3.004,0.162,5.256,-4.775
21.752,-4.837,-1.902,-0.798,-6.48
21.756,-4.589,-1.695,3.343,-0.666
21.76,-4.588,-7.142,1.264,-1.269
21.764,-8.766,-14.159,-10.088,-3.988
21.768,-11.124,-13.471,-6.891,-8.276
21.772,-19.383,-19.23,-15.181,-12.994
21.776,-22.064,-24.393,-20.25,-13.947
21.78,-24.572,-20.779,-20.712,-13.616
21.784,-23.863,-17.646,-22.188,-12.141
21.788,-20.778,-25.428,-16.674,-14.969
21.792,-21.283,-17.483,-18.709,-20.844
21.796,-8.599,-12.702,-11.513,-4.432
21.8,-7.295,3.061,1.163,3.114
21.804,3.357,5.459,3.907,7.282
21.808,13.18,13.591,9.064,16.763
21.812,12.276,19.373,17.081,19.333
21.816,9.664,18.948,17.265,19.859
21.82,13.461,18.395,14.459,19.728
21.824,8.752,21.945,13.341,14.311
21.828,6.014,16.86,2.125,6.27
21.832,8.875,8.617,-0.599,1.776
21.836,-3.979,5.811,3.341,6.45
21.84,-1.42,4.319,-14.062,-1.869
21.844,-5.648,7.288,-7.698,-4.543
21.848,-3.647,7.185,-8.762,-4.759
21.852,0.14,8.379,-4.083,-1.319
21.856,-0.932,-1.354,-1.989,4.502
21.86,-3.418,-0.695,-1.156,-1.644
21.864,-6.94,-5.122,-7.941,-7.993
21.868,-7.579,-8.041,-13.184,-2.963
21.872,-7.688,-8.561,-19.372,-10.81
21.876,-19.68,-14.907,-19.432,-17.013
21.88,-14.294,-13.004,-16.62,-17.512
21.884,-17.501,-18.766,-26.092,-19.869
21.888,-15.549,-12.956,-23.173,-20.404
21.892,-14.736,-12.197,-18.412,-15.621
21.896,-6.087,-10.261,-13.692,-11.295
21.9,-5.431,-0.713,-0.486,-1.409
21.904,2.747,9.77,6.553,10.375
21.908,12.986,21.124,11.812,16.69
21.912,15.371,18.031,16.436,17.725
21.916,15.208,20.582,12.954,19.409
21.92,6.737,21.849,10.346,15.868
21.924,9.493,15.877,8.463,17.161
21.928,2.678,12.216,6.931,7.639
21.932,2.932,9.386,0.69,9.904
21.936,-3.14,3.609,-0.136,4.955
21.94,-7.181,-3.938,-3.532,0.413
21.944,1.309,-3.135,-8.308,1.352
21.948,-3.735,-1.191,0.186,-1.133
21.952,-3.446,-2.613,-3.874,0.676
21.956,-0.049,-2.221,0.787,0.599
21.96,-5.203,-4.719,-4.517,2.291
21.964,-12.107,-14.192,-6.587,-2.231
21.968,-15.766,-17.329,-10.179,-4.262
21.972,-14.099,-20.91,-16.04,-10.61
21.976,-26.781,-22.368,-20.285,-16.145
21.98,-23.183,-25.489,-18.113,-17.424
21.984,-29.685,-23.781,-23.142,-18.869
21.988,-20.455,-23.074,-17.737,-19.336
21.992,-13.109,-12.91,-14.13,-18.204
21.996,-7.598,-11.005,-5.208,-9.151
22.0,2.814,-2.993,-3.055,-1.589
22.004,14.331,9.721,11.031,9.25
22.008,15.24,17.43,11.718,13.786
22.012,29.175,19.782,10.548,15.815
22.016,23.809,25.865,20.93,19.41
22.02,25.797,26.009,16.63,18.006
22.024,18.77,27.609,20.561,13.217
22.028,21.851,21.005,12.648,16.191
22.032,16.228,20.215,7.136,6.85
22.036,14.208,11.677,4.548,1.324
22.04,7.773,12.684,0.482,-3.778
22.044,2.89,10.492,6.624,0.308
22.048,7.995,4.123,0.696,1.445
22.052,1.758,0.97,4.926,-1.845
22.056,5.611,-0.353,1.833,0.375
22.06,5.87,-0.166,3.862,-4.482
22.064,9.698,-8.368,-1.867,-4.387
22.068,-0.496,-10.531,-0.978,-4.154
22.072,-5.782,-10.076,-5.895,-12.49
22.076,-10.989,-15.674,-8.848,-17.906
22.08,-18.271,-27.437,-12.386,-14.942
22.084,-15.396,-25.087,-14.923,-19.31
22.088,-14.175,-12.933,-7.436,-19.762
22.092,-13.594,-11.82,-9.412,-16.578
22.096,-8.311,-11.147,-2.808,-11.031
22.1,0.959,-6.816,4.5,1.28
22.104,9.795,1.001,13.031,9.885
22.108,14.288,12.396,17.962,13.981
22.112,16.504,21.111,21.853,17.657
22.116,21.967,22.957,26.585,21.668
22.12,21.646,12.225,22.857,14.714
22.124,17.339,13.882,22.738,16.201
22.128,11.122,8.78,9.336,11.841
22.132,10.312,7.905,14.984,8.652
22.136,4.419,-0.072,9.396,5.136
22.14,-0.825,-0.521,4.323,-0.016
22.144,4.995,-3.374,3.571,5.609
22.148,3.155,-0.353,6.218,-3.363
22.152,2.366,-4.31,2.132,-1.32
22.156,-1.699,-4.924,5.795,2.529
22.16,0.086,-3.955,5.424,-3.113
22.164,6.366,-3.056,-3.478,-3.365
22.168,-7.445,-4.807,-0.103,-9.006
22.172,-7.592,-13.158,-9.925,-12.963
22.176,-10.636,-17.654,-7.32,-19.856
22.18,-12.227,-15.005,-10.145,-16.686
22.184,-18.276,-15.056,-11.142,-17.555
22.188,-11.335,-13.183,-15.478,-15.914
22.192,-12.444,-15.548,-11.613,-15.269
22.196,-0.578,-0.36,-10.387,-6.588
22.2,4.786,4.879,4.98,5.985
22.204,11.665,8.825,5.803,8.455
22.208,23.003,16.059,12.104,10.512
22.212,23.805,24.417,19.411,15.69
22.216,27.231,17.288,18.116,17.2
22.22,25.949,24.124,16.967,22.931
22.224,24.71,20.124,16.322,17.156
22.228,12.479,16.004,14.031,7.067
22.232,13.797,12.495,8.174,11.317
22.236,6.638,5.159,3.201,5.399
22.24,2.173,9.123,3.633,1.732
22.244,-2.129,-3.241,-0.295,4.597
22.248,2.137,1.474,-1.951,-0.797
22.252,-3.084,-3.508,-1.939,4.195
22.256,0.234,2.809,2.335,-6.674
22.26,2.476,-5.898,-3.496,-3.407
22.264,-3.649,-15.967,-1.586,-1.324
22.268,-6.866,-12.226,-7.841,-2.374
22.272,-18.261,-21.553,-13.9,-15.443
22.276,-18.612,-19.134,-18.747,-17.227
22.28,-27.861,-22.647,-16.956,-18.47
22.284,-26.51,-20.405,-24.005,-22.722
22.288,-19.288,-22.11,-21.16,-19.042
22.292,-22.322,-15.618,-17.858,-9.234
22.296,-10.929,-11.378,-7.151,-10.679
22.3,-3.696,-5.573,1.676,-0.721
22.304,4.095,7.182,7.185,8.403
22.308,3.585,7.118,9.477,15.377
22.312,13.434,15.719,15.538,15.658
22.316,13.314,16.851,12.944,19.369
22.32,16.454,21.48,14.79,18.099
22.324,5.622,14.548,5.297,16.884
22.328,7.941,13.3,6.574,8.261
22.332,3.599,11.286,0.981,11.223
22.336,-6.281,12.447,-1.331,4.474
22.34,-4.977,3.891,-4.995,4.41
22.344,-8.505,2.608,-3.175,-1.668
22.348,-4.903,-1.28,-7.502,-3.77
22.352,-0.447,-1.025,-2.027,-2.754
22.356,-1.301,2.011,-2.387,2.057
22.36,-2.234,-1.02,-1.209,-2.531
22.364,-8.11,-3.777,-3.24,-8.559
22.368,-5.166,-2.27,-13.271,-6.867
22.372,-12.868,-16.368,-13.467,-12.752
22.376,-16.874,-7.816,-23.073,-16.859
22.38,-17.208,-13.417,-19.523,-24.099
22.384,-24.074,-18.194,-26.888,-24.431
22.388,-18.971,-14.006,-24.098,-19.896
22.392,-14.391,-12.918,-18.167,-16.764
22.396,-11.237,-3.791,-10.208,-9.292
22.4,-0.447,8.801,-3.641,2.498
22.404,6.182,7.459,5.222,4.392
22.408,10.385,14.663,9.395,11.264
22.412,14.087,17.139,14.287,16.671
22.416,17.224,19.301,9.71,17.013
22.42,16.611,19.171,16.868,18.322
22.424,10.988,14.39,9.621,19.056
22.428,9.561,12.877,4.799,10.927
22.432,3.427,9.333,7.474,8.183
22.436,-7.932,3.709,-9.97,-3.264
22.44,-9.511,-5.486,-3.571,1.453
22.444,-3.073,-1.648,-11.009,4.473
22.448,-7.59,-3.178,-2.518,0.185
22.452,-6.121,1.142,-4.437,0.494
22.456,-3.238,-6.149,-10.374,0.811
22.46,-7.628,-5.679,1.293,3.496
22.464,-9.682,-12.769,-7.813,0.362
22.468,-15.709,-11.198,-4.545,-10.474
22.472,-15.883,-21.64,-14.669,-8.181
22.476,-18.844,-20.397,-17.454,-11.845
22.48,-24.683,-21.098,-26.106,-24.099
22.484,-25.937,-21.177,-19.086,-19.825
22.488,-12.873,-13.965,-20.497,-16.676
22.492,-15.95,-17.017,-15.535,-22.382
22.496,-10.488,-3.919,-8.133,-9.625
22.5,2.12,3.467,-4.944,-2.147
22.504,8.284,8.309,9.921,5.649
22.508,12.414,20.781,12.745,17.115
22.512,22.201,20.018,25.661,18.083
22.516,20.612,23.325,18.921,21.167
22.52,27.679,23.603,18.087,19.236
22.524,22.087,18.092,11.992,23.377
22.528,16.163,21.09,6.904,14.779
22.532,13.431,16.909,10.025,7.356
22.536,12.504,11.178,7.127,2.907
22.54,8.167,13.773,0.278,-0.881
22.544,13.022,4.918,1.936,-2.874
22.548,10.021,-0.638,6.065,-3.7
22.552,8.312,8.743,4.405,3.056
22.556,3.809,4.218,5.744,-2.731
22.56,4.856,0.467,4.119,0.718
22.564,4.003,-5.937,-0.114,-5.21
22.568,-3.92,-8.144,-0.507,-9.662
22.572,-2.32,-17.449,-0.496,-12.78
22.576,-13.722,-18.35,-12.056,-10.597
22.58,-16.157,-23.091,-11.188,-9.855
22.584,-17.34,-20.304,-14.466,-21.003
22.588,-12.252,-16.639,-15.324,-19.627
22.592,-13.103,-18.502,-6.672,-11.116
22.596,-10.151,-7.223,-0.588,-7.126
22.6,5.668,-1.752,6.496,-1.96
22.604,8.268,6.801,17.67,9.057
22.608,12.455,10.142,24.327,16.283
22.612,17.392,17.292,23.119,17.532
22.616,26.25,15.129,24.011,19.267
22.62,18.058,11.905,18.72,24.113
22.624,16.605,10.408,24.176,13.511
22.628,11.471,9.842,14.799,10.169
22.632,4.829,2.657,8.589,6.021
22.636,2.763,8.573,3.91,8.797
22.64,-1.161,0.868,1.656,-4.722
22.644,4.754,1.986,9.08,2.513
22.648,2.398,0.437,6.991,-0.198
22.652,10.172,-2.746,0.747,5.55
22.656,0.888,6.799,1.337,1.021
22.66,-0.256,3.295,5.324,-7.662
22.664,4.912,-3.808,-0.396,1.135
22.668,0.254,-13.87,-1.903,-8.116
22.672,-5.683,-10.227,-1.209,-17.911
22.676,-13.928,-22.634,-7.36,-17.189
22.68,-7.954,-14.764,-19.293,-18.86
22.684,-14.001,-26.225,-18.707,-23.051
22.688,-13.15,-16.785,-13.774,-22.847
22.692,-3.957,-7.183,-7.214,-13.091
22.696,-0.937,-2.829,-6.924,-11.316
22.7,3.246,-0.631,4.045,-3.078
22.704,14.384,12.017,8.964,11.656
22.708,18.155,19.232,21.708,12.989
22.712,15.484,23.285,22.189,14.601
22.716,23.164,23.601,20.853,17.217
22.72,22.845,27.065,15.368,20.127
22.724,17.433,25.524,12.997,17.239
22.728,17.83,17.813,3.81,13.786
22.732,8.708,18.425,7.373,9.821
22.736,8.024,9.128,4.631,4.7
22.74,-0.392,4.496,2.342,3.032
22.744,4.047,7.213,-2.52,-1.381
22.748,-3.512,4.927,3.469,-3.463
22.752,-7.342,-2.826,5.122,4.183
22.756,2.393,-5.438,-1.318,2.595
22.76,-5.875,-0.673,3.352,-2.053
22.764,-1.318,-9.905,-2.213,-5.692
22.768,-9.347,-13.857,-8.136,-0.55
22.772,-13.733,-19.032,-7.693,-14.503
22.776,-17.764,-18.124,-19.801,-15.291
22.78,-24.09,-18.068,-24.307,-20.979
22.784,-25.437,-24.613,-22.621,-21.137
22.788,-20.668,-15.418,-21.008,-20.503
22.792,-20.165,-19.738,-21.382,-20.473
22.796,-16.448,-12.355,-8.857,-6.414
22.8,-4.986,-1.785,-5.28,1.97
22.804,-5.47,1.533,0.53,5.591
22.808,11.344,12.791,12.553,21.8
22.812,15.879,14.272,13.223,19.102
22.816,17.379,13.925,18.846,20.405
22.82,16.668,13.726,15.537,20.129
22.824,10.334,16.417,9.975,14.194
22.828,6.517,15.779,9.162,8.856
22.832,-0.769,7.071,2.408,5.124
22.836,4.934,8.52,-2.713,2.064
22.84,-3.776,6.032,-3.423,2.89
22.844,-1.995,3.308,-4.047,-1.088
22.848,-1.962,-0.014,-8.495,1.747
22.852,-6.116,2.645,2.778,-3.675
22.856,-7.121,0.345,-3.601,-1.978
22.86,-2.726,1.829,-4.214,-3.345
22.864,-6.352,-7.8,-11.981,-15.151
22.868,-8.796,-7.152,-10.03,-8.782
22.872,-9.615,-15.166,-14.502,-14.902
22.876,-16.301,-15.481,-23.025,-14.602
22.88,-17.754,-20.237,-26.121,-16.77
22.884,-19.764,-19.969,-27.027,-24.104
22.888,-20.606,-15.192,-23.843,-18.989
22.892,-18.666,-12.566,-18.18,-17.82
22.896,-8.807,-0.349,-13.093,-6.611
22.9,-2.152,5.889,-3.847,-2.061
22.904,7.497,11.812,4.951,5.982
22.908,10.236,17.714,10.986,13.331
22.912,13.591,19.8,14.647,19.11
22.916,14.965,25.004,15.867,20.069
22.92,11.489,19.497,14.658,20.148
22.924,15.14,24.033,10.054,18.129
22.928,9.619,10.841,4.11,11.39
22.932,-2.188,5.784,1.384,4.302
22.936,-0.154,0.734,0.116,-1.104
22.94,-10.831,-2.251,-1.914,-1.08
22.944,-3.664,-6.073,-2.766,0.72
22.948,-8.939,-2.394,-4.962,-4.259
22.952,-5.534,-1.989,-2.989,3.331
22.956,-12.444,-6.127,-2.209,-3.198
22.96,-11.205,-12.641,-3.796,-1.547
22.964,-8.388,-12.901,-1.262,0.73
22.968,-15.205,-12.568,-12.913,-7.955
22.972,-19.513,-19.832,-5.679,-15.066
22.976,-16.416,-24.307,-9.84,-23.504
22.98,-16.317,-28.16,-19.105,-17.75
22.984,-20.36,-24.526,-19.144,-18.973
22.988,-24.028,-22.565,-16.228,-16.524
22.992,-10.38,-15.523,-16.709,-13.642
22.996,-13.121,-6.731,-6.145,-9.194
23.0,-0.913,-0.847,3.957,-2.359
23.004,8.601,8.715,2.44,7.71
23.008,21.443,16.679,10.114,16.951
23.012,23.49,16.768,21.026,9.374
23.016,21.78,28.916,19.549,22.72
23.02,20.115,21.395,18.095,18.097
23.024,23.61,23.461,15.08,15.471
23.028,15.393,15.398,8.364,13.875
23.032,13.753,15.423,6.161,6.896
23.036,5.685,11.932,-0.018,4.377
23.04,9.317,13.463,5.901,-3.693
23.044,8.122,5.532,1.971,-0.787
23.048,2.888,8.449,2.66,1.41
23.052,9.944,3.907,5.536,-1.065
23.056,8.284,6.741,12.66,-1.04
23.06,7.517,-6.752,0.699,-0.716
23.064,1.43,-3.472,-3.683,-2.406
23.068,-0.915,-17.189,-1.755,-2.843
23.072,-6.01,-13.842,-11.57,-10.471
23.076,-11.244,-14.612,-11.511,-11.919
23.08,-13.734,-16.043,-11.167,-19.259
23.084,-11.884,-18.873,-10.426,-27.009
23.088,-11.258,-20.281,-18.252,-19.537
23.092,-14.234,-13.724,-12.187,-16.411
23.096,-1.795,-1.849,-1.835,-7.774
23.1,5.978,-2.125,7.017,-0.964
23.104,9.147,7.632,14.856,8.375
23.108,17.186,9.581,23.245,11.97
23.112,21.139,18.391,25.143,18.899
23.116,18.55,19.935,23.969,21.013
23.12,18.883,15.12,26.188,19.074
23.124,19.228,17.101,19.785,11.583
23.128,11.324,13.825,15.842,14.471
23.132,11.454,9.714,8.933,9.267
23.136,8.906,3.798,7.18,3.125
23.14,6.173,4.803,-0.412,-4.225
23.144,7.826,-3.577,6.908,0.952
23.148,1.823,-1.895,1.269,-1.693
23.152,3.255,-2.431,2.547,-1.539
23.156,3.976,-0.297,-1.3,-0.28
23.16,2.14,-8.388,2.491,3.158
23.164,1.937,-7.261,-0.222,-3.259
23.168,-8.053,-12.632,-0.495,-7.74
23.172,-6.223,-14.198,-9.752,-13.354
23.176,-14.719,-16.211,-11.901,-15.88
23.18,-16.076,-22.789,-16.199,-18.972
23.184,-11.586,-14.765,-20.954,-18.094
23.188,-12.455,-14.544,-13.796,-19.847
23.192,-5.293,-13.386,-11.261,-16.417
23.196,-1.533,-5.008,-4.338,-8.913
23.2,10.062,8.287,5.43,-0.261
23.204,13.546,12.754,10.351,7.521
23.208,14.634,15.18,15.453,13.952
23.212,25.188,20.321,23.09,15.28
23.216,19.303,26.697,20.456,19.647
23.22,20.07,26.735,18.339,21.019
23.224,18.251,23.178,18.19,19.79
23.228,13.081,17.401,9.046,14.743
23.232,9.405,16.295,10.058,7.226
23.236,3.463,8.661,3.114,3.224
23.24,-0.91,3.402,4.899,4.937
23.244,5.945,7.902,-0.857,-0.284
23.248,-1.717,2.432,2.474,2.492
23.252,-7.01,-3.32,-4.547,0.022
23.256,-2.402,-2.739,4.524,-7.243
23.26,-6.682,-5.884,1.875,0.784
23.264,-9.244,-10.647,-4.569,-0.801
23.268,-8.909,-13.166,-3.961,-8.393
23.272,-17.449,-21.061,-15.188,-15.261
23.276,-24.358,-19.468,-17.673,-11.408
23.28,-23.089,-24.519,-22.406,-19.406
23.284,-22.36,-29.651,-18.673,-20.935
23.288,-22.902,-23.356,-16.577,-16.906
23.292,-27.859,-19.923,-17.799,-5.772
23.296,-17.608,-20.478,-14.143,-6.132
23.3,-6.601,-4.272,-5.87,0.535
23.304,0.138,7.095,4.735,7.794
23.308,6.404,10.486,10.692,18.943
23.312,8.91,17.952,13.491,19.834
23.316,9.567,18.583,13.184,22.495
23.32,19.212,17.585,19.044,19.88
23.324,10.668,15.193,8.708,17.581
23.328,8.764,10.678,3.37,10.954
23.332,2.938,13.932,4.589,7.916
23.336,-0.172,10.176,-3.501,1.641
23.34,-2.507,4.653,-3.423,-0.316
23.344,-6.376,-2.262,-8.305,1.517
23.348,-7.267,4.181,-3.693,-2.22
23.352,-0.936,-0.79,-2.091,0.501
23.356,-1.323,1.204,-7.153,-1.148
23.36,0.072,-5.74,-6.079,-4.581
23.364,-2.785,-3.646,-9.425,-3.016
23.368,-10.953,-7.888,-11.999,-5.082
23.372,-9.414,-18.58,-10.215,-15.735
23.376,-14.68,-9.916,-18.805,-14.146
23.38,-17.957,-17.929,-17.158,-22.313
23.384,-14.352,-17.995,-19.881,-15.837
23.388,-13.525,-13.576,-19.565,-16.551
23.392,-13.591,-11.021,-14.457,-17.927
23.396,-7.905,-3.657,-8.944,-5.025
23.4,0.841,-1.082,0.358,-1.84
23.404,2.999,8.971,4.559,4.688
23.408,8.979,9.631,11.417,16.146
23.412,16.504,18.696,15.529,21.873
23.416,13.084,25.425,13.692,21.332
23.42,16.023,15.862,16.329,17.853
23.424,11.27,16.623,14.268,16.482
23.428,3.632,7.296,4.289,10.043
23.432,1.529,9.194,-0.908,6.885
23.436,1.349,6.317,-3.497,4.924
23.44,-5.049,2.562,0.213,-3.071
23.444,-6.36,-2.991,-5.001,1.384
23.448,-5.863,-9.468,-6.849,-4.347
23.452,-5.236,-8.276,-5.455,-3.712
23.456,-7.648,-2.46,-4.283,1.916
23.46,-6.558,-5.849,-4.113,-3.741
23.464,-12.941,-11.766,-8.14,-6.673
23.468,-15.5,-14.606,-5.575,-8.295
23.472,-19.007,-21.889,-12.313,-13.563
23.476,-19.194,-18.04,-14.458,-15.279
23.48,-22.469,-25.776,-26.147,-18.444
23.484,-23.574,-21.946,-17.142,-22.86
23.488,-18.68,-24.441,-19.021,-23.385
23.492,-14.534,-15.798,-12.936,-14.589
23.496,-9.306,-4.415,-3.284,-4.283
23.5,-3.106,-2.841,1.104,-0.197
23.504,5.977,10.409,14.183,6.542
23.508,11.27,12.021,8.796,19.172
23.512,21.174,17.752,17.822,20.51
23.516,20.585,23.231,14.949,14.721
23.52,21.464,26.534,20.198,18.131
23.524,20.221,21.017,16.291,16.642
23.528,20.125,20.662,8.468,8.586
23.532,15.889,18.525,13.912,6.53
23.536,9.63,9.178,2.865,3.763
23.54,11.406,3.91,-4.644,0.537
23.544,0.619,5.163,3.612,-3.587
23.548,12.245,8.37,4.427,4.295
23.552,8.927,0.598,2.098,0.91
23.556,6.928,4.23,6.655,-2.623
23.56,2.622,-2.199,1.006,1.42
23.564,1.252,0.35,0.592,-3.942
23.568,0.377,-2.434,-0.482,-4.433
23.572,-4.304,-10.573,-3.317,-12.102
23.576,-8.794,-22.615,-11.167,-20.401
23.58,-16.431,-27.589,-15.237,-22.17
23.584,-18.443,-20.906,-15.134,-16.48
23.588,-13.898,-16.689,-19.694,-15.154
23.592,-8.379,-13.856,-10.196,-17.969
23.596,-4.741,-11.569,-8.867,-3.405
23.6,6.849,-6.809,2.23,3.077
23.604,9.7,7.538,8.156,5.682
23.608,15.659,16.445,20.405,13.747
23.612,21.668,13.17,20.765,11.644
23.616,24.757,19.692,28.043,17.801
23.62,15.981,24.76,17.46,18.334
23.624,13.621,14.2,18.845,16.901
23.628,11.872,10.842,15.271,11.442
23.632,18.004,9.173,11.886,7.825
23.636,4.206,3.069,13.171,0.795
23.64,2.377,5.134,-1.423,2.18
23.644,3.742,-1.984,1.531,5.095
23.648,5.026,-2.017,10.287,1.209
23.652,3.233,-7.092,2.448,0.211
23.656,6.507,-4.517,7.005,-2.267
23.66,-1.261,-8.511,2.139,-2.278
23.664,-1.988,-6.946,-1.528,-7.636
23.668,0.568,-16.147,-3.594,-11.745
23.672,-6.805,-11.587,0.064,-11.999
23.676,-14.374,-20.002,-14.068,-14.31
23.68,-17.156,-13.601,-15.054,-21.535
23.684,-16.217,-14.445,-16.437,-16.316
23.688,-11.852,-14.221,-11.762,-19.935
23.692,-5.983,-15.424,-7.217,-14.251
23.696,-1.858,-5.868,-4.135,-4.748
23.7,7.898,1.115,-6.63,-0.939
23.704,12.952,9.193,7.661,9.467
23.708,24.17,22.805,12.858,15.699
23.712,32.168,22.213,23.798,16.231
23.716,24.632,22.849,18.67,17.962
23.72,25.868,22.256,24.903,22.635
23.724,22.095,20.493,17.406,19.933
23.728,16.52,19.873,14.791,13.666
23.732,13.0,8.985,13.323,4.805
23.736,8.025,9.892,-0.199,6.305
23.74,1.894,7.237,-4.667,0.374
23.744,5.269,-2.064,-0.117,-3.761
23.748,0.922,-3.287,2.491,-2.02
23.752,-1.472,-1.109,-1.624,-0.562
23.756,6.01,1.181,0.787,3.214
23.76,-3.656,-2.358,3.459,-3.616
23.764,-5.824,-11.423,0.721,-6.597
23.768,-10.514,-9.639,-8.301,-8.857
23.772,-16.494,-19.234,-10.572,-12.155
23.776,-19.554,-23.074,-18.988,-13.954
23.78,-26.963,-24.218,-24.202,-17.257
23.784,-24.02,-22.304,-17.358,-26.652
23.788,-29.787,-24.498,-26.722,-19.32
23.792,-24.393,-19.269,-15.879,-13.609
23.796,-8.786,-15.251,-11.44,-10.196
23.8,-10.512,-2.751,-1.293,-2.341
23.804,-5.009,6.784,2.403,9.458
23.808,3.691,13.794,14.029,16.03
23.812,17.078,11.728,13.844,17.721
23.816,8.409,17.408,20.028,21.109
23.82,10.321,22.69,14.816,20.358
23.824,6.212,18.085,7.419,12.683
23.828,6.015,14.629,7.496,8.539
23.832,1.612,11.186,2.4,6.229
23.836,-1.753,9.608,-2.975,1.62
23.84,3.247,6.346,-7.203,-0.582
23.844,-6.612,2.084,-3.098,-0.24
23.848,-3.03,5.408,-8.107,-0.385
23.852,-1.079,-1.685,-6.876,-7.572
23.856,-4.827,4.738,-2.221,0.241
23.86,-1.283,-3.804,-5.11,-1.964
23.864,-6.19,-2.278,-12.604,-3.023
23.868,-7.405,-7.988,-13.301,-9.331
23.872,-13.135,-12.78,-13.8,-13.696
23.876,-23.127,-10.697,-20.385,-17.145
23.88,-16.111,-14.723,-23.305,-15.762
23.884,-14.888,-17.394,-23.543,-21.154
23.888,-20.187,-9.945,-21.589,-14.92
23.892,-18.355,-7.93,-18.472,-11.05
23.896,-5.083,-7.165,-22.408,-8.6
23.9,3.267,-4.43,-4.921,-1.533
23.904,4.245,9.719,1.376,6.156
23.908,10.032,19.51,9.449,13.549
23.912,14.244,21.241,16.758,16.576
23.916,10.629,25.811,11.793,22.111
23.92,13.372,18.585,14.001,17.031
23.924,15.944,17.323,11.926,18.562
23.928,5.694,13.389,5.161,8.992
23.932,-1.669,9.894,-2.264,2.406
23.936,-1.076,7.221,-5.455,-1.692
23.94,-7.298,6.308,-3.961,-0.413
23.944,-6.819,4.343,-6.151,-2.377
23.948,-10.656,1.964,-9.32,-2.668
23.952,-9.723,-2.544,-4.734,3.059
23.956,-4.443,-7.256,-5.473,-2.24
23.96,-7.262,-7.808,0.271,-7.105
23.964,-12.122,-9.526,-8.396,-2.005
23.968,-12.744,-14.688,-3.13,-3.4
23.972,-18.815,-21.547,-5.265,-10.44
23.976,-22.955,-23.299,-18.283,-17.983
23.98,-19.458,-21.015,-21.097,-18.453
23.984,-20.823,-23.997,-17.528,-22.313
23.988,-20.816,-20.385,-15.523,-21.167
23.992,-15.238,-15.499,-15.913,-14.574
23.996,-8.462,-10.837,-9.167,-7.755
24.0,1.461,-0.514,-1.295,-0.608
24.004,6.038,6.787,5.293,12.599
24.008,18.258,13.188,17.17,14.109
24.012,21.813,17.283,19.241,21.132
24.016,22.382,22.956,18.183,26.599
24.02,21.486,25.474,19.449,17.548
24.024,23.127,25.274,14.927,16.419
24.028,16.542,14.623,19.255,14.24
24.032,11.006,19.912,6.645,7.774
24.036,8.64,12.371,6.164,2.868
24.04,9.917,5.104,3.279,8.239
24.044,1.824,5.019,1.12,3.641
24.048,5.547,-1.081,3.661,-6.415
24.052,10.061,-1.829,4.168,4.182
24.056,6.115,6.349,11.75,4.756
24.06,6.115,-3.509,3.566,2.378
24.064,5.826,-3.308,-5.977,-1.447
24.068,1.226,-9.504,4.904,-2.755
24.072,-7.521,-13.614,-7.619,-9.141
24.076,-11.191,-16.571,-10.235,-14.237
24.08,-11.531,-26.632,-15.421,-18.566
24.084,-12.835,-17.134,-16.807,-23.118
24.088,-14.747,-19.705,-16.911,-22.371
24.092,-10.849,-16.872,-15.365,-11.662
24.096,-3.948,-7.994,-5.078,-5.319
24.1,6.505,-4.514,6.298,-0.128
24.104,12.803,5.374,7.484,5.014
24.108,17.741,10.373,20.336,10.591
24.112,16.421,17.313,29.917,17.166
24.116,20.275,16.575,25.189,22.009
24.12,19.362,13.862,18.833,25.683
24.124,21.231,15.856,20.783,15.9
24.128,12.095,10.539,17.891,12.653
24.132,12.288,2.031,14.328,10.786
24.136,3.279,4.515,7.273,3.508
24.14,1.27,-0.496,6.291,2.315
24.144,3.331,0.265,6.354,2.511
24.148,6.799,-4.489,6.103,3.197
24.152,2.088,-6.384,6.166,0.272
24.156,-4.674,-0.27,3.763,-1.487
24.16,-2.372,-2.959,7.822,-0.596
24.164,1.204,-8.004,1.046,-8.791
24.168,-7.344,-9.841,6.66,-6.527
24.172,-9.434,-12.095,-7.788,-9.189
24.176,-10.55,-17.419,-8.161,-10.878
24.18,-20.537,-22.579,-17.992,-16.194
24.184,-14.923,-17.659,-17.104,-27.602
24.188,-15.352,-12.821,-16.278,-14.077
24.192,-11.883,-9.03,-14.705,-9.58
24.196,-3.277,-3.806,-6.182,-10.346
24.2,3.536,5.5,4.02,-1.202
24.204,15.672,10.837,9.587,11.902
24.208,24.088,21.207,20.031,14.148
24.212,23.419,26.713,17.528,16.49
24.216,24.021,20.934,23.525,17.649
24.22,23.185,27.848,18.075,26.872
24.224,17.576,28.801,19.569,18.335
24.228,12.238,19.852,13.736,10.954
24.232,6.104,16.818,9.595,11.694
24.236,2.6,7.656,2.149,3.429
24.24,8.203,4.455,4.181,4.843
24.244,-0.752,2.514,-5.658,1.789
24.248,-8.507,-0.242,0.968,-1.125
24.252,-2.079,-4.901,0.785,1.604
24.256,-6.09,-3.66,3.18,1.571
24.26,-3.129,-3.457,-0.42,1.194
24.264,-6.734,-13.493,-5.585,1.186
24.268,-10.873,-13.329,-9.832,-0.773
24.272,-16.226,-17.83,-11.422,-10.556
24.276,-22.018,-22.993,-16.961,-21.697
24.28,-28.796,-23.011,-17.282,-16.338
24.284,-26.033,-23.615,-18.571,-20.686
24.288,-21.455,-23.788,-20.178,-23.326
24.292,-15.058,-14.892,-16.375,-11.909
24.296,-14.977,-9.825,-7.135,-6.266
24.3,-7.132,0.916,-3.674,-2.417
24.304,2.372,3.785,3.846,4.027
24.308,11.865,9.845,6.635,18.168
24.312,10.399,15.203,17.146,19.771
24.316,15.862,22.092,15.404,17.531
24.32,10.72,18.508,17.57,20.956
24.324,11.576,17.125,6.947,14.712
24.328,9.749,20.409,4.394,13.424
24.332,-0.953,7.121,3.985,8.351
24.336,-1.886,9.055,-1.675,-3.994
24.34,0.543,5.304,-8.508,1.533
24.344,-1.166,3.059,-2.912,-0.454
24.348,0.384,-0.095,-9.126,-2.33
24.352,0.45,-0.068,-1.812,-3.683
24.356,-2.91,-0.452,-6.743,-0.698
24.36,3.855,0.371,-0.843,-2.267
24.364,-4.58,-1.364,-6.371,-1.745
24.368,-17.695,-12.831,-9.383,-7.844
24.372,-13.658,-14.955,-15.261,-11.524
24.376,-18.383,-13.126,-19.313,-14.992
24.38,-17.643,-15.055,-22.753,-20.36
24.384,-22.453,-21.608,-22.212,-22.893
24.388,-16.36,-12.557,-23.146,-11.612
24.392,-13.987,-10.911,-14.433,-14.214
24.396,-12.601,-2.508,-14.632,-8.214
24.4,-2.825,-0.204,-2.173,4.24
24.404,2.424,5.228,4.618,13.246
24.408,11.243,14.433,13.058,18.318
24.412,12.139,18.616,13.918,17.081
24.416,15.876,20.129,15.998,20.945
24.42,13.428,19.209,14.744,20.722
24.424,10.343,22.753,6.847,22.684
24.428,12.353,8.568,7.271,13.05
24.432,0.37,6.635,11.473,8.802
24.436,-8.369,3.663,2.984,0.66
24.44,-2.249,1.483,-6.197,-2.558
24.444,-3.596,0.948,-9.691,4.109
24.448,-12.786,-0.44,-3.38,0.928
24.452,-8.716,-1.321,0.91,1.451
24.456,-5.348,-4.785,-1.687,3.175
24.46,-6.037,-13.676,3.693,1.349
24.464,-9.808,-16.485,-6.284,-1.534
24.468,-13.049,-11.651,-6.717,-5.501
24.472,-19.809,-15.558,-12.07,-11.373
24.476,-27.803,-20.004,-13.867,-15.346
24.48,-16.801,-26.08,-16.855,-16.22
24.484,-26.077,-24.225,-16.794,-22.719
24.488,-20.222,-21.654,-19.147,-21.404
24.492,-16.147,-18.338,-10.662,-13.736
24.496,-5.745,-7.383,-6.813,-7.137
24.5,0.345,6.466,4.079,2.173
24.504,8.897,6.674,12.347,6.917
24.508,7.768,19.154,14.49,11.647
24.512,18.252,17.802,16.753,20.058
24.516,25.405,18.648,20.97,23.943
24.52,24.914,26.582,22.227,20.063
24.524,17.748,21.255,11.546,11.611
24.528,12.259,22.62,10.26,12.616
24.532,13.482,19.506,9.439,1.614
24.536,1.074,10.656,-3.82,3.576
24.54,4.163,12.515,-1.128,-4.821
24.544,11.936,3.602,-0.268,-1.245
24.548,10.949,1.876,2.089,1.424
24.552,8.311,6.253,2.571,-0.747
24.556,7.542,-3.458,3.381,3.401
24.56,-0.554,-1.416,-0.136,-0.551
24.564,0.344,-1.17,7.153,-7.07
24.568,-2.337,-5.22,-3.487,-4.706
24.572,-8.359,-14.966,-11.799,-9.722
24.576,-11.85,-14.647,-7.089,-12.152
24.58,-10.347,-23.748,-16.115,-16.839
24.584,-17.279,-23.091,-18.646,-18.494
24.588,-15.506,-18.718,-11.521,-21.231
24.592,-8.47,-14.226,-10.914,-11.541
24.596,-9.009,-12.541,-2.42,-8.024
24.6,-0.116,3.236,2.855,2.418
24.604,7.388,-0.883,11.035,14.275
24.608,15.828,11.032,15.842,17.601
24.612,18.622,15.768,19.315,19.108
24.616,20.16,11.976,34.744,20.124
24.62,18.035,20.924,20.518,17.715
24.624,13.763,12.548,15.187,9.004
24.628,14.639,11.646,18.409,11.929
24.632,7.514,8.478,11.215,5.867
24.636,6.848,-0.441,6.762,4.665
24.64,-0.592,-2.1,3.013,-0.34
24.644,-0.109,3.917,2.584,0.709
24.648,1.431,-2.121,3.404,3.629
24.652,2.34,-10.856,8.621,0.58
24.656,5.278,-4.716,4.935,-3.304
24.66,1.03,-5.587,8.39,-3.701
24.664,2.551,-7.326,2.493,-1.627
24.668,-1.795,-17.151,-1.762,-5.149
24.672,-7.158,-14.614,-8.932,-14.404
24.676,-13.441,-19.886,-4.134,-16.059
24.68,-10.918,-18.291,-14.114,-16.254
24.684,-16.563,-17.038,-15.677,-14.741
24.688,-11.922,-14.628,-8.934,-17.723
24.692,-7.547,-6.598,-9.354,-14.578
24.696,-1.492,2.587,-2.877,-8.693
24.7,5.575,0.403,3.118,0.429
24.704,11.797,10.36,8.006,11.752
24.708,15.648,20.304,20.102,14.415
24.712,28.724,22.291,16.073,19.752
24.716,24.334,16.655,18.503,15.639
24.72,24.044,23.923,17.521,23.751
24.724,20.497,25.791,16.935,19.984
24.728,19.391,14.091,11.339,10.901
24.732,16.84,14.528,0.968,7.095
24.736,7.069,3.875,9.585,7.237
24.74,2.836,8.576,2.472,10.044
24.744,-2.051,3.867,-2.151,-5.009
24.748,-4.013,-0.739,0.929,-1.642
24.752,-5.639,-2.22,1.712,-1.073
24.756,-3.707,-7.639,-0.313,3.077
24.76,-9.58,-2.943,0.989,-0.145
24.764,-3.353,-11.995,-1.416,-5.236
24.768,-9.771,-12.365,-3.282,-11.657
24.772,-16.859,-21.161,-11.179,-8.755
24.776,-17.572,-15.494,-15.216,-16.574
24.78,-27.642,-19.821,-20.479,-22.442
24.784,-28.269,-18.602,-22.733,-21.95
24.788,-30.314,-16.099,-22.63,-19.528
24.792,-18.176,-19.979,-18.864,-14.881
24.796,-16.694,-14.159,-11.723,-10.719
24.8,-6.696,2.274,-3.647,-3.096
24.804,3.878,3.561,7.476,14.693
24.808,11.498,13.31,9.466,14.969
24.812,11.77,13.966,13.513,17.018
24.816,14.937,16.744,14.796,21.037
24.82,10.477,21.444,14.016,19.45
24.824,15.637,11.478,15.663,13.253
24.828,6.339,16.876,4.731,6.043
24.832,3.161,12.728,2.83,5.816
24.836,-1.531,6.394,-1.605,3.152
24.84,1.277,5.561,-4.772,0.88
24.844,-2.416,4.353,-8.554,-5.449
24.848,-0.441,3.476,-3.64,7.331
24.852,-1.033,3.994,-10.073,7.318
24.856,-2.548,-1.673,-6.865,1.289
24.86,0.046,6.977,-6.102,-1.132
24.864,-3.955,-4.538,-7.384,-5.394
24.868,-11.41,-7.886,-10.163,-5.673
24.872,-15.779,-5.517,-10.844,-12.14
24.876,-16.529,-20.257,-17.685,-12.216
24.88,-17.307,-11.149,-22.495,-16.226
24.884,-16.181,-16.936,-25.337,-22.455
24.888,-24.988,-16.771,-23.934,-20.316
24.892,-15.584,-14.228,-22.224,-11.072
24.896,-8.132,-8.556,-18.746,-5.5
24.9,-1.517,1.326,-8.581,-3.34
24.904,7.779,10.232,6.438,6.213
24.908,12.655,17.227,7.222,13.519
24.912,11.527,20.207,11.981,18.142
24.916,12.609,19.559,18.073,19.688
24.92,15.183,24.398,5.864,21.666
24.924,13.771,25.696,8.737,16.41
24.928,6.631,18.152,2.796,12.032
24.932,-3.282,8.092,2.544,5.138
24.936,-5.708,6.425,-0.173,4.202
24.94,-3.222,3.11,-2.137,1.122
24.944,-7.666,3.626,0.235,-1.394
24.948,-6.496,-4.05,-1.874,-3.562
24.952,-3.417,-7.446,-1.593,3.94
24.956,-10.263,-2.828,5.729,5.294
24.96,-8.852,-7.266,-8.358,-0.475
24.964,-11.363,-14.818,2.659,0.604
24.968,-12.036,-12.976,-2.166,-6.72
24.972,-14.675,-13.291,-12.19,-15.95
24.976,-25.044,-23.993,-18.183,-15.072
24.98,-22.966,-26.292,-21.23,-19.987
24.984,-20.563,-23.168,-21.225,-18.476
24.988,-26.316,-18.417,-15.186,-13.54
24.992,-15.864,-15.488,-21.836,-15.501
24.996,-12.084,-4.757,-1.819,-6.422
25.0,-1.925,0.782,-0.003,2.583
25.004,0.921,11.196,11.378,11.647
25.008,19.849,13.101,10.747,16.938
25.012,19.685,16.775,20.946,14.908
25.016,20.75,22.238,21.52,16.555
25.02,23.935,19.58,20.947,21.263
25.024,17.476,23.14,13.986,14.819
25.028,13.582,12.756,10.597,8.838
25.032,17.633,13.735,3.686,10.973
25.036,15.22,10.634,6.236,2.59
25.04,5.833,5.346,6.002,6.099
25.044,9.858,5.311,2.418,-1.276
25.048,7.681,4.564,-5.698,-2.35
25.052,2.608,6.844,7.606,-0.084
25.056,3.835,-1.937,4.647,2.229
25.06,9.95,-0.339,-4.106,-0.33
25.064,-1.714,-3.251,-3.266,1.976
25.068,5.392,-9.234,-4.824,-6.894
25.072,-7.914,-15.162,-6.091,-12.319
25.076,-6.057,-21.092,-13.559,-11.446
25.08,-15.162,-14.684,-16.46,-17.183
25.084,-13.253,-20.871,-12.268,-21.144
25.088,-10.298,-20.356,-9.993,-17.537
25.092,-6.519,-8.994,-6.509,-13.326
25.096,-6.504,-8.731,-7.833,-8.201
25.1,-0.168,5.279,7.584,0.547
25.104,9.357,0.5,10.987,3.722
25.108,11.76,10.158,24.708,12.913
25.112,20.374,11.07,23.738,19.546
25.116,18.637,16.85,27.978,18.319
25.12,23.277,16.571,24.67,16.294
25.124,15.265,13.395,20.874,15.851
25.128,7.585,11.512,13.914,10.371
25.132,12.73,6.266,14.038,3.442
25.136,5.541,3.591,9.503,-0.192
25.14,2.83,-1.151,3.484,2.433
25.144,5.17,3.557,2.483,0.317
25.148,4.71,-5.25,2.159,0.833
25.152,0.438,-2.128,7.664,-0.786
25.156,1.665,-7.389,6.389,-4.586
25.16,-1.018,-7.993,5.821,-3.831
25.164,-4.083,-10.169,1.572,-4.665
25.168,-1.184,-11.55,3.226,-6.1
25.172,-5.661,-14.0,-10.335,-17.035
25.176,-8.304,-20.708,-8.222,-22.907
25.18,-9.344,-20.194,-11.213,-14.621
25.184,-11.461,-21.531,-16.626,-18.11
25.188,-9.268,-18.934,-18.86,-20.881
25.192,-13.619,-7.409,-9.456,-14.685
25.196,-1.792,-8.16,-0.869,-8.848
25.2,9.637,4.028,8.255,0.869
25.204,10.758,16.601,12.3,6.062
25.208,20.774,21.693,14.611,10.535
25.212,26.071,23.947,22.402,19.72
25.216,27.138,24.774,22.934,25.347
25.22,25.534,26.71,20.818,20.557
25.224,22.697,23.197,13.527,16.198
25.228,16.646,22.543,13.182,11.147
25.232,6.652,13.465,7.966,5.042
25.236,8.11,12.6,9.916,2.477
25.24,4.162,4.989,0.455,2.385
25.244,-3.03,8.823,4.408,3.607
25.248,4.457,0.48,3.803,3.586
25.252,1.284,-5.822,0.521,0.621
25.256,-5.46,-2.909,4.389,0.515
25.26,-5.759,-3.672,-2.543,-1.052
25.264,-8.281,-4.711,-3.209,-1.986
25.268,-12.735,-16.855,-8.163,-7.264
25.272,-15.225,-23.508,-11.859,-11.596
25.276,-23.829,-20.599,-22.194,-18.554
25.28,-21.044,-23.103,-14.454,-21.62
25.284,-22.672,-29.056,-22.346,-21.977
25.288,-22.654,-23.66,-17.961,-17.533
25.292,-20.366,-18.929,-15.716,-14.9
25.296,-11.451,-9.037,-11.144,0.163
25.3,-7.571,-5.045,-6.77,1.164
25.304,-1.303,2.678,1.716,12.297
25.308,10.956,11.154,9.897,18.435
25.312,12.811,11.694,13.087,19.526
25.316,11.732,24.259,12.752,19.781
25.32,11.935,21.756,12.098,16.271
25.324,8.377,15.283,11.952,14.167
25.328,12.904,11.173,8.499,14.31
25.332,2.932,8.034,-2.352,8.217
25.336,0.163,9.744,-5.294,1.772
25.34,-0.157,2.457,-4.313,0.586
25.344,-6.66,3.063,-6.17,1.034
25.348,0.566,-2.307,-6.31,-0.035
25.352,-3.918,3.548,-1.529,-0.605
25.356,3.603,2.508,-3.249,-0.21
25.36,-3.68,-1.67,-9.347,-8.455
25.364,-1.878,-3.341,-9.109,-3.645
25.368,-16.018,-5.107,-15.399,-10.583
25.372,-16.337,-10.851,-15.555,-10.699
25.376,-17.856,-12.427,-23.56,-15.571
25.38,-26.121,-20.456,-28.285,-16.723
25.384,-19.297,-16.081,-30.495,-17.629
25.388,-18.718,-14.6,-17.004,-13.093
25.392,-18.633,-7.263,-22.916,-19.93
25.396,-9.649,-4.658,-13.371,-7.963
25.4,0.015,2.059,-4.577,-6.121
25.404,-1.558,7.727,3.282,9.056
25.408,6.868,19.833,11.22,13.48
25.412,13.478,12.341,13.402,16.84
25.416,15.724,22.623,13.649,20.705
25.42,14.069,20.318,14.449,15.81
25.424,13.467,17.124,11.123,21.517
25.428,7.632,12.68,6.242,11.056
25.432,3.541,9.002,3.586,7.638
25.436,-6.736,6.354,-3.721,3.314
25.44,-4.862,-0.974,-4.459,3.976
25.444,-7.541,-0.78,-8.267,-3.561
25.448,-2.463,-1.984,-4.271,2.375
25.452,-6.09,-7.412,-4.254,-1.446
25.456,-8.663,-4.718,1.595,-1.575
25.46,-5.052,-7.409,-6.362,1.43
25.464,-8.104,-13.889,-5.369,-4.504
25.468,-15.567,-18.657,-8.964,-5.567
25.472,-18.039,-21.242,-9.732,-9.892
25.476,-21.598,-21.506,-19.891,-17.02
25.48,-19.267,-23.847,-19.244,-18.269
25.484,-22.561,-19.076,-20.123,-21.355
25.488,-18.572,-21.559,-16.004,-18.311
25.492,-17.151,-17.931,-17.0,-12.56
25.496,-7.432,-6.189,-11.77,-10.455
25.5,3.91,-2.94,1.425,1.321
25.504,7.353,5.788,3.664,8.537
25.508,16.016,12.93,12.867,9.514
25.512,16.662,11.466,18.059,16.014
25.516,20.874,24.958,22.207,17.829
25.52,21.946,26.439,14.63,17.635
25.524,17.421,24.662,15.173,13.105
25.528,20.959,24.462,11.823,14.607
25.532,10.588,19.614,4.808,10.59
25.536,12.154,10.49,2.871,1.336
25.54,8.17,11.813,4.642,-2.254
25.544,6.748,5.937,0.05,0.005
25.548,11.072,3.273,1.248,3.881
25.552,0.068,0.769,6.193,6.572
25.556,6.031,0.382,3.635,-2.069
25.56,2.055,-0.424,7.872,-8.033
25.564,-3.318,-0.175,-3.071,-8.162
25.568,-5.036,-6.984,-2.484,-12.756
25.572,-6.149,-15.982,-3.761,-10.539
25.576,-12.976,-20.807,-12.653,-15.68
25.58,-11.555,-18.674,-14.493,-18.317
25.584,-16.295,-18.382,-11.22,-16.526
25.588,-15.458,-15.727,-15.879,-13.366
25.592,-11.649,-16.165,-7.91,-11.452
25.596,-5.047,-7.989,-0.685,-5.379
25.6,1.149,0.216,4.985,-4.422
25.604,7.047,0.696,12.544,6.059
25.608,18.629,11.702,15.745,18.135
25.612,17.784,17.893,25.151,16.603
25.616,19.949,18.748,20.566,23.22
25.62,21.317,16.71,24.176,19.338
25.624,17.932,22.599,18.021,18.323
25.628,10.131,17.142,13.834,9.174
25.632,10.792,7.522,9.812,9.698
25.636,6.604,3.352,8.209,1.781
25.64,3.276,3.217,9.163,1.9
25.644,0.593,-0.944,4.138,-0.042
25.648,0.875,1.891,2.136,3.467
25.652,2.118,-6.567,0.893,2.606
25.656,-0.681,-4.533,9.16,-5.343
25.66,2.203,-3.432,5.484,-3.64
25.664,2.987,-4.973,1.959,-5.607
25.668,-0.291,-15.597,-0.971,-5.333
25.672,-7.98,-17.389,-3.568,-13.275
25.676,-7.394,-22.417,-11.799,-19.241
25.68,-7.471,-21.573,-16.157,-23.062
25.684,-14.733,-22.389,-19.603,-17.721
25.688,-9.783,-14.211,-17.748,-24.473
25.692,-14.174,-10.123,-11.638,-10.816
25.696,-4.645,-4.446,-1.234,-11.445
25.7,7.017,3.883,1.413,-1.343
25.704,11.243,15.089,11.11,4.079
25.708,26.616,14.948,19.825,11.223
25.712,26.306,16.88,21.467,17.582
25.716,28.707,26.954,27.354,19.493
25.72,24.341,23.327,20.056,14.329
25.724,17.891,19.034,15.71,14.757
25.728,14.548,19.937,10.241,12.099
25.732,11.804,7.963,12.533,8.812
25.736,4.675,7.024,6.291,-2.428
25.74,5.321,-1.2,-4.186,-0.228
25.744,3.453,3.92,5.653,-6.115
25.748,0.332,5.687,1.123,-1.634
25.752,-5.794,-2.685,0.758,-1.182
25.756,3.825,-5.517,2.233,1.842
25.76,-3.946,-0.612,-3.069,1.712
25.764,1.539,-7.715,-2.042,-6.765
25.768,-9.083,-6.725,-7.482,-6.526
25.772,-16.734,-17.793,-12.467,-9.824
25.776,-19.557,-21.409,-13.304,-18.214
25.78,-30.486,-20.166,-20.646,-16.649
25.784,-22.731,-25.269,-21.134,-19.496
25.788,-16.811,-21.929,-19.339,-19.073
25.792,-26.766,-25.339,-13.621,-13.556
25.796,-15.125,-6.293,-6.525,-12.325
25.8,-7.059,-2.632,-2.894,0.421
25.804,3.496,3.662,3.323,5.047
25.808,13.703,13.532,16.315,14.067
25.812,13.007,12.284,6.77,17.035
25.816,20.21,16.903,18.276,20.769
25.82,13.7,20.614,13.727,22.544
25.824,11.941,17.52,12.28,16.354
25.828,7.822,15.866,5.991,14.791
25.832,6.581,11.903,4.991,4.34
25.836,-1.578,9.876,-1.396,8.0
25.84,0.134,1.526,-9.221,-1.83
25.844,-6.707,7.645,-10.078,-3.715
25.848,-3.577,1.313,-5.857,-0.934
25.852,-4.005,2.097,-2.473,-1.224
25.856,-1.623,-1.03,0.118,-4.791
25.86,-3.691,-1.978,-6.485,-4.592
25.864,-1.594,-3.234,-13.344,-14.482
25.868,-11.163,-5.289,-9.122,-11.462
25.872,-18.005,-8.647,-14.891,-13.769
25.876,-21.047,-13.472,-19.146,-11.504
25.88,-17.047,-18.739,-26.306,-16.829
25.884,-24.008,-16.108,-20.751,-18.933
25.888,-18.463,-14.459,-25.406,-11.757
25.892,-16.545,-10.692,-17.896,-19.358
25.896,-7.128,-3.146,-11.597,-7.787
25.9,-3.096,-1.476,-3.106,6.106
25.904,13.044,3.317,0.691,6.062
25.908,16.383,18.929,6.587,11.498
25.912,13.538,19.015,16.114,20.704
25.916,14.297,22.337,16.668,18.233
25.92,23.642,17.777,14.795,22.746
25.924,7.563,21.461,13.872,18.468
25.928,6.035,14.718,7.115,11.218
25.932,1.519,8.631,0.553,10.35
25.936,-2.573,5.776,-0.29,2.993
25.94,-10.513,-3.814,-2.506,1.606
25.944,-5.13,-0.066,-2.863,1.801
25.948,-9.761,1.425,-6.185,-1.278
25.952,-2.305,-3.605,-5.277,4.64
25.956,-11.024,-5.671,1.069,0.164
25.96,-7.431,-9.437,-2.42,-0.339
25.964,-16.442,-8.243,-9.773,-7.649
25.968,-19.566,-11.4,-11.506,-9.342
25.972,-19.511,-20.102,-15.7,-11.301
25.976,-22.698,-20.836,-12.86,-13.367
25.98,-18.553,-22.922,-19.4,-14.729
25.984,-23.293,-22.053,-20.253,-23.086
25.988,-16.875,-22.776,-19.835,-20.732
25.992,-16.81,-11.835,-17.612,-17.67
25.996,-6.618,-6.465,-5.569,-6.104
26.0,-2.176,3.607,1.957,4.24
26.004,6.056,4.815,5.734,7.11
26.008,10.208,12.094,18.642,14.156
26.012,21.759,26.636,21.01,18.65
26.016,23.957,26.699,17.798,18.496
26.02,25.282,21.174,18.393,15.304
26.024,21.248,24.516,14.958,19.153
26.028,23.072,17.408,12.682,12.252
26.032,13.631,9.997,3.106,5.764
26.036,12.77,5.191,1.828,12.715
26.04,6.637,8.42,4.358,1.2
26.044,3.93,10.912,-3.189,-5.091
26.048,8.766,9.115,1.747,1.855
26.052,6.582,6.816,-0.143,-5.415
26.056,9.116,3.675,7.029,1.353
26.06,6.355,-0.459,4.887,0.11
26.064,0.187,-1.463,-2.559,0.44
26.068,1.772,-15.203,-4.791,-10.415
26.072,-8.814,-10.698,-6.048,-12.67
26.076,-8.924,-21.038,-17.416,-16.18
26.08,-10.4,-23.118,-17.091,-16.371
26.084,-16.807,-19.002,-17.482,-18.601
26.088,-11.015,-16.623,-9.7,-16.696
26.092,-9.496,-17.188,-11.088,-10.324
26.096,-2.195,-7.459,-0.947,-8.251
26.1,-0.106,-0.662,3.336,4.388
26.104,10.244,3.817,14.657,7.319
26.108,11.437,11.331,14.163,16.667
26.112,24.791,21.423,20.788,16.766
26.116,15.058,16.372,24.001,21.689
26.12,18.965,16.21,23.535,22.443
26.124,14.18,15.219,20.547,12.727
26.128,14.835,10.802,15.596,14.622
26.132,14.299,9.866,11.933,7.945
26.136,6.955,8.329,6.675,9.815
26.14,11.626,0.376,4.999,0.417
26.144,-2.247,-3.342,0.764,0.926
26.148,-1.809,4.001,-0.558,-0.578
26.152,0.044,-2.406,1.858,2.098
26.156,3.378,-8.924,0.619,-6.595
26.16,-0.76,0.099,5.632,-5.439
26.164,-1.944,-4.605,5.471,-1.694
26.168,-1.058,-6.351,-3.991,-7.329
26.172,-10.555,-10.224,-2.843,-17.8
26.176,-13.986,-9.453,-9.213,-17.875
26.18,-14.384,-22.065,-15.82,-20.147
26.184,-14.698,-20.944,-16.722,-21.359
26.188,-8.828,-17.305,-11.164,-15.458
26.192,-10.087,-12.372,-17.575,-10.212
26.196,-3.031,-3.615,-1.124,-14.298
26.2,8.488,2.335,5.627,-0.358
26.204,16.667,7.938,8.561,7.926
26.208,24.785,15.452,16.173,9.536
26.212,25.92,21.79,25.202,22.012
26.216,26.201,28.256,17.503,21.016
26.22,26.153,22.774,19.306,21.52
26.224,20.098,24.519,18.123,14.636
26.228,15.28,14.311,12.015,9.453
26.232,5.718,4.27,6.712,5.7
26.236,9.269,9.198,8.083,3.369
26.24,3.942,4.136,-3.132,-0.068
26.244,3.65,0.497,-3.868,2.762
26.248,-8.13,-2.031,-7.91,7.889
26.252,-0.459,-3.088,-2.865,1.857
26.256,-3.887,-6.104,-1.318,-5.887
26.26,1.197,-8.656,0.767,-0.743
26.264,-4.746,-13.674,0.246,-7.263
26.268,-10.338,-20.255,-9.448,-8.631
26.272,-17.4,-24.903,-11.814,-11.896
26.276,-19.709,-14.706,-11.993,-16.75
26.28,-27.213,-24.69,-20.415,-22.073
26.284,-26.109,-20.249,-19.877,-18.338
26.288,-26.247,-23.204,-16.959,-24.234
26.292,-13.699,-18.508,-19.242,-12.822
26.296,-9.853,-10.586,-13.729,-10.29
26.3,-3.554,-1.884,1.924,0.836
26.304,-3.6,0.244,6.196,3.55
26.308,9.978,9.671,6.623,14.675
26.312,12.421,16.742,11.341,22.384
26.316,17.455,12.756,15.072,18.119
26.32,14.156,22.846,18.34,17.118
26.324,10.567,20.576,13.514,17.271
26.328,7.539,8.221,9.07,12.423
26.332,-2.497,8.518,-0.162,3.263
26.336,-2.613,8.299,-2.677,7.022
26.34,-1.201,8.014,-7.353,3.635
26.344,0.404,8.389,-6.927,3.892
26.348,-4.375,0.853,-8.58,1.528
26.352,-2.217,8.938,-6.912,5.773
26.356,-6.69,0.626,-5.982,-5.663
26.36,1.635,-1.788,-4.913,3.363
26.364,-1.65,-2.236,-5.448,-4.869
26.368,-6.571,-6.562,-5.416,-9.04
26.372,-11.591,-10.586,-16.114,-13.933
26.376,-12.318,-8.781,-17.812,-14.445
26.38,-22.444,-16.21,-23.54,-16.567
26.384,-23.839,-20.17,-21.44,-21.303
26.388,-16.472,-17.699,-26.723,-17.432
26.392,-12.678,-6.451,-20.427,-5.689
26.396,-13.181,-2.698,-10.435,-9.594
26.4,-3.998,-2.318,-3.011,-1.183
26.404,9.818,4.581,4.725,11.844
26.408,11.923,15.434,13.585,9.254
26.412,16.845,21.259,8.354,18.988
26.416,12.176,19.055,11.247,12.657
26.42,16.215,15.339,15.474,14.83
26.424,6.541,14.299,12.935,12.403
26.428,0.261,18.605,8.055,9.16
26.432,3.632,10.661,9.789,3.667
26.436,1.737,7.919,-4.591,4.302
26.44,-6.058,4.906,-2.749,5.408
26.444,-8.26,-3.063,-4.502,6.163
26.448,-1.717,-4.155,-1.672,-3.198
26.452,-7.198,-5.055,-1.212,2.295
26.456,-6.853,-4.98,-3.124,3.58
26.46,-2.527,-5.217,-0.811,-0.846
26.464,-10.855,-5.882,-3.693,-1.574
26.468,-15.065,-12.65,-7.007,-6.028
26.472,-14.547,-16.341,-8.343,-10.414
26.476,-22.739,-16.132,-8.619,-18.183
26.48,-23.384,-24.234,-24.997,-24.95
26.484,-27.129,-19.691,-16.493,-20.95
26.488,-20.196,-18.723,-16.848,-20.553
26.492,-15.467,-13.419,-16.661,-14.815
26.496,-5.532,-8.804,-8.936,-4.7
26.5,2.572,-4.183,2.646,4.307
26.504,10.091,9.195,8.0,8.037
26.508,16.854,16.311,14.289,10.429
26.512,20.532,18.731,16.715,17.085
26.516,25.0,22.968,18.082,17.586
26.52,19.613,20.973,16.358,19.34
26.524,13.557,19.292,14.532,14.573
26.528,20.479,17.363,11.359,14.497
26.532,15.125,11.108,8.455,4.864
26.536,9.413,9.741,1.474,10.25
26.54,10.833,10.627,4.241,-3.209
26.544,4.461,10.598,-1.152,0.963
26.548,4.497,10.777,4.647,-4.941
26.552,4.317,1.836,0.938,3.253
26.556,8.323,4.785,10.341,0.095
26.56,0.548,-0.403,5.802,-0.591
26.564,0.265,-5.631,4.367,-6.391
26.568,-0.582,-7.963,-2.179,-4.15
26.572,-9.813,-10.361,-4.269,-9.861
26.576,-12.78,-19.17,-14.251,-17.609
26.58,-20.88,-21.943,-16.718,-19.018
26.584,-13.836,-22.319,-15.932,-22.575
26.588,-16.547,-21.29,-9.001,-21.16
26.592,-13.986,-11.762,-6.338,-15.827
26.596,-8.636,-11.69,-9.635,-8.406
26.6,1.15,-4.114,1.797,0.005
26.604,4.86,5.683,12.163,7.451
26.608,21.488,11.56,22.589,11.385
26.612,12.502,13.951,23.69,20.53
26.616,19.748,22.268,16.717,23.172
26.62,20.35,15.06,19.484,21.709
26.624,14.649,14.256,21.736,18.092
26.628,13.448,5.57,15.63,4.282
26.632,6.129,6.579,10.82,4.413
26.636,9.581,-0.047,10.046,-0.766
26.64,-0.614,-1.633,3.439,-4.11
26.644,-5.167,-6.639,5.9,3.477
26.648,-1.801,-4.601,9.222,4.976
26.652,3.883,-2.99,5.885,0.132
26.656,2.661,-4.543,2.997,1.368
26.66,4.577,-6.732,3.679,-2.286
26.664,1.816,-8.959,-0.056,-0.19
26.668,-4.829,-12.67,-7.87,-6.568
26.672,-8.305,-14.63,-8.24,-13.354
26.676,-11.743,-17.719,-8.662,-14.286
26.68,-7.536,-18.129,-14.131,-19.513
26.684,-11.712,-19.16,-11.597,-19.317
26.688,-6.183,-17.129,-14.079,-16.172
26.692,-4.863,-8.475,-7.953,-2.7
26.696,-1.061,-2.176,-9.737,-2.226
26.7,3.685,3.707,1.623,0.45
26.704,14.868,15.092,9.522,4.765
26.708,20.316,18.323,13.976,7.22
26.712,24.231,22.188,24.899,22.105
26.716,25.182,24.617,15.643,23.263
26.72,18.271,24.996,19.511,17.084
26.724,24.683,19.337,19.579,15.71
26.728,15.953,12.654,13.676,12.413
26.732,6.798,14.711,5.417,9.191
26.736,8.034,12.099,-0.067,8.663
26.74,0.74,2.963,3.465,-2.701
26.744,3.006,6.361,-2.241,2.066
26.748,2.962,-3.974,-2.862,0.547
26.752,2.741,-2.642,3.371,-1.421
26.756,-1.802,1.976,1.6,2.374
26.76,-4.549,-4.898,-1.249,-1.542
26.764,-8.466,-10.505,-1.657,-3.941
26.768,-13.208,-13.11,-5.221,-6.467
26.772,-16.156,-14.686,-11.547,-13.163
26.776,-21.528,-26.424,-15.72,-14.01
26.78,-26.904,-20.547,-26.34,-20.16
26.784,-29.241,-26.293,-21.75,-14.833
26.788,-24.838,-20.546,-22.241,-17.567
26.792,-21.801,-19.918,-18.85,-15.991
26.796,-17.687,-6.455,-12.383,-6.658
26.8,-4.251,-3.898,-4.429,2.969
26.804,6.187,-0.002,3.567,2.859
26.808,10.273,12.22,11.102,17.782
26.812,9.697,19.732,12.31,19.273
26.816,13.634,22.122,17.228,19.812
26.82,17.81,19.234,16.367,16.909
26.824,7.066,19.824,12.745,17.014
26.828,9.185,13.262,8.674,9.138
26.832,-1.425,12.928,-0.558,1.441
26.836,4.742,9.072,-3.466,1.56
26.84,-3.612,-3.198,-4.219,0.391
26.844,3.673,0.809,-6.955,1.885
26.848,2.46,3.389,-8.687,-0.766
26.852,-2.414,2.419,-5.803,-3.326
26.856,-4.045,0.685,1.1,-2.029
26.86,-2.158,-0.848,-6.707,-1.146
26.864,-5.531,-0.299,-9.091,-1.763
26.868,-9.732,-6.432,-12.056,-4.969
26.872,-17.786,-18.349,-13.347,-15.875
26.876,-18.519,-8.926,-18.532,-15.82
26.88,-23.361,-22.671,-20.883,-16.647
26.884,-19.445,-14.342,-16.731,-22.523
26.888,-16.683,-19.873,-20.494,-12.852
26.892,-13.439,-6.599,-16.122,-15.464
26.896,-8.574,-5.583,-3.845,-4.524
26.9,-4.963,3.504,-3.287,2.074
26.904,5.367,3.439,1.749,5.521
26.908,13.067,17.548,8.449,14.029
26.912,12.725,20.658,16.725,22.345
26.916,16.01,22.941,11.255,18.293
26.92,13.809,23.228,7.95,19.5
26.924,15.787,18.21,8.031,11.456
26.928,8.755,13.036,8.55,12.868
26.932,3.279,6.737,3.442,6.195
26.936,-7.716,3.589,-2.324,5.271
26.94,-4.778,5.031,-0.649,-1.325
26.944,-7.085,-3.698,-2.465,1.005
26.948,-7.34,-8.565,-2.504,-1.16
26.952,-11.304,-7.514,-2.392,-7.804
26.956,-9.919,-4.412,1.118,0.218
26.96,-7.813,-9.394,0.291,2.575
26.964,-6.451,-9.678,-4.763,-6.989
26.968,-14.874,-21.094,-4.951,-9.342
26.972,-18.193,-27.754,-13.706,-7.813
26.976,-15.26,-21.119,-15.357,-14.304
26.98,-23.84,-20.605,-18.054,-19.955
26.984,-23.558,-28.391,-21.365,-19.016
26.988,-21.098,-18.88,-18.373,-20.129
26.992,-19.707,-11.693,-12.611,-6.567
26.996,-6.721,-8.174,-11.095,-4.924
27.0,-1.959,2.703,0.552,5.126
27.004,8.346,8.732,14.492,7.86
27.008,17.004,14.475,11.957,10.159
27.012,26.58,22.921,21.865,19.762
27.016,19.218,28.996,20.073,23.669
27.02,25.545,21.946,22.804,22.86
27.024,23.21,21.649,13.891,10.91
27.028,15.079,15.834,11.763,12.424
27.032,14.901,15.559,14.024,2.615
27.036,14.724,11.022,3.424,1.942
27.04,5.314,11.961,3.875,2.965
27.044,7.38,10.489,3.355,4.04
27.048,7.828,6.915,-3.746,0.558
27.052,8.452,6.176,4.875,-3.334
27.056,8.928,-0.93,0.577,1.753
27.06,5.795,-4.276,5.756,-3.761
27.064,4.107,-3.608,2.197,-4.576
27.068,-4.186,-9.11,-5.009,-7.137
27.072,-5.708,-7.67,-9.661,-13.799
27.076,-12.229,-23.44,-10.713,-14.064
27.08,-17.935,-18.521,-6.347,-16.711
27.084,-17.181,-19.28,-10.14,-16.819
27.088,-13.675,-21.695,-12.476,-13.976
27.092,-9.381,-18.262,-7.812,-14.41
27.096,-8.556,-10.416,-1.12,-11.265
27.1,-0.409,-7.276,3.152,-3.392
27.104,11.775,9.121,10.346,12.79
27.108,17.185,18.971,21.373,18.827
27.112,22.318,14.156,21.152,22.268
27.116,25.203,15.299,28.651,18.147
27.12,21.643,13.019,18.942,24.032
27.124,15.731,11.481,16.871,15.464
27.128,13.156,9.582,19.265,12.819
27.132,13.507,11.12,9.555,9.888
27.136,13.284,13.501,6.342,7.483
27.14,4.132,-1.052,6.414,2.832
27.144,3.493,-3.478,7.28,4.171
27.148,4.272,-5.428,6.125,-0.07
27.152,2.795,-1.413,6.073,-0.499
27.156,6.506,-2.778,8.082,-1.007
27.16,5.345,-5.185,6.186,-4.656
27.164,1.374,-9.317,5.909,-12.094
27.168,-3.874,-7.077,7.424,-4.284
27.172,-11.4,-12.234,-4.352,-12.492
27.176,-8.389,-15.225,-13.148,-13.744
27.18,-12.55,-17.843,-11.043,-17.173
27.184,-15.998,-19.125,-16.112,-19.429
27.188,-15.248,-17.973,-13.499,-15.419
27.192,-5.401,-9.25,-9.504,-10.766
27.196,-5.674,-2.715,-6.203,-10.44
27.2,7.642,5.506,1.827,4.599
27.204,16.794,6.813,3.404,10.177
27.208,22.148,19.093,16.148,11.354
27.212,23.34,21.745,22.004,16.305
27.216,22.061,22.187,21.477,16.175
27.22,26.189,26.685,18.472,20.852
27.224,24.502,22.621,17.312,15.443
27.228,14.386,25.338,8.559,4.311
27.232,12.561,15.32,3.382,5.745
27.236,11.334,8.705,4.21,2.557
27.24,4.324,5.641,1.935,1.525
27.244,0.129,-0.373,0.855,-4.572
27.248,3.44,4.658,-1.272,0.24
27.252,-2.53,-0.021,3.652,4.612
27.256,-5.214,-2.146,-2.694,0.516
27.26,-0.871,-9.159,-1.083,0.56
27.264,-7.807,-7.26,-0.389,0.991
27.268,-11.99,-16.673,-3.977,-7.692
27.272,-17.985,-19.937,-13.703,-12.17
27.276,-22.319,-21.713,-9.753,-14.939
27.28,-20.219,-26.243,-20.244,-21.623
27.284,-20.822,-27.2,-21.169,-21.987
27.288,-19.127,-22.821,-17.388,-24.37
27.292,-17.228,-15.045,-11.796,-7.116
27.296,-12.864,-8.821,-10.144,-5.092
27.3,-11.04,-1.682,0.581,-2.842
27.304,0.308,5.443,3.09,10.656
27.308,13.856,9.383,15.609,11.557
27.312,10.551,19.191,14.627,18.457
27.316,18.327,13.349,16.617,20.092
27.32,13.354,20.255,13.119,17.63
27.324,2.552,19.912,11.216,13.535
27.328,8.759,14.255,3.677,15.415
27.332,6.718,8.988,0.96,7.662
27.336,-0.458,7.873,-2.602,8.745
27.34,1.378,3.215,-8.126,-1.915
27.344,-8.018,5.353,-7.393,-1.373
27.348,-6.88,5.602,-11.511,-0.247
27.352,-1.48,3.264,-8.018,3.419
27.356,-0.455,1.933,-3.846,-2.413
27.36,1.327,1.165,-1.599,0.506
27.364,-3.074,-1.294,-7.781,-2.671
27.368,-12.108,-9.829,-10.507,-3.123
27.372,-12.172,-15.965,-11.533,-10.295
27.376,-15.173,-13.936,-17.076,-21.362
27.38,-25.652,-14.179,-20.546,-22.01
27.384,-21.231,-21.96,-23.971,-22.793
27.388,-20.663,-14.974,-24.428,-19.61
27.392,-17.625,-7.484,-17.633,-10.008
27.396,-8.104,-5.098,-8.576,-8.38
27.4,-5.853,6.915,0.667,0.104
27.404,6.002,13.399,10.143,6.91
27.408,12.367,14.811,13.947,15.597
27.412,17.735,18.306,13.686,16.087
27.416,12.283,20.041,11.403,19.392
27.42,9.729,20.784,15.596,18.42
27.424,11.636,14.154,13.784,15.76
27.428,5.342,9.593,-1.57,10.092
27.432,10.159,2.356,-2.774,3.403
27.436,-1.191,4.855,-3.214,6.497
27.44,-5.122,7.528,-6.164,0.859
27.444,-7.138,-7.157,-9.117,3.431
27.448,-10.504,-3.588,-2.396,1.329
27.452,-4.922,-5.194,1.384,1.654
27.456,-6.893,-6.686,-2.137,3.347
27.46,-7.844,-4.715,-6.955,6.585
27.464,-9.511,-14.157,-3.325,0.212
27.468,-12.439,-20.932,-10.721,-4.749
27.472,-22.211,-20.409,-14.77,-10.912
27.476,-18.092,-23.915,-13.182,-12.197
27.48,-25.489,-30.312,-15.655,-21.208
27.484,-23.585,-22.521,-21.227,-18.149
27.488,-16.894,-24.016,-16.582,-14.421
27.492,-10.333,-15.513,-17.658,-11.124
27.496,-13.538,-9.249,-6.261,-7.813
27.5,0.091,-3.222,-1.152,1.366
27.504,9.255,10.832,3.871,6.597
27.508,11.148,14.419,11.714,11.676
27.512,23.16,20.62,20.005,22.605
27.516,23.52,25.017,15.918,18.601
27.52,23.532,24.485,18.41,17.64
27.524,17.851,22.347,19.267,14.711
27.528,18.232,16.333,10.266,9.702
27.532,15.617,11.756,2.768,5.234
27.536,10.176,11.965,3.112,-1.476
27.54,6.067,5.6,4.008,-3.448
27.544,5.348,8.613,-2.321,-0.532
27.548,7.275,4.162,5.901,1.26
27.552,6.996,4.982,5.826,-4.919
27.556,9.334,-1.772,5.34,0.5
27.56,3.856,-4.835,5.589,2.641
27.564,-1.089,0.118,2.225,-5.114
27.568,-0.373,-9.618,-0.661,-10.376
27.572,-7.633,-10.928,-5.876,-11.97
27.576,-8.449,-21.911,-7.846,-14.415
27.58,-14.223,-21.229,-9.911,-20.646
27.584,-13.689,-17.182,-17.472,-17.045
27.588,-17.526,-24.103,-15.66,-16.844
27.592,-10.258,-8.533,-10.531,-8.788
27.596,-6.849,-8.79,-4.751,-12.629
27.6,-1.257,-4.808,8.157,-4.235
27.604,7.017,5.805,7.925,6.329
27.608,14.028,14.196,20.448,9.964
27.612,23.391,12.703,27.118,22.974
27.616,19.387,15.171,22.593,20.602
27.62,16.214,17.699,27.418,17.978
27.624,17.37,16.159,23.048,20.634
27.628,12.899,10.755,13.97,12.667
27.632,7.051,8.701,12.872,6.782
27.636,4.507,6.482,4.23,1.354
27.64,5.671,1.636,1.172,2.876
27.644,3.899,-2.846,2.412,1.612
27.648,3.848,-1.987,8.347,1.936
27.652,-0.827,2.504,3.837,2.528
27.656,11.674,-2.811,5.805,4.306
27.66,5.475,-1.767,1.945,-3.692
27.664,1.862,-9.527,5.254,3.011
27.668,-6.413,-10.367,1.347,-2.008
27.672,-3.994,-12.143,-7.981,-6.638
27.676,-12.09,-12.895,-17.52,-16.592
27.68,-13.771,-15.271,-15.244,-21.11
27.684,-18.827,-21.915,-14.346,-19.589
27.688,-15.582,-12.372,-14.55,-17.402
27.692,-6.07,-5.752,-10.362,-11.409
27.696,2.148,-5.709,-3.41,-8.077
27.7,8.798,1.121,1.406,2.764
27.704,16.216,11.433,6.563,6.542
27.708,20.304,18.613,18.669,14.124
27.712,23.292,21.621,17.667,20.421
27.716,26.676,21.263,17.828,20.269
27.72,26.892,28.917,21.353,16.941
27.724,20.915,19.509,12.864,13.267
27.728,19.735,16.754,8.932,14.985
27.732,10.395,14.194,11.298,8.897
27.736,3.648,5.18,7.399,7.861
27.74,3.276,1.319,3.766,4.644
27.744,1.637,1.847,1.6,-0.799
27.748,0.071,3.443,3.098,2.911
27.752,3.525,-0.402,6.259,1.167
27.756,1.097,-9.32,3.96,-0.386
27.76,-7.6,-1.797,0.561,6.742
27.764,-1.986,-7.205,-0.014,3.339
27.768,-19.265,-13.293,-7.951,-5.457
27.772,-9.651,-17.783,-10.947,-14.339
27.776,-21.762,-20.069,-15.609,-17.408
27.78,-24.997,-17.521,-20.267,-20.594
27.784,-25.99,-22.181,-22.377,-17.461
27.788,-23.357,-21.783,-16.458,-17.1
27.792,-20.5,-21.756,-19.311,-14.918
27.796,-14.663,-11.013,-9.885,-1.385
27.8,-2.816,-1.484,-6.807,-1.289
27.804,2.567,3.639,-1.565,13.175
27.808,4.509,9.242,14.189,17.493
27.812,14.08,17.489,18.368,20.184
27.816,15.357,15.593,14.217,17.567
27.82,11.553,21.558,14.311,23.781
27.824,12.963,16.081,9.701,21.892
27.828,6.365,8.159,5.004,12.498
27.832,2.255,9.79,-0.317,11.152
27.836,-1.057,7.813,-1.273,3.994
27.84,-9.605,7.146,-6.102,5.723
27.844,-4.594,5.122,-4.435,-2.799
27.848,-0.584,-1.106,-0.208,2.859
27.852,-2.162,2.29,-3.127,-7.446
27.856,-5.742,-0.83,-3.429,-3.555
27.86,0.151,-2.197,-6.192,-4.387
27.864,-5.887,-6.916,-6.753,-3.658
27.868,-12.192,-7.647,-15.427,-10.06
27.872,-6.193,-1.953,-10.399,-14.418
27.876,-20.135,-9.2,-22.45,-16.511
27.88,-17.391,-19.948,-28.758,-19.351
27.884,-23.408,-17.019,-24.643,-23.363
27.888,-19.249,-16.122,-21.895,-22.282
27.892,-18.368,-10.443,-14.847,-16.534
27.896,-13.319,-2.0,-11.689,-4.578
27.9,-0.838,1.963,-1.979,7.911
27.904,5.967,7.261,5.715,11.963
27.908,14.122,18.828,11.853,12.909
27.912,14.38,15.707,10.154,19.501
27.916,22.314,21.657,16.543,19.899
27.92,15.05,15.921,9.635,18.539
27.924,12.5,14.597,16.478,16.302
27.928,2.125,15.902,8.183,12.621
27.932,-0.391,7.132,-0.211,2.17
27.936,-1.007,-0.711,-0.716,1.842
27.94,-5.549,-0.757,-6.889,1.081
27.944,-6.057,-3.674,-8.954,7.199
27.948,-9.299,-6.823,-0.906,1.802
27.952,-6.248,-2.901,-5.282,3.415
27.956,-6.3,-10.87,-2.115,-0.376
27.96,-11.151,-10.249,-1.358,3.109
27.964,-7.866,-11.091,-4.491,-2.847
27.968,-18.203,-16.121,-10.476,-4.931
27.972,-16.441,-20.018,-11.562,-11.264
27.976,-15.307,-24.08,-15.617,-14.317
27.98,-20.908,-27.275,-16.641,-20.395
27.984,-21.148,-25.168,-13.025,-14.414
27.988,-23.444,-18.485,-24.704,-19.697
27.992,-10.364,-16.566,-16.831,-16.827
27.996,-4.306,-7.66,-7.179,-7.103
28.0,-2.531,3.351,3.032,5.619
28.004,7.012,9.96,8.887,5.535
28.008,19.435,11.435,17.805,13.438
28.012,26.14,21.802,14.336,19.021
28.016,19.377,26.401,19.406,15.931
28.02,19.939,21.872,23.64,14.841
28.024,20.172,17.155,13.481,19.349
28.028,10.48,17.484,3.047,12.016
28.032,13.16,15.657,4.941,4.227
28.036,13.351,13.269,5.255,2.758
28.04,3.293,6.923,1.762,-0.47
28.044,7.037,0.123,-2.283,0.069
28.048,4.868,0.722,0.175,0.48
28.052,11.769,4.116,-0.456,-6.336
28.056,4.911,7.157,0.651,3.957
28.06,9.853,-1.477,1.22,-0.987
28.064,0.774,-0.98,2.16,-5.614
28.068,0.862,-12.341,-8.827,-4.755
28.072,-5.445,-15.611,-1.993,-14.893
28.076,-11.214,-24.696,-10.805,-16.916
28.08,-16.617,-19.271,-17.11,-22.618
28.084,-14.684,-23.77,-17.931,-17.67
28.088,-15.805,-17.612,-15.459,-14.672
28.092,-12.758,-16.866,-9.339,-12.829
28.096,-0.333,-3.333,-2.471,-8.152
28.1,4.047,3.028,4.174,-3.827
28.104,11.532,-2.161,10.157,6.212
28.108,14.486,12.643,18.787,14.676
28.112,19.099,12.95,16.735,16.529
28.116,20.354,19.157,20.683,18.539
28.12,21.041,12.92,20.973,15.602
28.124,18.901,19.093,15.549,13.743
28.128,12.721,14.443,14.362,7.39
28.132,6.15,3.253,6.401,8.238
28.136,7.272,3.378,11.849,3.849
28.14,2.843,1.603,0.104,1.492
28.144,-2.436,1.386,8.338,-1.036
28.148,-4.311,-1.96,-1.72,-1.882
28.152,3.617,-0.406,11.227,-0.784
28.156,0.526,-4.023,7.432,-1.324
28.16,3.614,-3.653,7.333,-0.749
28.164,-2.016,-12.088,-1.442,1.8
28.168,-2.52,-11.233,-2.115,-7.976
28.172,-7.973,-11.076,-6.641,-13.565
28.176,-5.331,-13.155,-10.871,-16.721
28.18,-10.338,-18.435,-10.341,-20.445
28.184,-9.742,-18.854,-13.599,-21.392
28.188,-11.786,-11.724,-15.008,-20.005
28.192,-4.918,-11.113,-7.606,-11.926
28.196,-0.596,-0.551,-0.909,-5.568
28.2,11.152,3.484,1.235,2.707
28.204,14.045,11.626,8.537,10.927
28.208,16.306,14.761,22.937,12.887
28.212,18.516,18.923,19.602,13.549
28.216,30.814,27.757,19.504,25.812
28.22,25.864,29.669,19.389,12.196
28.224,22.533,22.406,19.404,14.948
28.228,20.573,17.777,13.541,7.51
28.232,6.085,16.934,6.179,8.617
28.236,5.513,10.609,4.468,0.829
28.24,2.599,-1.229,0.943,4.603
28.244,3.546,6.123,-1.104,0.743
28.248,-1.76,-3.045,-1.271,4.425
28.252,-3.922,-1.001,0.815,0.414
28.256,-4.95,-4.467,-0.571,3.432
28.26,0.141,-7.888,0.019,-4.465
28.264,-8.817,-9.456,-2.782,-0.744
28.268,-12.696,-11.185,-10.908,-7.813
28.272,-14.201,-18.181,-12.974,-11.076
28.276,-22.997,-17.859,-16.956,-13.191
28.28,-29.543,-19.898,-14.273,-17.808
28.284,-30.555,-20.248,-21.913,-22.275
28.288,-24.683,-22.839,-19.502,-19.721
28.292,-19.007,-19.51,-9.998,-17.154
28.296,-14.87,-11.607,-15.066,-5.438
28.3,-5.452,-0.428,-7.542,-1.037
28.304,-3.968,7.18,2.123,6.238
28.308,2.75,3.024,9.604,14.588
28.312,18.62,16.746,13.814,17.542
28.316,17.483,11.453,14.141,23.41
28.32,15.495,18.897,10.458,21.323
28.324,8.607,15.801,13.49,18.142
28.328,6.123,12.016,4.506,10.544
28.332,2.915,13.702,4.7,9.538
28.336,3.632,6.042,-5.705,5.21
28.34,-1.113,5.46,0.921,-2.44
28.344,-1.437,1.014,-10.677,-0.693
28.348,-3.227,2.986,-5.255,-0.623
28.352,0.283,4.803,-7.291,4.596
28.356,-0.98,-1.862,-3.697,-1.305
28.36,-2.61,0.804,-7.416,0.239
28.364,-7.22,-3.752,-13.146,0.203
28.368,-8.868,-7.352,-12.757,-10.176
28.372,-16.05,-12.402,-10.23,-10.951
28.376,-17.096,-12.449,-22.576,-9.876
28.38,-19.762,-14.939,-21.477,-23.674
28.384,-28.313,-17.617,-24.312,-21.724
28.388,-20.348,-14.572,-24.321,-17.434
28.392,-19.189,-8.64,-12.69,-12.888
28.396,-8.105,-3.124,-13.367,-7.112
28.4,-0.493,1.431,-4.247,1.637
28.404,3.472,12.895,3.182,11.367
28.408,12.336,17.951,14.083,14.144
28.412,16.257,25.743,9.059,18.03
28.416,14.964,16.381,21.742,21.687
28.42,18.848,22.485,18.348,24.938
28.424,8.624,21.131,11.688,17.773
28.428,10.614,16.683,7.944,14.906
28.432,0.776,8.412,0.979,2.689
28.436,-5.096,0.829,-1.393,3.161
28.44,-6.351,6.03,-2.597,-2.433
28.444,-9.918,-2.63,-7.015,0.091
28.448,-4.496,-3.922,1.022,4.171
28.452,-11.422,1.649,-1.668,-3.766
28.456,-2.487,-10.049,-1.147,5.166
28.46,-10.417,-6.029,-4.575,-1.222
28.464,-7.284,-13.753,-0.434,-1.021
28.468,-13.03,-17.42,-7.529,-4.322
28.472,-16.181,-18.303,-13.32,-5.803
28.476,-22.374,-19.883,-19.32,-14.23
28.48,-21.891,-20.768,-19.74,-21.584
28.484,-22.766,-20.013,-23.869,-16.866
28.488,-25.126,-22.577,-17.738,-26.264
28.492,-18.558,-18.694,-12.112,-16.703
28.496,-10.059,-9.188,-9.027,-9.326
28.5,-2.265,1.042,0.708,-6.311
28.504,12.195,7.544,11.508,12.637
28.508,15.692,4.369,13.917,17.968
28.512,18.416,14.976,18.459,19.605
28.516,21.699,22.536,20.376,22.843
28.52,21.436,26.185,17.933,20.067
28.524,19.739,19.198,15.007,18.565
28.528,13.767,21.005,9.438,15.577
28.532,10.661,10.605,8.68,3.07
28.536,12.094,12.258,3.729,6.446
28.54,8.165,9.274,3.771,4.596
28.544,6.199,7.636,4.637,-1.726
28.548,6.621,1.526,-0.812,-0.803
28.552,6.713,-1.607,1.026,-2.216
28.556,5.993,3.363,6.365,0.888
28.56,6.848,-5.99,3.094,-0.036
28.564,3.896,-7.231,2.086,-3.112
28.568,-6.167,-4.995,-1.413,-9.708
28.572,-6.595,-13.158,-8.934,-7.674
28.576,-15.317,-16.569,-8.976,-17.719
28.58,-12.338,-18.505,-13.043,-17.31
28.584,-13.35,-19.322,-18.035,-17.538
28.588,-16.316,-19.473,-14.05,-23.387
28.592,-11.039,-18.063,-9.685,-12.976
28.596,-11.085,-1.346,-0.682,-3.824
28.6,5.323,-3.229,8.275,-0.042
28.604,11.73,5.742,12.399,10.281
28.608,19.111,12.189,13.778,11.947
28.612,24.116,13.581,25.136,21.415
28.616,17.427,15.94,30.923,16.493
28.62,22.693,21.416,25.156,18.903
28.624,21.413,12.553,18.757,19.678
28.628,8.328,12.588,16.221,15.328
28.632,8.014,10.182,12.816,3.509
28.636,3.901,3.279,7.049,3.057
28.64,5.309,0.834,8.422,-0.59
28.644,-5.295,2.099,0.407,3.585
28.648,7.543,-2.336,3.084,-0.333
28.652,2.386,-8.997,6.589,0.554
28.656,5.763,0.701,7.775,1.4
28.66,2.14,-8.415,3.317,-4.85
28.664,1.787,-7.338,1.296,-2.802
28.668,-9.884,-15.108,-3.147,-10.439
28.672,-7.992,-16.059,-8.102,-13.259
28.676,-8.043,-18.697,-9.011,-17.303
28.68,-12.322,-18.431,-14.272,-17.516
28.684,-18.695,-21.188,-11.782,-22.282
28.688,-11.674,-9.879,-17.792,-19.676
28.692,-9.842,-10.736,-11.075,-13.009
28.696,-3.587,-1.341,-2.251,-3.428
28.7,2.181,3.778,3.972,1.313
28.704,16.119,14.498,7.034,10.976
28.708,23.838,11.773,19.908,7.609
28.712,30.873,20.557,20.61,22.558
28.716,21.387,23.257,27.184,17.331
28.72,26.73,22.91,19.456,17.142
28.724,23.4,23.645,19.655,21.797
28.728,14.363,20.037,10.311,12.3
28.732,8.288,13.644,5.848,5.159
28.736,3.332,9.449,4.115,1.864
28.74,1.725,13.287,-4.914,-2.941
28.744,1.927,4.116,-6.735,0.089
28.748,4.398,-5.71,-2.402,-1.117
28.752,2.999,1.345,-3.528,2.118
28.756,-6.165,-1.464,-6.089,5.111
28.76,-5.674,-2.488,2.035,-4.97
28.764,-2.69,-7.802,-5.006,-1.912
28.768,-13.234,-16.581,-7.587,-12.008
28.772,-16.275,-15.605,-10.969,-10.485
28.776,-26.016,-21.791,-14.667,-19.493
28.78,-20.969,-21.362,-19.004,-23.008
28.784,-31.548,-20.179,-20.827,-12.252
28.788,-29.441,-23.037,-18.914,-11.809
28.792,-17.346,-15.448,-17.951,-16.105
28.796,-8.503,-8.405,-12.467,-1.878
28.8,-7.615,-3.328,-9.89,-0.119
28.804,0.73,9.859,6.373,3.472
28.808,10.11,13.947,8.547,15.929
28.812,12.726,14.072,20.461,21.1
28.816,12.665,19.337,17.887,22.161
28.82,11.732,21.534,17.009,13.899
28.824,5.886,23.148,12.686,12.544
28.828,7.536,16.389,7.46,14.6
28.832,2.644,12.023,2.575,3.952
28.836,-1.624,11.775,-0.946,6.754
28.84,-5.326,4.83,-4.433,0.12
28.844,-5.716,0.841,-7.529,-4.888
28.848,-0.869,4.876,-8.747,-4.066
28.852,0.55,0.789,-3.028,1.472
28.856,-2.868,8.919,0.071,1.46
28.86,-4.04,-0.357,-4.853,3.477
28.864,-7.552,-1.792,-6.256,-3.639
28.868,-5.717,-9.379,-14.368,-8.006
28.872,-12.718,-7.557,-16.38,-6.397
28.876,-15.872,-14.85,-23.262,-18.491
28.88,-18.954,-17.325,-26.48,-19.818
28.884,-22.023,-17.518,-24.033,-18.479
28.888,-23.153,-19.054,-23.13,-20.94
28.892,-18.649,-11.621,-16.457,-12.641
28.896,-6.217,-3.111,-10.125,-7.571
28.9,-4.581,-2.285,-7.377,3.406
28.904,3.52,12.463,-2.882,6.331
28.908,7.285,14.554,6.512,12.065
28.912,10.835,20.143,11.423,24.009
28.916,13.346,14.387,16.666,22.458
28.92,19.31,21.054,15.627,22.227
28.924,12.774,14.545,10.355,18.48
28.928,4.62,12.613,8.31,9.767
28.932,4.7,4.468,9.35,4.529
28.936,-3.023,2.273,-2.199,0.852
28.94,-1.233,0.921,-4.556,-0.518
28.944,0.015,-2.0,-6.812,3.646
28.948,-3.765,-0.382,-2.58,-0.187
28.952,-6.33,-10.155,1.072,2.929
28.956,-4.558,-6.384,-3.067,2.424
28.96,-7.564,-8.783,-3.148,3.599
28.964,-15.302,-12.865,-5.508,-1.295
28.968,-15.066,-17.833,-10.844,-6.77
28.972,-19.848,-15.499,-11.342,-15.686
28.976,-22.634,-15.769,-15.552,-10.149
28.98,-17.569,-28.761,-19.379,-15.774
28.984,-19.805,-26.03,-14.842,-18.631
28.988,-19.429,-23.471,-17.575,-17.615
28.992,-13.234,-16.108,-17.785,-19.322
28.996,-14.113,-4.393,-5.951,-6.319
29.0,2.185,1.583,-1.018,-1.591
29.004,11.255,7.699,6.861,2.665
29.008,8.952,15.313,13.915,12.528
29.012,23.048,19.501,17.919,18.975
29.016,18.899,25.474,21.169,21.024
29.02,17.04,26.2,25.601,15.433
29.024,24.582,23.686,14.956,11.887
29.028,13.972,12.216,12.012,10.881
29.032,10.955,15.132,8.094,9.121
29.036,12.763,10.932,2.405,1.321
29.04,6.693,11.459,0.77,-0.125
29.044,6.115,6.947,4.552,0.61
29.048,6.007,6.221,0.809,-2.571
29.052,7.892,1.55,0.872,-5.91
29.056,5.941,4.003,9.638,0.887
29.06,5.639,2.29,0.241,-6.448
29.064,1.056,-9.8,4.494,-2.709
29.068,-0.396,-13.059,-2.268,-8.071
29.072,-5.259,-11.38,-9.736,-12.476
29.076,-5.106,-18.192,-11.625,-19.282
29.08,-15.389,-17.293,-14.467,-19.964
29.084,-16.206,-20.364,-19.9,-22.539
29.088,-13.767,-17.331,-12.271,-9.709
29.092,-7.795,-17.601,-8.376,-16.393
29.096,-8.026,-8.379,-3.97,-4.469
29.1,2.715,-1.323,6.176,-1.696
29.104,2.077,2.682,13.036,8.314
29.108,14.846,13.874,22.701,14.004
29.112,22.875,9.494,19.724,17.756
29.116,18.921,17.84,23.451,19.313
29.12,20.56,13.069,26.005,19.711
29.124,15.389,11.703,21.2,20.102
29.128,10.233,14.309,8.113,8.396
29.132,11.442,4.194,5.408,2.104
29.136,1.855,0.495,6.712,1.208
29.14,3.621,2.857,9.397,1.592
29.144,2.812,-4.104,2.509,-0.842
29.148,-0.461,1.131,6.243,4.517
29.152,3.191,-0.831,5.459,4.369
29.156,0.21,-6.144,7.416,-1.409
29.16,3.886,-2.547,8.171,3.426
29.164,-3.634,-13.8,5.486,-2.438
29.168,-3.939,-9.737,1.58,-9.595
29.172,-7.596,-18.265,-7.713,-12.149
29.176,-7.248,-18.958,-11.022,-16.552
29.18,-12.768,-20.33,-12.604,-21.176
29.184,-10.919,-14.713,-14.226,-21.805
29.188,-10.194,-17.332,-12.727,-16.898
29.192,-5.741,-11.046,-15.91,-15.181
29.196,-1.866,-5.299,-0.867,-8.433
29.2,9.806,0.856,-2.171,-0.622
29.204,13.195,8.415,8.076,7.08
29.208,15.309,19.001,17.038,16.743
29.212,23.868,22.592,20.234,15.773
29.216,27.17,27.11,25.689,20.595
29.22,19.608,23.774,16.34,14.429
29.224,18.245,21.46,15.089,14.408
29.228,12.412,20.572,5.478,7.867
29.232,13.401,12.75,6.951,12.262
29.236,11.608,5.278,2.009,4.101
29.24,2.678,8.509,-3.528,-0.069
29.244,2.914,1.111,3.25,-5.165
29.248,1.834,1.166,2.869,-4.128
29.252,4.344,-2.845,0.587,2.664
29.256,-3.277,-6.06,4.093,1.019
29.26,-3.967,-11.662,-0.47,-5.531
29.264,-7.611,-8.58,-0.492,-8.008
29.268,-10.814,-24.048,-3.967,-1.864
29.272,-8.591,-14.38,-14.592,-7.724
29.276,-20.808,-18.993,-14.884,-15.087
29.28,-26.992,-27.229,-19.347,-18.62
29.284,-29.273,-20.058,-24.505,-20.408
29.288,-20.754,-16.489,-24.154,-22.025
29.292,-23.076,-18.895,-14.958,-11.4
29.296,-12.272,-10.273,-11.174,-8.171
29.3,-8.782,-3.395,-7.334,2.191
29.304,-2.93,8.525,6.197,6.372
29.308,9.201,6.632,13.408,15.07
29.312,9.966,15.146,10.998,16.812
29.316,15.061,21.315,15.669,20.112
29.32,14.686,21.394,18.714,21.36
29.324,12.225,17.26,7.834,14.367
29.328,6.033,18.703,10.99,17.848
29.332,4.978,11.855,0.176,5.674
29.336,-3.078,8.325,-2.864,4.109
29.34,-9.683,7.579,-9.142,5.355
29.344,-0.894,3.628,-9.754,4.396
29.348,-2.227,2.916,-7.179,1.292
29.352,-3.925,-0.438,-1.639,0.916
29.356,-6.3,9.572,3.218,0.162
29.36,-8.852,-2.536,3.341,2.861
29.364,-4.836,-1.734,-7.08,-0.828
29.368,-3.581,-1.768,-11.485,-4.139
29.372,-13.227,-15.379,-17.971,-6.886
29.376,-18.06,-12.936,-16.232,-14.599
29.38,-20.102,-16.882,-25.18,-20.189
29.384,-14.562,-11.833,-25.041,-18.85
29.388,-17.401,-17.908,-21.467,-18.084
29.392,-18.462,-13.126,-17.466,-14.548
29.396,-9.516,-4.899,-14.255,-8.797
29.4,-1.407,0.871,-5.041,1.643
29.404,1.582,8.02,1.174,9.497
29.408,12.966,21.444,6.86,11.893
29.412,12.03,19.79,10.479,19.2
29.416,11.12,18.735,10.595,24.773
29.42,14.474,19.209,14.876,16.729
29.424,10.553,18.889,9.773,20.08
29.428,6.197,14.68,2.683,9.166
29.432,-0.842,7.438,-2.02,8.492
29.436,-4.442,0.034,-5.574,-1.644
29.44,-1.911,1.26,-5.693,3.128
29.444,-5.297,-1.418,-0.913,-0.617
29.448,-9.72,-4.974,-5.58,-5.344
29.452,-12.465,-0.712,-0.667,-1.304
29.456,-9.399,-4.506,3.11,5.253
29.46,-7.137,-8.081,-1.469,0.501
29.464,-11.69,-12.574,-6.238,-3.36
29.468,-15.231,-9.894,-7.66,-5.817
29.472,-18.761,-22.269,-11.875,-8.76
29.476,-20.822,-23.402,-10.879,-11.402
29.48,-20.596,-24.976,-24.452,-19.841
29.484,-23.172,-22.361,-17.013,-18.125
29.488,-20.566,-18.475,-24.004,-16.827
29.492,-16.345,-19.273,-12.001,-13.661
29.496,-9.935,-10.214,-9.076,-8.144
29.5,2.683,1.343,5.478,4.812
29.504,10.664,6.165,9.869,8.373
29.508,21.807,14.058,16.156,10.329
29.512,22.584,20.976,15.95,9.537
29.516,21.676,20.318,25.775,22.766
29.52,20.236,24.452,27.7,17.677
29.524,23.462,23.749,22.096,15.516
29.528,14.548,18.921,8.735,13.013
29.532,15.532,19.369,6.822,14.791
29.536,7.514,13.668,0.378,7.761
29.54,8.657,8.363,0.146,0.528
29.544,3.477,5.265,2.422,2.238
29.548,8.953,9.815,4.529,-1.916
29.552,3.148,1.052,5.135,2.431
29.556,7.439,0.368,-0.873,-2.513
29.56,4.703,-2.641,3.748,-0.66
29.564,2.872,-3.725,3.396,-3.052
29.568,-2.639,-2.405,1.183,-10.563
29.572,-7.458,-12.928,-4.805,-13.555
29.576,-10.335,-18.641,-9.029,-22.496
29.58,-17.252,-19.813,-14.505,-20.106
29.584,-18.677,-25.028,-14.194,-16.557
29.588,-15.559,-19.973,-5.801,-12.256
29.592,-11.881,-10.247,-5.737,-9.506
29.596,-7.767,-7.412,-1.831,-8.742
29.6,5.177,1.342,6.941,-0.021
29.604,8.597,7.789,12.651,7.371
29.608,14.981,8.743,19.033,13.352
29.612,15.674,20.916,25.809,21.175
29.616,27.315,11.889,22.532,18.249
29.62,27.31,17.949,22.614,23.325
29.624,14.634,8.591,15.466,16.389
29.628,16.49,6.211,17.347,8.291
29.632,8.252,10.301,13.624,7.117
29.636,9.802,1.848,8.519,5.136
29.64,3.751,4.851,3.774,4.139
29.644,2.186,-7.295,3.671,2.308
29.648,-5.403,-2.189,4.737,-1.058
29.652,0.088,-6.413,8.496,-1.446
29.656,3.076,-4.796,8.789,5.146
29.66,2.917,-0.843,0.654,-1.129
29.664,-3.334,-2.609,0.019,-7.1
29.668,-5.106,-9.616,0.156,-9.165
29.672,-5.177,-19.31,-9.884,-17.675
29.676,-14.736,-21.008,-7.813,-20.86
29.68,-12.787,-18.474,-14.985,-20.558
29.684,-10.07,-20.975,-13.552,-22.291
29.688,-10.702,-13.854,-14.408,-20.312
29.692,-6.379,-5.782,-10.9,-11.67
29.696,-6.931,-6.932,-7.719,-4.962
29.7,4.277,1.119,1.297,-3.494
29.704,20.426,7.965,9.983,13.259
29.708,18.701,17.312,16.006,14.283
29.712,28.306,22.828,22.495,18.276
29.716,23.977,24.888,19.505,17.528
29.72,23.595,27.193,19.764,18.067
29.724,22.447,23.268,20.694,22.059
29.728,16.406,18.099,13.851,8.546
29.732,12.185,13.989,6.871,8.21
29.736,4.134,9.854,-1.741,2.072
29.74,-0.101,5.792,-3.929,-4.221
29.744,-1.338,1.111,1.234,-4.562
29.748,-1.28,-2.644,1.849,1.723
29.752,-1.005,-0.539,-5.464,-5.058
29.756,1.793,-4.64,2.777,-3.75
29.76,-3.045,-4.391,-1.879,1.257
29.764,-5.135,-9.381,-3.849,-1.596
29.768,-10.616,-13.822,-3.889,-7.232
29.772,-19.45,-15.322,-9.189,-15.324
29.776,-20.848,-26.303,-16.477,-19.518
29.78,-24.036,-19.192,-17.788,-22.94
29.784,-23.53,-31.378,-22.523,-20.305
29.788,-27.718,-18.319,-22.691,-16.329
29.792,-26.62,-17.472,-12.672,-15.253
29.796,-13.734,-13.079,-6.351,-4.93
29.8,-5.682,-8.219,-4.87,4.83
29.804,0.332,2.186,2.857,8.758
29.808,7.47,10.319,13.278,10.221
29.812,14.494,16.413,12.43,18.51
29.816,12.408,22.894,18.076,23.964
29.82,12.353,19.174,11.086,17.075
29.824,10.824,18.347,9.709,14.0
29.828,3.178,15.577,8.804,15.209
29.832,2.464,10.172,-1.76,3.1
29.836,-0.502,7.407,-4.417,4.295
29.84,2.59,5.167,-3.83,-0.645
29.844,-3.909,5.69,-11.074,-1.253
29.848,-2.124,0.026,-4.993,5.001
29.852,0.661,0.404,-0.812,-1.333
29.856,-4.399,1.841,-1.209,0.319
29.86,1.385,-4.346,-4.626,1.886
29.864,0.301,-3.581,-6.648,-7.546
29.868,-8.614,-9.131,-5.94,-4.9
29.872,-14.43,-9.835,-10.906,-13.134
29.876,-12.094,-10.648,-19.86,-19.814
29.88,-17.642,-18.586,-24.891,-20.445
29.884,-20.854,-14.944,-21.757,-19.717
29.888,-15.376,-14.578,-19.566,-17.532
29.892,-11.698,-12.02,-14.684,-16.228
29.896,-10.609,-4.729,-10.673,-8.233
29.9,-1.658,6.245,-5.824,-4.178
29.904,6.481,8.883,-2.085,5.461
29.908,10.775,19.286,15.172,9.895
29.912,10.311,19.049,18.363,18.015
29.916,12.838,16.852,12.709,17.391
29.92,10.17,19.939,14.362,25.192
29.924,12.278,13.204,9.832,17.122
29.928,2.647,12.715,6.289,6.91
29.932,2.029,8.102,0.462,5.169
29.936,2.93,10.369,0.231,5.807
29.94,-1.013,6.239,-7.259,1.942
29.944,-12.132,-0.929,-5.471,-4.668
29.948,-10.686,0.598,-0.916,-2.471
29.952,-8.943,-5.744,-8.26,2.039
29.956,-10.163,-10.511,-0.646,1.068
29.96,-12.571,-6.902,-3.618,0.52
29.964,-9.827,-10.408,0.903,-4.539
29.968,-10.987,-17.906,-6.404,-9.978
29.972,-14.131,-21.486,-14.106,-15.617
29.976,-22.027,-19.093,-11.705,-13.124
29.98,-23.765,-28.67,-19.19,-13.137
29.984,-22.104,-21.583,-19.966,-19.073
29.988,-21.077,-21.401,-16.113,-15.445
29.992,-13.239,-13.585,-16.253,-16.378
29.996,-7.145,-5.196,-3.506,-7.647
30.0,-1.129,-2.623,1.731,-0.189
30.004,2.867,4.74,5.924,8.739
30.008,20.168,19.662,13.138,14.214
30.012,18.694,20.286,15.006,26.584
30.016,24.244,24.241,21.283,22.302
30.02,17.2,26.351,18.722,22.866
30.024,20.569,19.028,17.0,16.786
30.028,17.294,21.512,6.639,5.412
30.032,13.548,17.013,5.82,8.753
30.036,18.835,15.902,0.997,6.985
30.04,5.716,12.843,3.454,5.389
30.044,9.118,6.42,-0.234,-0.156
30.048,8.183,6.81,3.751,-4.415
30.052,4.814,3.17,1.937,-0.758
30.056,9.037,1.621,9.168,-4.395
30.06,4.803,-4.798,4.012,2.653
30.064,5.192,-5.592,4.591,-2.338
30.068,4.431,-14.554,-2.003,-8.946
30.072,-5.748,-14.08,-3.321,-9.563
30.076,-11.643,-13.715,-12.814,-11.566
30.08,-11.09,-18.046,-13.916,-16.616
30.084,-11.463,-20.753,-16.405,-13.904
30.088,-17.133,-20.015,-7.949,-20.909
30.092,-12.047,-16.98,-12.923,-11.062
30.096,-2.725,-12.153,3.286,-11.962
30.1,2.008,0.105,0.632,5.682
30.104,6.738,0.144,14.632,9.769
30.108,17.283,6.195,16.955,12.861
30.112,21.671,17.893,23.722,14.785
30.116,20.096,17.84,23.816,18.284
30.12,20.213,17.086,20.511,18.19
30.124,15.246,15.391,19.819,16.622
30.128,9.526,17.381,13.767,11.738
30.132,7.036,7.662,12.129,5.508
30.136,5.213,4.802,3.694,7.172
30.14,-1.683,7.29,5.895,-3.889
30.144,0.615,-0.963,6.396,1.765
30.148,2.358,3.255,3.971,0.448
30.152,6.308,-9.086,1.243,0.089
30.156,2.077,-7.296,10.877,1.845
30.16,-1.417,-7.492,6.359,-3.212
30.164,-0.318,-6.232,0.49,-6.009
30.168,-4.619,-5.833,0.335,-8.277
30.172,-5.181,-16.299,-10.895,-13.369
30.176,-11.6,-14.453,-7.039,-16.684
30.18,-21.32,-12.242,-7.786,-16.808
30.184,-2.709,-13.863,-13.201,-19.572
30.188,-11.431,-17.04,-17.52,-18.163
30.192,-7.118,-8.204,-16.571,-13.287
30.196,-5.495,-2.966,-0.366,-8.575
30.2,2.349,1.826,2.497,2.71
30.204,13.987,12.788,9.154,9.281
30.208,21.507,16.654,19.947,13.998
30.212,26.619,23.044,18.551,14.855
30.216,26.522,20.688,23.72,23.832
30.22,20.87,19.211,19.924,20.962
30.224,13.387,21.229,16.922,17.674
30.228,15.803,19.23,16.274,16.887
30.232,9.438,10.483,5.089,9.495
30.236,2.801,11.176,0.892,3.554
30.24,5.792,6.094,-0.414,-0.324
30.244,-3.408,5.093,-4.286,-1.603
30.248,2.168,3.803,2.438,0.718
30.252,-4.548,3.065,2.781,3.01
30.256,-0.917,-1.332,0.65,2.888
30.26,-0.506,-6.852,-2.965,-5.35
30.264,-7.603,-9.031,-10.868,-0.926
30.268,-5.971,-6.879,-9.057,-8.297
30.272,-10.35,-15.319,-12.08,-13.554
30.276,-20.189,-21.874,-21.878,-14.875
30.28,-22.804,-24.952,-12.369,-16.605
30.284,-22.627,-26.618,-20.186,-23.603
30.288,-22.879,-26.233,-18.689,-17.6
30.292,-19.187,-12.951,-16.902,-18.845
30.296,-15.835,-10.071,-8.116,-5.209
30.3,-11.805,-7.611,-3.842,-3.329
30.304,-3.3,3.608,3.972,8.157
30.308,14.533,14.621,14.819,12.882
30.312,12.825,14.487,17.805,16.541
30.316,13.047,16.114,15.64,13.902
30.32,16.979,20.024,20.227,14.771
30.324,8.338,19.362,10.322,15.748
30.328,8.587,13.189,4.351,8.999
30.332,3.151,9.356,1.528,6.452
30.336,1.069,9.366,-1.751,1.339
30.34,-3.33,2.114,-8.536,0.373
30.344,-5.908,2.196,-4.217,-3.56
30.348,-5.192,2.404,1.133,-1.538
30.352,-4.447,4.141,-1.446,-0.694
30.356,-1.896,-0.511,-1.812,0.043
30.36,-7.411,0.574,-3.036,-6.683
30.364,-8.733,-0.424,-9.704,-3.546
30.368,-8.121,-9.013,-13.405,-10.744
30.372,-13.194,-1.682,-14.528,-15.888
30.376,-16.405,-10.511,-20.86,-12.279
30.38,-20.164,-16.134,-27.342,-16.78
30.384,-13.543,-17.762,-25.381,-18.251
30.388,-19.276,-16.846,-21.605,-18.915
30.392,-16.798,-5.885,-17.079,-15.723
30.396,-9.297,-4.118,-14.922,-3.123
30.4,0.656,-1.965,-4.893,0.405
30.404,4.602,4.262,4.169,4.888
30.408,12.743,15.696,5.553,10.996
30.412,15.671,19.813,11.238,19.186
30.416,14.782,18.338,14.97,18.859
30.42,14.578,15.836,11.062,22.068
30.424,15.596,11.786,9.511,16.189
30.428,6.93,11.39,13.577,8.187
30.432,-1.507,8.082,-2.858,12.991
30.436,-3.525,6.994,2.43,0.638
30.44,-11.639,1.02,-2.832,-2.458
30.444,-6.208,2.007,-7.962,-0.206
30.448,-2.913,-1.221,-1.5,1.288
30.452,-10.638,-3.011,-2.211,-2.589
30.456,-6.207,-3.292,2.044,2.041
30.46,-4.653,-12.646,0.007,-2.689
30.464,-6.521,-13.1,-3.354,3.636
30.468,-9.263,-7.889,-8.311,-6.408
30.472,-22.598,-24.525,-8.238,-15.044
30.476,-19.089,-22.805,-17.238,-18.084
30.48,-27.466,-22.191,-23.456,-17.489
30.484,-26.166,-28.889,-26.047,-22.34
30.488,-18.289,-22.716,-22.483,-18.481
30.492,-15.197,-9.275,-12.027,-8.072
30.496,-6.257,-7.649,-8.938,-5.665
30.5,-2.787,-1.723,-2.316,1.784
30.504,12.857,8.792,6.547,13.536
30.508,17.736,13.534,16.924,11.704
30.512,23.42,25.595,20.675,18.203
30.516,19.931,20.285,20.845,18.994
30.52,26.464,22.051,17.456,17.089
30.524,19.655,17.435,14.89,15.207
30.528,15.16,17.92,11.348,10.422
30.532,14.979,14.569,4.708,5.434
30.536,11.544,15.079,3.612,2.813
30.54,5.069,5.435,-0.866,-0.754
30.544,12.825,7.681,2.669,1.018
30.548,12.056,4.811,3.774,-2.974
30.552,8.665,-2.642,6.888,3.16
30.556,7.911,-0.991,5.071,2.132
30.56,6.286,-3.707,4.543,0.13
30.564,-2.084,0.131,-0.663,-5.076
30.568,-1.113,-7.533,-1.806,-7.276
30.572,-5.902,-13.234,-9.158,-12.165
30.576,-12.528,-30.561,-15.607,-15.892
30.58,-15.173,-26.104,-14.586,-22.985
30.584,-22.797,-18.906,-16.521,-19.59
30.588,-17.775,-17.063,-11.721,-17.277
30.592,-7.923,-17.586,-12.243,-9.649
30.596,0.443,-9.315,5.515,-10.605
30.6,-0.426,-2.481,3.315,-3.556
30.604,10.149,5.257,12.213,10.535
30.608,18.956,9.753,17.12,9.444
30.612,18.096,17.626,25.291,22.619
30.616,23.128,20.535,23.688,23.453
30.62,19.928,14.073,20.064,20.712
30.624,20.547,11.186,14.075,11.421
30.628,8.964,8.962,16.74,11.311
30.632,5.214,7.64,12.365,7.251
30.636,5.829,4.989,7.738,4.567
30.64,3.031,3.481,3.832,2.87
30.644,1.718,2.142,2.846,-2.203
30.648,3.822,-0.836,6.629,3.074
30.652,-0.068,-2.076,4.908,1.671
30.656,-1.094,1.136,9.053,1.486
30.66,0.821,-5.473,4.661,-1.879
30.664,-0.854,-6.214,2.248,-2.535
30.668,-3.771,-10.194,-0.034,-13.837
30.672,-3.03,-15.046,-1.693,-10.596
30.676,-8.275,-17.888,-7.038,-11.0
30.68,-11.589,-14.988,-14.304,-16.625
30.684,-13.118,-18.828,-16.795,-17.911
30.688,-13.16,-16.886,-18.136,-15.934
30.692,-9.947,-13.021,-8.527,-10.353
30.696,-4.462,-2.717,-9.81,-8.182
30.7,4.66,2.268,8.055,2.956
30.704,14.134,12.502,12.858,8.957
30.708,17.034,18.608,14.214,14.174
30.712,25.021,21.389,24.015,22.304
30.716,25.226,20.636,23.077,17.841
30.72,23.236,21.412,21.255,17.019
30.724,24.385,19.473,15.38,8.903
30.728,8.722,15.263,13.044,9.002
30.732,9.889,15.232,2.306,6.088
30.736,-0.468,15.985,2.821,3.549
30.74,4.023,4.433,-1.847,2.555
30.744,3.606,1.989,-1.542,2.689
30.748,-3.736,-0.788,-2.438,-4.097
30.752,-3.987,1.607,-1.542,0.439
30.756,-6.414,-1.863,4.543,-2.995
30.76,-3.117,-6.016,-4.491,-5.199
30.764,-7.611,-13.236,-1.407,-2.727
30.768,-11.876,-16.77,-9.948,-7.103
30.772,-17.208,-17.749,-7.422,-10.309
30.776,-23.821,-21.419,-14.898,-14.234
30.78,-21.032,-24.548,-24.066,-20.415
30.784,-24.992,-22.828,-20.429,-16.62
30.788,-28.066,-26.339,-22.41,-21.008
30.792,-22.6,-17.164,-15.771,-17.148
30.796,-16.879,-10.762,-14.314,-6.39
30.8,-2.525,-6.678,0.754,0.644
30.804,3.004,2.17,-1.534,5.155
30.808,7.006,12.889,8.181,11.483
30.812,16.98,12.412,11.265,19.392
30.816,18.14,25.948,16.811,20.654
30.82,12.496,20.621,12.682,15.854
30.824,9.355,17.216,10.015,14.044
30.828,5.75,13.77,3.944,9.057
30.832,0.061,13.519,-2.958,1.049
30.836,4.891,6.75,-3.339,7.792
30.84,-5.34,4.377,-8.867,1.924
30.844,-0.409,8.168,-11.176,3.521
30.848,-0.652,1.35,-3.334,-1.026
30.852,-3.009,2.332,-8.013,-2.807
30.856,3.543,-1.509,0.568,-2.669
30.86,-7.42,-0.339,-0.224,-3.834
30.864,-5.23,-2.18,-4.053,-5.256
30.868,-9.995,-2.445,-13.823,-12.051
30.872,-9.93,-14.163,-8.653,-12.949
30.876,-15.915,-19.113,-26.633,-17.697
30.88,-25.211,-17.752,-25.651,-16.349
30.884,-17.381,-19.068,-21.829,-18.292
30.888,-18.2,-15.226,-20.693,-19.4
30.892,-18.767,-9.303,-20.996,-12.553
30.896,-10.65,2.046,-14.781,-10.87
30.9,-6.304,0.997,-5.401,-3.789
30.904,4.239,2.767,2.664,7.302
30.908,11.139,14.645,7.949,14.287
30.912,13.479,20.461,18.529,17.832
30.916,14.302,18.18,12.959,23.971
30.92,9.407,21.081,18.19,21.03
30.924,11.811,18.087,11.712,19.078
30.928,0.427,14.447,9.148,10.13
30.932,1.545,11.544,-2.821,8.406
30.936,-7.964,4.67,1.24,0.569
30.94,-5.145,3.054,-0.879,-0.986
30.944,-6.638,-6.582,-6.288,1.039
30.948,-5.639,-5.923,-0.992,-2.778
30.952,-4.026,-5.576,-6.78,-2.264
30.956,-3.513,-9.245,-2.995,1.247
30.96,-12.439,-8.466,1.527,-3.5
30.964,-9.969,-12.523,-4.489,-0.813
30.968,-7.07,-16.458,-8.184,-8.051
30.972,-16.636,-16.154,-7.531,-12.308
30.976,-23.097,-21.66,-21.922,-15.219
30.98,-23.189,-26.87,-19.788,-19.372
30.984,-24.322,-25.068,-20.558,-19.064
30.988,-24.281,-18.198,-21.165,-21.005
30.992,-13.064,-14.664,-10.313,-22.144
30.996,-6.683,-4.573,-10.578,-11.823
31.0,-4.004,2.54,-2.693,-1.366
31.004,8.157,6.993,0.431,9.056
31.008,13.972,19.57,17.768,20.457
31.012,15.947,25.011,17.787,16.473
31.016,18.927,17.902,19.377,17.941
31.02,19.152,23.714,18.616,19.98
31.024,20.428,20.262,19.641,16.638
31.028,15.619,18.024,16.583,12.556
31.032,10.225,12.644,2.194,6.641
31.036,8.618,8.667,2.555,-2.243
31.04,9.852,11.189,-1.431,1.8
31.044,7.726,2.725,0.901,-0.097
31.048,9.619,4.831,2.067,-4.876
31.052,6.165,-1.011,-1.62,1.854
31.056,11.428,4.993,5.396,2.144
31.06,6.341,-1.321,2.509,0.466
31.064,1.099,-2.683,4.185,-4.92
31.068,-1.173,-8.585,-1.572,-6.746
31.072,-9.945,-14.427,-11.239,-14.483
31.076,-11.718,-17.47,-8.651,-20.13
31.08,-12.955,-15.858,-17.81,-19.265
31.084,-13.818,-23.782,-18.704,-24.41
31.088,-15.714,-27.057,-14.505,-18.653
31.092,-2.487,-17.72,-10.213,-14.137
31.096,-5.268,-13.025,-8.186,-10.036
31.1,-2.631,0.553,4.312,5.823
31.104,13.24,4.222,12.157,5.788
31.108,17.482,13.351,18.436,14.618
31.112,20.352,15.276,17.894,17.68
31.116,19.705,17.243,24.761,22.722
31.12,21.209,17.444,24.86,17.965
31.124,21.833,19.21,15.536,12.172
31.128,13.416,11.91,11.791,13.034
31.132,4.117,10.822,12.777,2.9
31.136,-5.369,7.057,11.45,1.155
31.14,3.896,0.626,3.978,-0.323
31.144,-1.071,-0.994,2.455,-1.372
31.148,1.796,-3.057,4.891,-1.149
31.152,0.297,1.084,9.28,-1.169
31.156,0.372,-6.634,3.13,0.331
31.16,0.025,-7.657,3.506,-3.248
31.164,-1.714,-8.813,1.123,-2.394
31.168,-0.591,-14.599,-5.397,-9.934
31.172,-5.117,-16.3,-3.31,-15.597
31.176,-14.211,-13.98,-9.785,-19.367
31.18,-16.404,-17.0,-20.211,-20.202
31.184,-12.647,-19.819,-15.707,-16.99
31.188,-8.7,-13.419,-9.524,-18.335
31.192,-4.274,-4.564,-9.777,-15.364
31.196,-3.879,-3.045,0.354,-7.705
31.2,9.711,8.065,1.259,-3.63
31.204,8.934,14.061,13.227,2.465
31.208,19.89,17.192,20.397,11.018
31.212,25.973,23.263,20.104,15.106
31.216,19.573,26.402,20.199,27.101
31.22,30.707,22.265,23.152,24.733
31.224,24.88,14.261,17.801,21.707
31.228,18.045,15.773,14.248,8.141
31.232,8.145,7.392,7.795,12.673
31.236,6.385,7.343,2.394,1.562
31.24,5.679,0.844,-0.074,6.143
31.244,-2.049,5.783,-1.742,1.361
31.248,-0.224,-2.582,0.83,-3.087
31.252,2.414,0.667,-0.161,5.075
31.256,-5.803,-0.842,1.438,4.799
31.26,-2.31,-3.861,-2.571,-4.391
31.264,-11.853,-15.202,-5.188,-2.722
31.268,-13.872,-10.498,-4.804,-13.219
31.272,-17.618,-17.014,-10.221,-12.975
31.276,-19.36,-19.676,-17.471,-17.137
31.28,-26.53,-19.011,-15.722,-20.195
31.284,-25.433,-22.44,-23.896,-15.068
31.288,-26.574,-26.219,-19.01,-22.26
31.292,-22.091,-16.115,-15.079,-14.653
31.296,-10.511,-16.017,-10.168,-5.32
31.3,-10.194,-3.993,0.86,-3.946
31.304,3.148,2.475,9.34,4.934
31.308,7.382,10.84,7.151,17.327
31.312,10.131,11.299,7.685,22.287
31.316,10.132,14.374,14.206,18.604
31.32,9.75,17.606,11.21,21.541
31.324,8.371,16.72,9.257,20.643
31.328,6.387,13.249,11.327,10.568
31.332,4.73,15.506,9.237,9.783
31.336,-1.211,9.255,-5.498,2.431
31.34,-3.021,6.677,-4.286,-2.851
31.344,-3.266,2.664,-5.075,0.056
31.348,-1.293,-1.41,-4.174,-0.843
31.352,-0.16,1.911,-8.408,-2.67
31.356,-6.048,6.194,-0.096,-1.063
31.36,-3.589,-0.443,-1.771,-1.889
31.364,-1.309,-0.582,-8.15,-2.863
31.368,-12.476,-3.776,-6.723,-4.29
31.372,-12.588,-9.672,-19.343,-8.667
31.376,-17.488,-14.109,-24.656,-16.233
31.38,-21.729,-19.915,-22.207,-20.609
31.384,-16.327,-17.842,-23.035,-15.884
31.388,-19.546,-16.263,-23.449,-18.551
31.392,-11.128,-9.879,-15.498,-15.772
31.396,-9.584,-8.991,-14.396,-7.074
31.4,-1.023,0.739,-1.142,-5.477
31.404,3.019,10.61,5.289,6.175
31.408,8.99,13.253,14.946,12.369
31.412,15.711,16.662,8.236,15.884
31.416,16.936,18.715,13.551,21.044
31.42,16.039,19.562,11.072,22.201
31.424,11.93,10.533,12.825,21.051
31.428,2.191,11.429,10.809,10.302
31.432,-0.968,12.028,0.547,6.56
31.436,-0.016,5.89,-0.046,1.66
31.44,-11.172,2.671,0.474,2.823
31.444,-5.742,-6.668,-3.311,-5.557
31.448,-7.185,-4.279,-1.432,-1.277
31.452,-4.065,-4.899,-8.29,0.984
31.456,-5.406,-4.837,3.126,-1.915
31.46,-9.601,-5.153,-2.871,-2.495
31.464,-11.922,-8.627,4.066,-0.725
31.468,-14.671,-16.849,-9.944,-7.579
31.472,-15.253,-20.493,-10.321,-8.205
31.476,-27.51,-17.676,-13.585,-11.061
31.48,-22.478,-24.699,-26.76,-17.376
31.484,-25.82,-26.506,-15.027,-20.776
31.488,-20.18,-21.079,-16.546,-13.507
31.492,-14.637,-11.215,-18.919,-21.56
31.496,-13.423,-10.875,-6.739,-12.239
31.5,-0.681,-1.287,1.092,2.311
31.504,8.903,5.57,7.445,15.007
31.508,15.935,18.133,12.647,16.029
31.512,20.385,21.321,18.571,18.807
31.516,19.508,26.036,22.943,18.504
31.52,19.744,28.314,21.718,20.637
31.524,16.469,17.375,16.087,19.447
31.528,18.655,16.528,12.431,14.036
31.532,12.756,13.792,7.01,7.597
31.536,9.639,11.698,1.024,6.8
31.54,2.493,10.003,1.803,2.123
31.544,6.555,4.755,-0.632,1.576
31.548,8.514,2.475,-0.647,2.803
31.552,1.324,5.906,-3.721,-2.693
31.556,5.014,2.823,3.063,-0.113
31.56,0.585,-0.464,6.213,-0.867
31.564,1.305,-11.356,5.513,-7.302
31.568,-4.154,-5.55,-0.325,-10.677
31.572,-5.058,-13.116,-9.976,-13.667
31.576,-10.292,-18.161,-10.959,-12.848
31.58,-10.371,-22.838,-17.255,-19.555
31.584,-15.815,-22.988,-9.282,-19.514
31.588,-13.468,-22.082,-14.717,-17.327
31.592,-12.362,-21.352,-10.84,-12.087
31.596,-8.06,-11.851,-0.157,-6.081
31.6,4.908,-7.148,4.638,0.202
31.604,13.33,4.568,15.639,7.169
31.608,17.778,7.417,15.451,17.265
31.612,20.05,17.37,23.225,16.774
31.616,18.177,12.224,25.851,23.984
31.62,23.454,20.536,15.148,17.256
31.624,18.714,17.279,17.528,15.122
31.628,18.886,8.152,13.176,13.914
31.632,5.064,7.211,10.581,14.504
31.636,7.578,1.359,5.78,-2.109
31.64,4.39,2.852,5.365,3.806
31.644,0.861,4.628,3.1,1.463
31.648,6.186,1.619,7.738,-1.47
31.652,3.931,-4.828,11.544,1.187
31.656,0.204,-3.467,1.178,-3.648
31.66,1.966,-0.921,5.032,-3.587
31.664,-2.536,-6.411,5.913,-2.415
31.668,-4.325,-8.124,-3.256,-10.433
31.672,-4.726,-12.573,-5.029,-11.336
31.676,-7.619,-17.159,-11.708,-17.965
31.68,-12.525,-19.162,-17.169,-20.328
31.684,-16.034,-22.19,-18.724,-16.676
31.688,-10.713,-18.125,-21.924,-21.748
31.692,-5.215,-13.515,-10.106,-14.082
31.696,-6.787,-5.038,-3.763,-6.149
31.7,7.093,4.103,0.083,0.774
31.704,13.693,11.183,9.489,5.809
31.708,23.36,18.723,12.125,15.077
31.712,25.669,24.664,21.92,15.163
31.716,27.263,23.576,20.231,18.443
31.72,22.982,26.714,22.164,23.74
31.724,20.905,25.503,15.215,17.891
31.728,18.935,19.521,8.423,11.798
31.732,10.846,12.233,4.948,8.758
31.736,7.113,12.437,7.157,1.281
31.74,-1.3,7.414,6.481,2.052
31.744,1.114,4.999,-5.199,-1.309
31.748,-5.719,5.571,2.346,-1.849
31.752,-1.866,1.163,-2.954,-0.262
31.756,-1.129,1.581,-1.602,-1.85
31.76,-1.006,-6.411,0.434,-0.785
31.764,-9.586,-10.891,-1.165,-2.45
31.768,-9.919,-10.42,-8.741,-8.227
31.772,-11.699,-21.232,-9.556,-20.344
31.776,-22.822,-16.424,-12.628,-18.579
31.78,-29.069,-20.594,-17.667,-22.213
31.784,-24.94,-24.56,-24.331,-18.793
31.788,-28.088,-19.067,-21.656,-20.441
31.792,-22.956,-16.088,-13.826,-15.483
31.796,-11.493,-15.376,-5.675,-5.065
31.8,-1.112,-6.253,-6.752,-2.342
31.804,-2.132,4.842,5.367,8.193
31.808,5.173,11.289,12.807,12.128
31.812,10.538,19.752,10.321,16.839
31.816,12.141,19.463,18.73,16.413
31.82,18.988,15.148,20.504,17.404
31.824,8.995,15.752,12.56,17.496
31.828,5.674,16.756,7.565,8.894
31.832,7.768,5.687,-1.107,5.262
31.836,1.419,3.75,-4.125,10.269
31.84,0.637,4.37,-6.9,1.978
31.844,-5.733,6.591,-8.333,1.061
31.848,-4.314,2.115,-5.938,-1.988
31.852,-5.214,3.307,-3.369,3.236
31.856,0.517,0.786,-6.377,3.569
31.86,0.933,-1.539,-5.519,-3.023
31.864,-6.79,-5.883,-5.753,-0.493
31.868,-9.62,-4.975,-16.766,-3.389
31.872,-13.773,-15.114,-12.17,-17.996
31.876,-21.617,-15.47,-18.937,-13.394
31.88,-22.051,-13.513,-22.322,-21.261
31.884,-18.78,-19.51,-20.86,-15.927
31.888,-22.283,-19.849,-20.143,-20.654
31.892,-15.382,-17.219,-16.998,-12.16
31.896,-13.525,-2.75,-11.585,-12.863
31.9,-2.836,4.552,-4.785,3.347
31.904,3.061,8.365,1.182,7.805
31.908,7.023,11.546,6.475,17.855
31.912,16.854,18.971,14.717,16.103
31.916,18.193,24.624,16.192,20.543
31.92,11.337,16.572,14.214,23.525
31.924,10.151,20.849,6.463,15.896
31.928,6.333,8.582,-1.876,13.078
31.932,-3.993,5.759,1.83,9.506
31.936,-6.757,5.246,-7.345,-0.957
31.94,-1.438,4.254,-2.903,-0.355
31.944,-9.815,3.23,1.556,3.459
31.948,-3.075,-0.061,-2.542,-6.252
31.952,-10.65,0.106,-3.649,3.464
31.956,-4.679,-5.683,-4.709,-1.812
31.96,-8.543,-10.35,-3.705,4.957
31.964,-10.306,-7.939,-4.054,-2.389
31.968,-7.535,-11.002,-4.173,-9.81
31.972,-20.756,-16.013,-11.324,-8.851
31.976,-18.819,-20.074,-16.937,-11.673
31.98,-21.289,-19.443,-17.236,-17.156
31.984,-13.107,-22.232,-15.931,-21.241
31.988,-23.983,-20.519,-17.835,-13.938
31.992,-17.549,-13.087,-13.862,-16.768
31.996,-5.989,-6.728,-12.828,-4.37
32.0,-0.601,2.656,-4.085,-7.225
32.004,7.047,7.765,3.379,7.937
32.008,18.543,17.991,13.862,12.306
32.012,19.952,23.031,16.274,14.135
32.016,20.496,23.898,18.871,23.818
32.02,25.128,21.368,16.716,12.526
32.024,21.729,25.634,13.787,20.125
32.028,16.055,15.177,6.182,7.191
32.032,12.022,12.22,8.051,10.568
32.036,7.049,11.996,6.044,1.361
32.04,9.784,0.962,2.184,-4.653
32.044,5.576,10.859,2.666,-1.313
32.048,4.304,4.595,3.735,1.582
32.052,2.993,7.654,4.812,-2.586
32.056,7.796,6.597,6.829,0.735
32.06,3.771,-1.876,7.429,0.861
32.064,-3.472,-0.872,6.579,0.78
32.068,-5.061,-12.35,-7.441,-7.219
32.072,-6.901,-12.368,-4.688,-8.292
32.076,-11.416,-19.095,-14.125,-13.425
32.08,-14.976,-18.29,-9.572,-19.245
32.084,-16.801,-18.442,-14.812,-16.462
32.088,-18.911,-19.889,-12.726,-15.57
32.092,-13.312,-13.725,-9.006,-14.479
32.096,-1.2,-6.564,-2.294,-5.444
32.1,5.513,-1.788,9.697,0.815
32.104,11.335,12.366,16.143,9.229
32.108,17.13,10.458,23.634,19.629
32.112,22.371,20.148,22.373,15.84
32.116,17.737,20.653,17.955,20.668
32.12,20.128,11.372,25.244,19.06
32.124,13.615,19.248,16.226,18.338
32.128,9.503,14.573,13.932,10.434
32.132,9.632,7.837,10.229,5.709
32.136,7.831,5.028,6.716,3.506
32.14,2.161,2.594,6.409,2.633
32.144,6.834,3.354,1.034,-1.326
32.148,2.73,-3.163,6.176,-8.073
32.152,0.393,1.993,4.641,-2.747
32.156,-0.246,-7.063,13.486,4.198
32.16,5.375,-10.769,0.188,3.432
32.164,0.696,-6.204,3.036,-5.188
32.168,-0.892,-7.378,0.698,-2.016
32.172,-14.811,-15.065,-7.102,-12.769
32.176,-9.853,-24.181,-12.29,-20.578
32.18,-14.724,-23.427,-10.186,-19.886
32.184,-17.966,-17.248,-13.15,-17.727
32.188,-12.046,-15.858,-16.907,-19.948
32.192,-4.11,-6.957,-15.052,-12.171
32.196,5.928,-3.766,-2.693,-6.784
32.2,7.47,1.582,3.907,-0.859
32.204,12.136,12.434,12.042,9.913
32.208,18.19,21.122,16.058,17.668
32.212,27.402,26.725,22.898,18.798
32.216,22.819,24.49,26.234,21.673
32.22,26.295,24.702,24.444,14.599
32.224,21.781,24.427,13.724,20.148
32.228,16.653,16.029,18.885,10.19
32.232,6.336,16.077,8.531,4.823
32.236,5.518,8.901,-1.647,6.36
32.24,-1.067,5.739,1.504,0.057
32.244,-0.446,3.15,0.011,-2.037
32.248,3.069,1.354,-0.721,-0.99
32.252,3.376,4.776,-0.239,-3.539
32.256,-0.677,-4.549,2.784,-2.16
32.26,-5.019,-7.218,1.926,1.859
32.264,-1.825,-5.257,-4.393,-0.202
32.268,-12.791,-12.532,-8.164,-7.212
32.272,-19.511,-15.973,-13.111,-13.828
32.276,-18.811,-25.18,-16.705,-14.732
32.28,-23.055,-23.761,-17.193,-24.657
32.284,-27.437,-22.392,-17.825,-16.391
32.288,-24.211,-24.694,-20.965,-18.461
32.292,-19.172,-16.189,-13.155,-17.084
32.296,-13.652,-12.12,-9.004,-3.123
32.3,-5.366,-5.74,-2.54,0.128
32.304,-0.647,7.024,10.061,6.306
32.308,8.964,14.224,11.591,20.13
32.312,11.911,16.214,14.105,16.676
32.316,12.369,19.909,18.18,22.15
32.32,12.451,22.928,10.467,21.048
32.324,10.293,16.202,9.91,13.431
32.328,2.501,15.572,6.654,11.37
32.332,1.01,9.996,3.305,6.652
32.336,-0.116,4.929,-1.93,-1.601
32.34,-6.374,4.304,-8.825,-4.684
32.344,-4.874,0.436,-8.335,-6.482
32.348,4.43,4.042,-6.504,-1.459
32.352,-5.483,-0.393,-3.571,-2.87
32.356,-3.038,-3.419,-7.695,-2.841
32.36,-5.244,1.112,-0.25,-2.471
32.364,-5.341,-1.889,-5.771,-3.688
32.368,-10.972,-8.485,-9.558,-8.346
32.372,-13.541,-9.241,-15.537,-13.903
32.376,-19.131,-17.188,-23.906,-10.18
32.38,-16.864,-18.069,-22.729,-19.571
32.384,-20.855,-15.995,-22.084,-16.908
32.388,-22.666,-12.079,-23.417,-21.962
32.392,-13.139,-12.016,-15.613,-9.975
32.396,-12.475,-6.537,-12.611,-9.23
32.4,-7.096,5.299,-2.667,8.405
32.404,4.742,11.236,2.593,3.649
32.408,16.41,15.805,10.496,10.78
32.412,9.0,22.953,16.159,17.686
32.416,11.66,26.93,11.769,18.839
32.42,16.503,21.477,15.732,15.45
32.424,8.873,15.905,13.658,20.395
32.428,8.036,15.16,12.661,15.896
32.432,-1.061,6.71,1.877,6.387
32.436,-2.14,8.645,-8.141,6.728
32.44,-0.063,-0.694,-9.199,5.475
32.444,-10.204,-1.764,-6.951,0.017
32.448,-3.778,-5.549,0.311,-2.119
32.452,-4.574,-4.004,4.25,3.955
32.456,-11.124,-5.577,-2.791,3.333
32.46,-5.933,-6.258,-1.815,-4.968
32.464,-9.576,-11.133,-11.687,0.549
32.468,-12.829,-14.954,-5.437,-10.469
32.472,-15.984,-20.528,-11.341,-10.652
32.476,-21.655,-22.771,-16.812,-18.421
32.48,-22.739,-27.798,-22.146,-18.476
32.484,-22.447,-19.077,-21.417,-19.557
32.488,-18.514,-20.741,-22.811,-11.556
32.492,-20.252,-10.341,-17.018,-18.847
32.496,-4.564,-8.524,-11.66,-9.896
32.5,-3.466,-5.706,-3.051,-1.396
32.504,10.721,6.809,4.383,8.571
32.508,15.909,15.256,16.167,13.045
32.512,16.909,20.654,15.326,11.659
32.516,24.756,25.288,20.203,22.115
32.52,20.114,24.141,15.979,22.972
32.524,23.81,20.901,12.903,17.271
32.528,14.861,16.061,8.468,10.42
32.532,8.618,13.874,10.324,8.022
32.536,14.396,13.305,3.396,0.049
32.54,8.153,11.061,-0.267,4.392
32.544,9.257,4.208,-1.441,1.538
32.548,4.059,7.572,-1.693,-1.71
32.552,1.174,4.743,1.381,0.356
32.556,11.646,-1.476,-0.02,3.049
32.56,5.277,-0.671,2.553,2.285
32.564,4.04,-3.809,-0.28,-3.922
32.568,0.518,-12.363,-4.001,-0.969
32.572,-7.207,-17.744,-2.375,-7.685
32.576,-10.121,-16.253,-11.227,-14.389
32.58,-9.463,-21.742,-14.336,-20.155
32.584,-15.75,-16.553,-11.164,-20.999
32.588,-11.657,-14.246,-17.631,-17.651
32.592,-16.662,-13.943,-10.819,-14.312
32.596,-1.38,-6.543,-7.573,-2.483
32.6,-2.162,-5.423,4.966,-2.811
32.604,12.629,0.753,14.245,9.102
32.608,16.833,10.445,11.545,7.975
32.612,19.369,11.32,25.537,19.384
32.616,20.801,18.14,25.262,22.519
32.62,19.271,14.601,23.111,23.289
32.624,14.514,15.341,15.85,14.199
32.628,12.193,10.831,17.334,9.653
32.632,15.152,9.406,15.464,10.478
32.636,8.898,4.901,5.488,7.284
32.64,0.129,-0.096,3.525,0.527
32.644,2.69,-4.877,3.872,-5.833
32.648,2.383,-1.436,3.098,-3.286
32.652,2.297,-7.993,4.677,-0.168
32.656,0.006,-0.072,8.765,-4.3
32.66,3.659,-3.901,4.759,0.978
32.664,2.849,-5.456,3.524,-6.017
32.668,-5.421,-14.063,4.953,-7.625
32.672,-0.971,-13.458,-1.475,-8.505
32.676,-6.021,-19.388,-13.709,-14.87
32.68,-11.544,-18.507,-8.926,-13.135
32.684,-17.479,-21.552,-11.543,-15.71
32.688,-10.654,-16.078,-10.028,-21.369
32.692,-6.54,-14.945,-12.48,-12.202
32.696,0.669,-4.464,-3.824,-7.126
32.7,11.515,-1.129,1.764,3.562
32.704,13.735,16.748,10.692,9.154
32.708,26.642,18.556,21.707,12.482
32.712,25.732,22.688,20.742,19.681
32.716,24.938,26.851,16.273,18.796
32.72,31.626,20.602,18.733,17.029
32.724,23.39,19.747,14.217,15.639
32.728,14.74,19.868,16.756,12.536
32.732,11.293,14.351,4.117,11.309
32.736,8.495,7.438,1.411,2.209
32.74,2.855,7.91,-0.925,-4.542
32.744,1.721,4.05,4.121,-0.546
32.748,-2.134,2.482,2.51,0.66
32.752,-5.373,0.204,2.075,0.657
32.756,-1.0,-5.186,1.376,-0.807
32.76,-2.887,-6.193,0.453,1.641
32.764,-5.008,-15.168,-2.404,-2.762
32.768,-12.769,-15.399,-0.39,-5.599
32.772,-20.126,-19.011,-15.187,-17.3
32.776,-23.796,-20.209,-24.477,-16.494
32.78,-21.261,-22.964,-18.523,-19.386
32.784,-27.809,-27.079,-17.225,-14.852
32.788,-25.838,-24.994,-19.765,-18.571
32.792,-21.436,-14.154,-22.392,-15.961
32.796,-16.121,-12.388,-8.091,-9.741
32.8,-8.823,-3.461,-6.134,2.938
32.804,-1.743,6.34,0.607,5.843
32.808,11.587,10.571,7.67,11.422
32.812,13.898,15.373,9.685,21.003
32.816,17.528,17.611,16.283,21.079
32.82,17.537,17.427,12.216,18.26
32.824,3.537,17.817,6.577,11.99
32.828,7.868,9.059,13.008,13.452
32.832,1.161,10.071,-0.447,9.889
32.836,3.04,9.605,-2.498,0.84
32.84,-4.545,6.759,-0.296,2.303
32.844,-6.177,8.044,-3.647,-0.257
32.848,-7.026,5.277,0.514,-2.762
32.852,-3.003,3.149,-6.384,-1.223
32.856,0.858,0.858,-0.662,-0.187
32.86,-1.974,-2.486,-3.006,-5.163
32.864,-8.599,-2.412,-3.725,-1.987
32.868,-2.069,-6.524,-7.882,-9.539
32.872,-10.863,-12.474,-17.334,-13.801
32.876,-14.643,-17.371,-11.106,-14.456
32.88,-16.174,-17.111,-29.784,-20.326
32.884,-26.02,-13.749,-26.922,-20.55
32.888,-22.391,-14.849,-20.914,-18.569
32.892,-13.192,-10.784,-17.948,-16.306
32.896,-12.033,-3.48,-12.022,-9.138
32.9,-3.229,3.795,-2.609,-0.053
32.904,4.518,10.145,0.397,7.538
32.908,6.856,15.233,11.877,15.562
32.912,13.401,17.885,13.167,19.966
32.916,18.397,24.104,19.213,23.56
32.92,16.434,19.099,12.876,14.449
32.924,14.139,22.392,11.898,18.712
32.928,9.23,14.131,8.002,10.768
32.932,2.669,9.328,4.379,9.383
32.936,-1.586,7.198,-1.732,4.718
32.94,-4.536,-0.548,-4.716,-0.523
32.944,-8.501,0.537,-6.615,4.606
32.948,-9.939,-2.69,-2.078,2.174
32.952,-8.682,-3.318,-8.032,1.372
32.956,-7.634,-8.28,-0.645,6.525
32.96,-9.577,-10.564,-0.825,-4.131
32.964,-8.553,-16.989,1.679,-3.624
32.968,-12.497,-16.465,-9.373,-5.722
32.972,-16.065,-20.335,-11.181,-14.99
32.976,-19.549,-23.914,-15.584,-17.965
32.98,-19.363,-23.965,-22.573,-15.978
32.984,-23.197,-23.065,-20.376,-21.393
32.988,-17.727,-18.958,-22.8,-15.637
32.992,-14.121,-13.566,-11.547,-15.87
32.996,-5.048,-6.209,-6.076,-1.524
33.0,4.844,2.077,1.295,-7.028
33.004,10.166,8.986,5.937,10.61
33.008,15.982,15.429,18.692,14.734
33.012,21.044,23.245,15.521,13.66
33.016,21.761,25.338,20.51,19.234
33.02,21.438,19.173,15.748,13.189
33.024,23.31,21.393,15.512,17.03
33.028,14.102,13.396,15.558,9.999
33.032,17.947,9.624,8.809,1.559
33.036,9.339,9.965,1.18,4.196
33.04,16.195,8.102,0.408,1.643
33.044,4.577,4.957,0.433,6.366
33.048,7.364,-0.777,-0.163,2.374
33.052,5.794,5.361,4.354,-7.053
33.056,4.241,-0.936,10.841,-1.631
33.06,8.488,0.057,2.179,2.106
33.064,-0.75,-6.957,7.633,-8.58
33.068,-3.48,-10.663,-1.674,-9.723
33.072,-4.441,-12.367,-5.123,-11.784
33.076,-8.565,-18.722,-9.712,-17.557
33.08,-18.421,-19.868,-18.879,-14.195
33.084,-13.908,-20.257,-13.646,-19.354
33.088,-14.097,-23.691,-20.851,-18.152
33.092,-13.442,-13.926,-8.73,-16.731
33.096,-7.118,-12.211,-2.437,-10.892
33.1,-3.696,-5.684,0.151,0.312
33.104,14.753,2.569,12.618,7.344
33.108,18.707,13.312,17.941,10.33
33.112,15.789,10.379,22.496,18.955
33.116,23.496,19.17,23.898,20.076
33.12,18.307,17.97,21.235,18.043
33.124,19.72,14.992,19.803,19.551
33.128,11.323,12.091,17.615,11.752
33.132,7.437,6.624,9.698,6.694
33.136,4.126,5.968,6.559,7.093
33.14,0.77,-0.164,6.425,0.756
33.144,6.084,-5.646,10.613,-1.159
33.148,4.79,-2.156,3.718,-3.62
33.152,3.054,-0.361,0.105,0.291
33.156,6.088,-2.335,2.99,2.752
33.16,-2.56,-0.045,6.766,-2.459
33.164,-3.375,-8.744,7.192,-7.687
33.168,-1.496,-11.637,-3.984,-4.376
33.172,-4.631,-15.226,-5.999,-8.638
33.176,-9.748,-19.717,-10.511,-14.218
33.18,-18.837,-20.373,-16.466,-18.68
33.184,-16.971,-21.674,-11.068,-18.643
33.188,-10.608,-22.71,-11.019,-22.903
33.192,-0.106,-12.551,-9.571,-15.727
33.196,2.783,-3.914,-5.718,-5.558
33.2,11.475,5.696,5.808,1.015
33.204,15.282,9.779,11.871,10.292
33.208,21.496,16.383,15.141,18.582
33.212,21.412,25.763,23.236,14.547
33.216,28.665,20.829,22.54,21.354
33.22,24.209,24.01,14.87,18.193
33.224,22.978,24.961,13.204,14.634
33.228,16.196,16.15,7.398,19.205
33.232,11.878,9.266,9.65,2.698
33.236,6.326,14.718,0.526,3.154
33.24,3.981,8.364,2.074,0.5
33.244,4.319,5.633,5.838,0.189
33.248,-3.481,0.698,2.012,-6.027
33.252,-4.796,0.956,-0.886,-2.834
33.256,-0.042,-10.613,-1.553,0.101
33.26,1.014,-7.278,-1.112,-5.394
33.264,-1.511,-6.754,-5.716,-0.839
33.268,-14.714,-18.054,-9.989,-5.669
33.272,-17.313,-19.276,-13.801,-16.551
33.276,-25.338,-21.13,-14.584,-16.664
33.28,-26.08,-26.853,-21.415,-17.842
33.284,-22.441,-24.801,-22.109,-24.031
33.288,-24.551,-21.514,-18.914,-22.985
33.292,-21.62,-17.169,-14.27,-16.854
33.296,-12.628,-12.709,-16.117,0.478
33.3,-9.128,-6.291,-8.109,3.283
33.304,5.649,5.173,3.3,5.759
33.308,7.407,11.827,7.259,9.988
33.312,10.653,16.698,17.074,15.776
33.316,15.545,18.901,14.282,24.471
33.32,16.006,19.974,19.552,25.069
33.324,15.375,20.019,9.105,13.537
33.328,6.208,15.456,6.794,12.723
33.332,6.178,11.448,-0.854,6.622
33.336,-0.007,6.403,-1.191,7.51
33.34,-4.155,9.646,-3.43,-2.073
33.344,-5.345,0.442,-3.016,2.982
33.348,-6.015,2.157,-5.614,-4.13
33.352,-4.32,0.397,-0.485,2.953
33.356,1.46,-4.709,-2.905,-2.598
33.36,-0.622,-0.055,-6.407,-2.152
33.364,-8.714,-4.531,-8.618,-5.636
33.368,-13.767,-7.398,-8.229,-1.525
33.372,-16.148,-11.887,-11.225,-8.807
33.376,-19.306,-12.51,-22.942,-17.207
33.38,-20.939,-14.307,-20.749,-21.442
33.384,-17.581,-20.521,-28.788,-15.963
33.388,-21.3,-9.884,-24.81,-28.447
33.392,-10.62,-11.59,-17.351,-12.543
33.396,-14.641,-2.986,-14.966,-10.462
33.4,-3.45,2.892,-0.358,6.762
33.404,7.108,9.715,4.751,15.777
33.408,13.23,17.03,5.813,14.073
33.412,13.476,23.364,15.521,17.156
33.416,18.658,23.42,11.049,20.108
33.42,16.682,19.649,13.801,17.103
33.424,8.753,17.422,13.127,13.59
33.428,7.145,11.977,8.218,12.493
33.432,3.562,11.316,1.404,9.28
33.436,-4.398,6.688,-2.877,4.099
33.44,-0.213,0.385,-7.33,2.079
33.444,-9.126,2.795,-3.742,-1.852
33.448,-6.417,0.185,-1.123,-2.911
33.452,-10.363,0.92,3.854,-2.721
33.456,-6.346,-8.599,-2.94,2.27
33.46,-10.81,-8.786,0.565,-0.969
33.464,-10.676,-12.081,-1.65,-3.095
33.468,-17.862,-7.282,-8.821,-6.384
33.472,-14.594,-18.776,-9.582,-11.963
33.476,-19.535,-18.116,-18.511,-15.648
33.48,-19.688,-20.515,-18.484,-15.081
33.484,-24.215,-23.51,-20.993,-17.573
33.488,-17.35,-20.291,-17.444,-18.769
33.492,-15.553,-13.695,-12.866,-15.397
33.496,-8.097,-4.387,-9.434,-4.503
33.5,6.342,-0.516,-0.029,0.998
33.504,6.982,6.635,7.462,6.66
33.508,19.353,18.06,11.167,10.107
33.512,22.191,17.017,17.666,23.335
33.516,21.455,24.016,18.622,16.522
33.52,19.003,26.8,15.874,19.821
33.524,17.504,23.203,13.65,21.449
33.528,20.385,17.105,10.97,10.766
33.532,18.306,12.089,7.557,7.272
33.536,10.068,15.053,0.212,6.261
33.54,8.041,7.958,5.575,-2.371
33.544,8.985,3.525,3.412,-4.964
33.548,6.833,7.967,2.084,-1.181
33.552,10.149,5.439,-0.121,0.352
33.556,7.495,-1.97,3.652,0.163
33.56,5.703,6.132,3.037,3.043
33.564,0.469,-6.54,-1.398,-6.537
33.568,-4.287,-6.818,-5.149,-7.839
33.572,-15.678,-7.708,-3.791,-7.268
33.576,-7.097,-15.01,-11.467,-16.807
33.58,-14.685,-19.602,-11.133,-13.007
33.584,-16.854,-25.386,-15.049,-20.606
33.588,-20.338,-13.286,-11.3,-20.335
33.592,-12.609,-12.764,-7.203,-14.098
33.596,-7.066,-13.643,-1.525,-6.806
33.6,0.02,2.283,8.303,-1.235
33.604,10.599,4.932,12.725,8.779
33.608,16.028,10.036,14.336,13.533
33.612,15.573,13.464,18.952,22.061
33.616,17.206,17.73,22.371,21.427
33.62,16.13,19.376,25.228,19.0
33.624,22.407,13.285,18.376,15.024
33.628,17.289,11.733,15.634,14.198
33.632,5.971,17.636,12.022,7.502
33.636,-0.939,5.349,7.203,2.342
33.64,3.127,4.014,-2.396,-0.961
33.644,2.027,-3.647,0.243,2.144
33.648,3.046,-5.996,9.594,-1.524
33.652,4.948,1.629,6.19,-0.79
33.656,4.37,-0.273,-2.419,1.614
33.66,-1.028,-0.347,5.167,2.004
33.664,1.193,-8.223,8.062,-1.914
33.668,-0.358,-7.392,-0.326,-4.85
33.672,-9.009,-22.189,-5.735,-9.661
33.676,-9.687,-15.764,-16.054,-15.948
33.68,-14.847,-15.855,-14.972,-17.784
33.684,-7.796,-20.622,-20.603,-14.426
33.688,-15.838,-12.66,-18.178,-18.84
33.692,-3.918,-11.349,-14.957,-17.258
33.696,-5.883,-4.223,0.76,-15.164
33.7,12.122,3.028,5.123,5.807
33.704,10.838,16.25,14.532,13.527
33.708,21.068,16.712,12.481,11.008
33.712,19.625,20.941,20.894,22.11
33.716,21.76,22.251,18.409,23.001
33.72,27.121,23.394,17.149,20.892
33.724,23.985,22.674,17.589,17.483
33.728,16.822,20.191,11.923,9.555
33.732,13.264,11.606,7.415,7.796
33.736,9.724,10.716,-1.135,4.743
33.74,1.255,7.802,0.575,1.418
33.744,-2.878,0.344,0.365,-0.119
33.748,0.276,1.155,-2.396,3.792
33.752,-2.049,-1.22,-0.445,3.157
33.756,-0.153,-2.921,-4.258,2.577
33.76,-1.663,-7.556,-6.66,1.589
33.764,-8.634,-10.004,3.392,-3.011
33.768,-8.928,-13.773,-5.941,-3.91
33.772,-14.142,-12.683,-12.463,-15.384
33.776,-18.73,-21.955,-13.786,-15.764
33.78,-25.651,-20.485,-22.463,-16.844
33.784,-23.47,-20.581,-21.102,-18.273
33.788,-22.952,-26.628,-17.003,-17.129
33.792,-18.578,-18.949,-19.758,-11.2
33.796,-9.23,-7.258,-11.805,-3.261
33.8,-5.76,-3.261,-7.081,-3.191
33.804,-0.95,3.635,6.964,8.485
33.808,4.054,13.06,11.22,11.814
33.812,15.242,19.031,18.026,21.463
33.816,14.856,18.469,18.202,22.075
33.82,18.199,18.119,13.375,16.057
33.824,4.498,10.297,11.801,15.953
33.828,9.569,14.667,7.133,7.286
33.832,2.136,10.011,3.347,10.258
33.836,-1.371,4.964,1.746,2.092
33.84,-4.615,4.872,-8.23,-2.182
33.844,-0.316,2.558,-11.309,-0.991
33.848,-0.883,3.273,-8.365,1.642
33.852,-5.522,1.087,-2.878,0.97
33.856,-1.392,2.113,-2.563,-1.513
33.86,-0.624,-0.594,-6.184,-1.523
33.864,-4.457,-0.101,-7.525,-4.575
33.868,-5.204,-9.097,-12.918,-10.211
33.872,-13.681,-6.011,-15.339,-17.386
33.876,-23.739,-11.568,-21.657,-15.992
33.88,-19.469,-12.491,-18.091,-17.213
33.884,-20.558,-16.459,-20.36,-19.951
33.888,-18.723,-16.024,-20.786,-12.103
33.892,-12.34,-12.483,-18.726,-15.768
33.896,-15.458,0.508,-9.006,-7.71
33.9,-3.12,5.641,-4.459,1.458
33.904,1.983,6.374,3.409,8.906
33.908,7.064,18.292,4.174,13.213
33.912,14.266,16.933,14.337,18.09
33.916,17.759,22.062,11.136,19.654
33.92,15.148,22.857,12.582,21.018
33.924,8.737,22.049,11.001,13.888
33.928,5.764,14.38,3.394,4.488
33.932,4.241,8.768,3.1,6.379
33.936,-0.517,5.051,1.311,8.763
33.94,-6.955,4.612,-6.508,3.612
33.944,-8.472,1.18,-3.937,-4.66
33.948,-11.999,-3.085,-7.276,1.916
33.952,-7.902,-10.141,-5.841,0.735
33.956,-11.863,-13.533,-0.641,-1.17
33.96,-1.408,-7.809,0.166,-4.443
33.964,-12.359,-15.035,-8.471,-6.14
33.968,-9.776,-16.679,-1.246,-9.088
33.972,-11.539,-19.487,-13.235,-6.284
33.976,-19.955,-15.682,-15.439,-14.053
33.98,-23.25,-23.252,-20.858,-21.097
33.984,-27.138,-21.098,-21.213,-21.53
33.988,-22.266,-18.944,-14.22,-18.365
33.992,-10.859,-22.529,-9.919,-15.28
33.996,-7.383,-9.359,-12.799,-7.537
34.0,0.085,-3.66,-1.691,-0.437
34.004,12.373,13.342,16.7,7.876
34.008,17.76,9.805,13.137,7.986
34.012,20.308,19.195,20.043,20.653
34.016,23.82,22.476,23.769,18.223
34.02,20.646,20.662,21.815,21.689
34.024,18.92,22.216,7.609,22.561
34.028,16.374,18.679,12.746,7.431
34.032,14.775,15.582,12.639,7.704
34.036,6.052,12.999,4.032,2.439
34.04,7.838,9.196,-1.149,2.393
34.044,5.486,7.371,-1.495,-6.277
34.048,3.911,7.888,1.743,-1.184
34.052,5.696,-1.913,5.562,-2.346
34.056,-0.344,3.285,12.959,4.836
34.06,3.024,-4.548,2.988,4.37
34.064,-0.732,-6.846,3.53,-4.558
34.068,-2.291,-8.807,-6.297,-10.85
34.072,-13.04,-12.434,-11.145,-14.305
34.076,-10.227,-16.088,-11.985,-15.856
34.08,-11.517,-23.215,-12.454,-23.172
34.084,-16.005,-16.196,-15.269,-18.346
34.088,-12.987,-20.663,-13.395,-18.841
34.092,-12.227,-17.517,-10.181,-12.912
34.096,-9.415,-13.214,-3.008,-6.401
34.1,2.409,-6.463,3.874,4.138
34.104,11.642,0.55,8.375,9.489
34.108,11.688,11.812,14.346,14.86
34.112,18.261,16.993,27.036,19.0
34.116,20.358,14.624,21.859,13.969
34.12,28.583,13.526,22.28,19.507
34.124,17.646,14.135,23.146,17.809
34.128,7.095,11.643,14.209,11.426
34.132,2.069,8.283,13.048,12.403
34.136,7.182,1.029,4.046,-0.757
34.14,10.198,0.614,9.143,-1.011
34.144,1.044,3.93,4.485,-1.86
34.148,1.072,-5.508,4.216,-0.082
34.152,4.016,-2.852,4.717,-1.83
34.156,0.62,-2.311,7.975,-3.767
34.16,-5.311,-8.392,5.667,-2.276
34.164,3.422,-6.15,-6.938,-0.655
34.168,-4.759,-15.172,-2.491,-5.146
34.172,-3.687,-12.623,-4.902,-13.874
34.176,-12.87,-17.258,-13.473,-17.093
34.18,-12.823,-23.212,-15.671,-21.301
34.184,-11.22,-16.494,-16.837,-23.688
34.188,-8.647,-18.516,-9.726,-16.971
34.192,-6.687,-11.27,-8.81,-17.824
34.196,-0.321,-2.094,-3.471,-5.596
34.2,8.602,0.911,-0.558,5.456
34.204,15.656,9.922,8.275,8.711
34.208,16.625,21.453,19.003,15.849
34.212,20.696,16.462,22.302,20.035
34.216,19.482,29.079,17.171,18.438
34.22,26.728,20.107,24.051,20.078
34.224,19.713,19.991,13.599,16.91
34.228,18.565,19.122,12.461,9.912
34.232,12.252,15.676,14.757,-0.141
34.236,3.582,10.491,1.378,0.556
34.24,2.947,6.108,0.695,-1.618
34.244,-0.045,1.834,-2.354,1.548
34.248,-1.51,5.65,0.155,-4.546
34.252,2.428,1.353,4.646,5.722
34.256,6.213,0.385,0.094,4.842
34.26,0.041,-7.23,-1.075,1.948
34.264,-6.67,-16.582,0.678,-5.23
34.268,-7.262,-10.806,-10.346,-13.644
34.272,-10.965,-17.206,-11.137,-9.293
34.276,-25.077,-21.54,-18.364,-18.217
34.28,-20.753,-26.202,-20.566,-16.605
34.284,-23.5,-25.867,-24.095,-18.1
34.288,-20.948,-24.468,-24.608,-19.573
34.292,-18.059,-17.939,-23.077,-17.641
34.296,-14.946,-14.913,-11.687,-7.023
34.3,-0.645,-1.516,-2.255,-4.709
34.304,1.889,10.094,6.898,8.428
34.308,6.083,9.017,6.597,15.391
34.312,13.376,11.05,14.968,16.274
34.316,16.701,18.251,17.351,15.394
34.32,13.473,19.899,15.24,23.853
34.324,11.766,18.748,11.342,14.369
34.328,7.103,19.334,-0.619,11.167
34.332,0.939,13.602,0.788,10.683
34.336,-2.776,2.549,-2.9,1.994
34.34,-6.529,1.78,-3.322,-1.076
34.344,1.54,5.028,-1.517,6.076
34.348,-3.394,1.403,-5.989,-2.308
34.352,-12.378,6.469,-5.331,3.76
34.356,-0.697,-2.04,-3.412,0.414
34.36,-1.615,1.766,-4.412,-0.813
34.364,-10.59,-5.87,-5.413,-5.219
34.368,-11.025,-6.707,-8.828,-8.007
34.372,-15.44,-13.835,-15.546,-6.428
34.376,-19.202,-13.093,-18.078,-13.407
34.38,-16.391,-13.734,-23.658,-23.056
34.384,-21.546,-16.458,-28.68,-22.878
34.388,-20.938,-9.453,-26.426,-17.104
34.392,-12.294,-13.03,-25.825,-12.065
34.396,-8.115,-4.455,-7.436,-5.284
34.4,-7.627,4.889,-0.9,-0.23
34.404,2.901,6.549,6.029,5.036
34.408,11.654,15.546,8.708,11.551
34.412,11.682,21.401,16.485,11.351
34.416,21.742,23.877,17.703,24.804
34.42,14.584,23.805,9.428,11.08
34.424,8.539,15.068,8.136,15.249
34.428,2.832,14.532,7.702,6.475
34.432,4.234,5.225,0.196,5.655
34.436,-4.51,2.745,-3.965,5.428
34.44,-4.157,0.889,-1.386,-5.651
34.444,-10.074,2.247,-6.775,1.103
34.448,-6.639,-1.452,3.909,2.505
34.452,-8.521,-4.431,2.443,-1.142
34.456,-7.602,-4.884,-2.212,8.173
34.46,-9.998,-6.922,1.774,-7.943
34.464,-6.717,-10.385,-3.384,-8.838
34.468,-14.575,-16.818,-8.639,-8.318
34.472,-17.424,-21.676,-5.81,-12.638
34.476,-20.889,-22.582,-14.89,-15.63
34.48,-18.113,-26.001,-21.939,-16.183
34.484,-20.5,-21.394,-18.979,-23.671
34.488,-18.38,-15.871,-13.743,-22.327
34.492,-20.405,-13.573,-14.429,-16.064
34.496,-10.406,-13.591,-7.219,-4.492
34.5,3.566,-1.9,-0.899,2.428
34.504,4.924,8.215,8.904,7.375
34.508,15.923,10.959,11.502,12.455
34.512,17.556,20.551,16.389,17.794
34.516,20.276,24.666,19.332,20.99
34.52,27.992,27.846,19.758,19.265
34.524,22.761,27.368,19.399,11.748
34.528,19.943,15.231,11.303,7.355
34.532,15.454,14.743,9.874,6.632
34.536,9.376,11.18,2.623,5.874
34.54,5.534,6.346,3.741,-1.974
34.544,5.45,6.526,5.168,1.268
34.548,6.038,4.311,1.994,-5.475
34.552,12.178,4.877,4.59,0.323
34.556,2.611,5.255,2.531,-2.39
34.56,3.635,-1.014,5.616,-7.478
34.564,-0.173,-6.389,-6.561,-5.339
34.568,1.718,-12.247,-6.541,-11.198
34.572,-0.639,-7.54,-4.372,-12.619
34.576,-9.873,-14.954,-15.402,-14.735
34.58,-13.072,-19.18,-15.257,-17.598
34.584,-15.379,-21.587,-10.8,-25.835
34.588,-13.171,-14.574,-10.963,-16.527
34.592,-8.369,-15.838,-2.173,-12.742
34.596,-3.474,-14.534,-2.699,-8.855
34.6,3.901,-1.556,4.507,-3.805
34.604,11.927,1.066,12.454,6.36
34.608,10.326,11.675,16.046,18.815
34.612,19.663,19.212,22.318,20.042
34.616,22.015,12.199,20.547,22.821
34.62,21.278,14.253,26.521,16.001
34.624,16.463,17.364,21.791,14.376
34.628,13.294,9.852,11.536,7.898
34.632,6.368,8.74,8.42,5.412
34.636,-0.334,5.174,7.882,7.774
34.64,5.692,3.785,5.291,-0.139
34.644,-1.516,-2.712,0.655,-2.022
34.648,1.614,-9.579,4.494,0.607
34.652,0.476,-1.574,6.925,-1.614
34.656,7.775,-8.518,7.48,0.233
34.66,2.082,-2.683,10.012,-2.915
34.664,-0.621,-8.111,3.404,-3.127
34.668,-0.676,-12.043,-4.87,-8.548
34.672,-0.368,-12.455,-9.062,-15.143
34.676,-9.37,-22.614,-6.8,-12.811
34.68,-14.321,-19.554,-9.326,-13.514
34.684,-11.694,-17.213,-15.778,-18.411
34.688,-16.576,-15.069,-13.364,-22.758
34.692,-7.246,-12.276,-10.325,-14.666
34.696,5.111,-5.42,-5.353,-6.85
34.7,7.216,8.434,-1.534,-5.056
34.704,14.586,14.244,11.761,5.976
34.708,20.561,16.082,21.798,9.767
34.712,23.326,26.716,20.833,15.163
34.716,26.753,27.088,20.527,20.922
34.72,26.754,25.965,18.557,18.82
34.724,19.905,23.669,17.672,12.688
34.728,8.632,14.837,14.839,11.588
34.732,12.437,18.382,8.154,6.321
34.736,12.988,12.452,-2.976,6.348
34.74,2.179,6.701,5.42,-5.013
34.744,-3.094,3.873,1.822,-2.177
34.748,2.35,0.691,-0.911,4.443
34.752,4.914,-2.672,-1.22,-3.383
34.756,0.269,-1.539,-0.663,-3.289
34.76,1.867,-8.352,2.395,-2.762
34.764,-4.208,-9.145,-8.559,0.107
34.768,-8.92,-13.574,-5.015,-6.202
34.772,-17.658,-17.12,-10.545,-14.977
34.776,-20.044,-19.265,-15.381,-16.226
34.78,-24.516,-23.29,-23.341,-20.023
34.784,-26.001,-22.742,-26.545,-18.554
34.788,-25.274,-28.491,-13.589,-18.378
34.792,-19.822,-16.694,-16.053,-13.392
34.796,-18.152,-11.281,-4.521,-8.549
34.8,-4.308,-2.689,-0.229,3.967
34.804,-1.763,2.397,4.796,7.456
34.808,6.635,14.263,11.299,12.102
34.812,12.85,16.579,17.752,21.434
34.816,11.002,16.323,19.252,21.675
34.82,7.289,17.249,15.587,16.239
34.824,9.438,20.096,13.847,4.153
34.828,2.544,14.27,9.289,13.411
34.832,5.057,11.14,2.136,6.101
34.836,-3.771,7.391,-4.465,3.827
34.84,2.134,8.522,-3.467,4.755
34.844,-3.032,5.258,-7.925,-2.813
34.848,-2.546,-0.796,-6.353,-3.484
34.852,-8.037,-1.003,-3.103,-4.079
34.856,-1.452,0.786,-4.042,6.565
34.86,-2.983,-3.045,-0.531,2.367
34.864,-8.888,-10.403,-8.691,-1.685
34.868,-8.266,-9.729,-16.8,-13.189
34.872,-14.005,-12.186,-11.088,-16.061
34.876,-17.626,-15.969,-19.433,-13.865
34.88,-19.951,-14.789,-22.717,-17.763
34.884,-22.514,-23.92,-26.694,-20.719
34.888,-18.917,-17.497,-28.608,-22.309
34.892,-15.921,-8.482,-21.277,-10.815
34.896,-8.182,-6.752,-10.714,-2.209
34.9,-3.99,-1.283,-5.359,1.316
34.904,1.556,7.356,1.927,5.316
34.908,8.562,16.698,4.26,18.554
34.912,18.811,18.649,18.989,18.758
34.916,18.521,18.914,14.832,24.793
34.92,17.885,21.825,20.816,17.894
34.924,14.648,18.799,11.595,22.159
34.928,4.801,9.877,10.743,10.444
34.932,2.339,9.454,-0.49,5.424
34.936,-2.339,1.02,-6.387,6.187
34.94,-3.318,4.922,-4.416,0.989
34.944,-7.487,2.509,-2.61,1.208
34.948,-6.571,-3.899,-1.53,-3.165
34.952,-6.397,-1.356,-1.156,-2.892
34.956,-5.059,-8.498,5.304,-1.19
34.96,-5.642,-8.905,-0.799,-0.133
34.964,-9.513,-13.246,-4.874,-6.033
34.968,-12.731,-15.167,-8.092,-4.201
34.972,-16.316,-18.607,-14.161,-12.111
34.976,-15.664,-21.92,-15.182,-10.851
34.98,-28.14,-23.89,-16.011,-22.124
34.984,-26.08,-22.876,-16.133,-18.876
34.988,-18.731,-16.692,-19.666,-16.875
34.992,-14.862,-21.296,-14.594,-13.167
34.996,-7.648,-2.398,-9.773,-7.731
35.0,2.002,-1.052,2.905,2.542
35.004,9.078,7.927,4.144,3.877
35.008,13.993,19.251,12.27,14.83
35.012,22.638,22.278,6.302,15.293
35.016,23.234,24.863,16.822,18.166
35.02,21.607,27.356,17.482,19.773
35.024,22.675,21.417,14.529,18.818
35.028,18.946,21.563,7.86,7.668
35.032,13.747,11.311,4.002,12.361
35.036,14.945,12.744,7.728,6.706
35.04,11.59,10.171,-0.365,1.339
35.044,9.661,9.668,-3.856,-3.157
35.048,14.312,6.674,-0.789,4.477
35.052,6.41,3.649,0.447,1.496
35.056,5.225,0.232,4.079,1.339
35.06,7.878,-2.398,4.936,-3.242
35.064,1.808,-5.879,-2.217,-3.117
35.068,-1.416,-13.064,-0.762,-9.287
35.072,-9.158,-8.437,-1.891,-8.143
35.076,-8.98,-14.679,-7.447,-12.253
35.08,-18.658,-19.616,-12.052,-19.429
35.084,-15.942,-18.645,-13.787,-21.659
35.088,-14.529,-17.15,-14.505,-15.878
35.092,-11.997,-18.338,-5.101,-12.026
35.096,-10.023,-7.488,-1.637,-11.083
35.1,-2.89,1.458,2.342,-0.875
35.104,7.362,2.715,11.971,14.163
35.108,17.278,6.268,16.793,13.957
35.112,20.523,11.694,22.541,18.958
35.116,21.05,16.928,27.975,21.539
35.12,17.375,13.292,22.473,17.292
35.124,17.999,14.253,17.192,18.272
35.128,7.414,9.387,18.14,12.924
35.132,1.338,7.492,14.245,10.784
35.136,4.262,2.393,4.354,-1.356
35.14,1.104,1.008,8.917,2.271
35.144,4.926,1.036,6.691,0.675
35.148,2.569,-4.798,2.64,-4.361
35.152,7.676,-1.921,8.868,-0.69
35.156,1.37,-6.367,1.984,1.137
35.16,3.781,-5.505,3.513,-1.058
35.164,-0.446,-8.23,-0.631,-3.774
35.168,1.225,-10.088,-4.077,-7.451
35.172,-7.45,-13.972,-3.315,-13.186
35.176,-8.023,-13.671,-10.612,-9.957
35.18,-16.421,-19.032,-17.492,-17.983
35.184,-15.03,-20.44,-17.442,-18.974
35.188,-12.11,-13.039,-16.505,-22.235
35.192,-3.595,-9.817,-9.851,-14.928
35.196,-7.462,-1.332,2.361,-9.171
35.2,5.745,3.444,3.556,-0.093
35.204,13.164,7.58,11.145,6.62
35.208,14.268,24.807,21.075,12.129
35.212,23.12,20.863,18.693,17.567
35.216,21.187,21.34,25.431,16.655
35.22,17.436,26.651,18.579,20.754
35.224,20.113,19.254,15.1,18.388
35.228,15.216,17.098,10.397,13.284
35.232,10.306,14.24,6.235,9.976
35.236,7.348,9.167,2.108,6.056
35.24,0.669,4.876,1.267,-2.645
35.244,6.692,7.911,-1.951,4.523
35.248,0.218,0.631,-0.069,2.498
35.252,3.542,-3.664,-4.464,-5.618
35.256,-6.359,-0.211,3.025,-2.326
35.26,-5.811,-8.133,3.204,-4.906
35.264,-4.53,-9.924,-1.968,-2.397
35.268,-11.72,-16.58,-4.312,-9.01
35.272,-19.324,-17.641,-13.898,-11.717
35.276,-26.416,-21.97,-11.628,-10.77
35.28,-22.228,-24.587,-19.282,-14.635
35.284,-23.855,-24.373,-26.248,-22.777
35.288,-23.782,-20.218,-16.676,-16.879
35.292,-21.986,-15.966,-14.299,-8.5
35.296,-17.602,-14.625,-4.714,-10.329
35.3,-6.902,-5.828,2.053,2.904
35.304,-3.075,6.757,8.484,7.08
35.308,5.131,8.461,12.026,11.158
35.312,15.642,17.304,16.65,22.795
35.316,8.232,21.076,12.437,18.618
35.32,15.221,14.029,13.328,18.52
35.324,15.069,16.169,19.521,14.908
35.328,9.286,16.971,0.685,14.95
35.332,4.114,10.714,2.078,10.359
35.336,-1.701,6.772,-2.772,1.474
35.34,-4.259,7.981,-2.398,1.556
35.344,-9.759,7.122,-5.084,1.152
35.348,-2.613,0.73,-1.568,2.817
35.352,-3.302,7.225,-4.251,-1.714
35.356,-3.981,-4.581,-1.481,4.102
35.36,-2.803,-5.637,-3.38,1.235
35.364,-4.804,-5.285,-7.585,-6.548
35.368,-10.434,-8.498,-11.717,-5.954
35.372,-7.972,-12.217,-11.184,-10.321
35.376,-14.784,-16.373,-17.701,-18.1
35.38,-17.34,-19.129,-20.013,-17.689
35.384,-21.41,-17.878,-20.565,-19.896
35.388,-18.123,-16.95,-24.511,-22.846
35.392,-18.348,-8.823,-19.633,-23.569
35.396,-7.602,-4.657,-13.446,-1.437
35.4,-3.017,1.688,-1.662,-0.372
35.404,1.685,9.182,3.198,7.908
35.408,10.62,18.702,9.907,10.901
35.412,13.607,17.959,10.391,16.457
35.416,22.622,17.269,17.482,26.408
35.42,15.551,17.447,16.362,26.222
35.424,15.539,16.976,12.178,10.407
35.428,9.594,15.112,6.578,11.962
35.432,1.565,11.809,4.793,13.013
35.436,-3.897,9.864,-1.991,4.293
35.44,-10.517,3.629,0.402,3.261
35.444,-9.233,-3.834,-2.145,-0.463
35.448,-4.861,-3.646,-7.323,1.436
35.452,-7.52,-11.042,-2.741,4.446
35.456,-5.528,-7.164,-0.597,1.52
35.46,-13.7,-10.301,-4.064,-4.855
35.464,-8.434,-18.431,-0.705,-5.592
35.468,-9.813,-8.77,-13.32,-5.088
35.472,-22.321,-19.94,-9.333,-11.993
35.476,-19.489,-28.233,-13.99,-17.609
35.48,-18.919,-24.441,-25.218,-22.238
35.484,-18.131,-18.306,-20.049,-22.894
35.488,-22.263,-14.736,-20.08,-20.398
35.492,-13.331,-15.088,-10.183,-12.611
35.496,-4.147,-7.871,-10.36,-9.136
35.5,1.204,3.677,2.398,0.534
35.504,12.292,7.709,10.843,8.057
35.508,15.563,16.644,13.258,16.288
35.512,21.935,22.976,22.668,15.787
35.516,21.306,20.03,19.113,24.753
35.52,22.456,28.229,23.253,13.691
35.524,21.905,19.273,23.875,14.996
35.528,14.903,16.905,14.535,10.515
35.532,12.432,15.392,9.228,5.039
35.536,12.077,14.31,2.524,-2.913
35.54,13.767,10.518,7.546,4.849
35.544,0.508,6.081,4.236,2.534
35.548,12.543,5.403,0.959,1.387
35.552,6.07,6.256,8.033,-2.069
35.556,9.515,1.21,4.619,-1.562
35.56,8.78,-3.847,5.887,-2.217
35.564,7.26,-6.727,0.613,-4.418
35.568,-3.635,-6.442,-4.479,-5.023
35.572,-6.876,-16.101,-8.75,-13.273
35.576,-10.96,-22.378,-11.639,-18.543
35.58,-15.317,-21.292,-12.251,-18.528
35.584,-11.697,-21.315,-15.904,-19.776
35.588,-14.714,-16.828,-15.929,-16.742
35.592,-15.544,-19.732,-12.211,-9.815
35.596,-6.65,-8.359,0.874,-8.805
35.6,-2.331,1.103,4.388,2.797
35.604,8.916,2.297,6.551,8.011
35.608,17.679,11.114,18.797,17.054
35.612,17.693,8.728,21.711,21.949
35.616,19.891,19.836,24.942,17.632
35.62,19.205,19.338,21.3,24.907
35.624,17.398,14.71,23.437,16.516
35.628,14.36,7.369,14.558,8.347
35.632,10.949,9.495,9.784,3.992
35.636,11.757,3.187,5.762,8.119
35.64,3.113,-7.225,5.898,5.151
35.644,4.094,1.563,4.989,3.335
35.648,-2.668,1.567,3.124,-1.733
35.652,1.586,1.253,5.283,-1.011
35.656,2.203,-7.642,4.921,-4.773
35.66,-0.731,-11.239,7.507,-2.084
35.664,-1.297,-9.215,-1.213,-3.187
35.668,-3.242,-9.601,-2.169,-2.908
35.672,-8.351,-17.355,-6.455,-12.616
35.676,-2.781,-22.161,-6.384,-16.974
35.68,-11.652,-16.78,-10.633,-18.1
35.684,-7.781,-19.593,-14.497,-17.352
35.688,-7.38,-13.96,-17.494,-13.594
35.692,-9.303,-10.763,-10.432,-16.079
35.696,-0.758,-4.483,1.181,-8.097
35.7,5.439,3.612,2.493,0.411
35.704,13.778,10.431,10.715,6.786
35.708,17.569,16.699,17.011,12.119
35.712,23.188,19.367,17.773,17.482
35.716,26.888,26.273,19.006,16.249
35.72,25.427,28.243,17.422,17.149
35.724,21.66,20.588,15.286,12.274
35.728,15.925,23.874,12.713,11.826
35.732,13.623,14.996,7.066,6.234
35.736,5.818,10.372,4.155,2.063
35.74,7.482,7.931,6.674,1.256
35.744,-4.224,6.068,7.107,-7.375
35.748,2.288,-0.398,-0.089,-1.061
35.752,1.148,0.699,3.14,0.693
35.756,-3.343,-0.002,2.655,2.879
35.76,-4.373,-7.104,3.038,0.619
35.764,-5.195,-9.583,0.492,0.112
35.768,-8.293,-16.168,-8.141,-11.709
35.772,-21.353,-19.754,-5.442,-8.65
35.776,-19.015,-23.138,-11.588,-15.077
35.78,-25.801,-27.213,-16.953,-20.579
35.784,-22.434,-25.012,-19.376,-19.579
35.788,-30.03,-21.679,-19.127,-8.876
35.792,-13.163,-16.791,-15.836,-13.545
35.796,-16.922,-13.932,-7.966,-7.343
35.8,-2.453,-5.623,-2.178,2.577
35.804,0.663,6.537,5.592,6.927
35.808,4.93,8.984,10.674,11.603
35.812,12.653,18.301,14.11,22.465
35.816,16.872,16.36,21.421,15.585
35.82,8.53,20.085,14.791,19.098
35.824,12.691,19.645,9.714,15.779
35.828,6.801,6.577,6.741,9.29
35.832,4.651,13.76,-2.101,3.455
35.836,-0.278,11.896,0.546,3.317
35.84,-4.037,4.561,-4.544,2.307
35.844,-6.354,4.848,-6.285,3.188
35.848,-0.706,0.248,-6.124,-2.424
35.852,-0.093,3.014,-8.655,-2.244
35.856,0.1,8.155,2.05,4.533
35.86,-1.46,-7.706,-3.503,-2.612
35.864,-2.157,-5.424,-0.899,-4.701
35.868,-4.309,-5.104,-10.791,-3.752
35.872,-18.441,-7.566,-13.249,-16.728
35.876,-24.001,-18.917,-16.969,-19.577
35.88,-14.875,-18.866,-21.13,-14.792
35.884,-25.123,-18.958,-25.281,-21.708
35.888,-22.915,-17.139,-27.868,-19.854
35.892,-16.524,-11.218,-11.647,-15.33
35.896,-14.563,-9.035,-14.215,-8.545
35.9,-3.549,1.588,3.256,-1.378
35.904,1.907,6.59,1.515,8.012
35.908,9.988,15.152,13.893,17.739
35.912,15.323,17.294,15.71,15.842
35.916,14.623,20.582,17.302,18.13
35.92,13.063,17.27,12.305,19.064
35.924,11.574,20.533,9.674,20.688
35.928,9.333,12.691,5.312,10.903
35.932,6.26,9.212,2.488,4.711
35.936,-3.222,4.481,-2.098,-2.359
35.94,0.178,1.433,-5.077,-1.075
35.944,-3.99,-1.178,-6.736,-2.557
35.948,-10.546,-0.621,-5.687,-3.684
35.952,-10.397,-5.409,-0.739,0.321
35.956,-8.388,-8.389,-3.677,-0.834
35.96,-3.275,-8.36,-5.272,3.07
35.964,-11.298,-13.33,-3.52,-3.053
35.968,-18.78,-15.318,-13.937,-4.383
35.972,-17.68,-21.962,-11.764,-12.303
35.976,-26.545,-18.762,-15.825,-18.608
35.98,-26.115,-25.961,-17.567,-17.111
35.984,-24.932,-19.66,-19.336,-23.29
35.988,-20.303,-20.641,-22.609,-14.78
35.992,-12.598,-12.695,-14.994,-16.224
35.996,-6.354,-10.462,-5.89,-5.363
36.0,-3.538,-5.901,1.254,1.129
36.004,7.321,3.214,5.502,4.671
36.008,15.9,22.772,15.683,17.613
36.012,19.965,18.664,21.52,24.014
36.016,22.363,26.546,17.431,17.655
36.02,17.782,19.726,13.375,17.005
36.024,17.145,22.448,21.384,16.179
36.028,15.784,19.851,12.691,14.392
36.032,3.823,23.602,6.02,11.082
36.036,11.716,10.538,2.469,2.625
36.04,3.491,6.352,2.415,1.622
36.044,8.716,7.282,4.695,-1.01
36.048,8.41,1.777,-2.189,-1.348
36.052,5.218,4.265,2.333,-1.485
36.056,9.622,1.025,9.252,-4.136
36.06,7.526,-3.673,6.331,1.381
36.064,1.639,-3.435,4.062,-3.394
36.068,-2.717,-8.845,-0.44,-2.831
36.072,-2.909,-11.387,-5.158,-9.316
36.076,-10.104,-12.717,-11.899,-17.174
36.08,-11.111,-21.884,-15.465,-22.392
36.084,-22.82,-22.324,-12.592,-14.301
36.088,-14.188,-23.446,-15.174,-23.348
36.092,-15.421,-13.796,-8.506,-15.007
36.096,-4.828,-11.332,-2.47,-8.563
36.1,4.546,-1.315,11.331,-1.941
36.104,14.818,8.245,11.942,5.03
36.108,12.847,8.816,22.325,10.317
36.112,18.08,13.757,25.079,16.076
36.116,20.813,20.26,23.977,19.75
36.12,17.106,19.074,19.27,19.885
36.124,19.911,16.574,19.417,14.398
36.128,12.601,10.177,17.716,10.199
36.132,8.893,3.186,6.741,4.281
36.136,6.851,1.786,9.217,4.202
36.14,2.527,-1.912,8.506,1.353
36.144,-0.566,0.973,4.092,1.184
36.148,1.906,-1.07,7.037,-1.733
36.152,0.155,-4.561,5.632,-2.623
36.156,3.338,-5.094,7.394,-0.104
36.16,5.312,-4.061,9.439,0.353
36.164,-3.214,-8.942,-2.008,-6.361
36.168,-7.517,-12.898,-3.443,-9.291
36.172,-6.69,-8.591,-2.116,-15.463
36.176,-12.89,-19.037,-6.263,-19.488
36.18,-13.093,-16.948,-18.383,-20.608
36.184,-12.823,-17.379,-10.986,-22.427
36.188,-18.289,-20.398,-22.227,-15.851
36.192,-5.316,-12.847,-8.727,-13.891
36.196,-4.38,-1.527,-3.802,-3.789
36.2,6.676,3.41,0.74,3.826
36.204,12.285,7.112,8.314,7.63
36.208,18.843,19.258,14.548,7.969
36.212,29.594,20.924,19.709,19.448
36.216,26.767,26.131,27.391,23.336
36.22,27.142,32.563,22.322,20.866
36.224,21.353,23.236,20.484,17.019
36.228,17.964,20.112,10.42,11.045
36.232,12.293,13.104,7.247,3.874
36.236,7.352,6.238,-0.582,5.576
36.24,6.629,9.038,-0.643,0.623
36.244,1.789,1.325,-2.335,0.982
36.248,7.173,0.278,1.095,-1.871
36.252,2.564,4.415,-1.75,6.108
36.256,-4.738,-4.155,-1.833,0.672
36.26,-3.837,-2.32,0.997,-2.348
36.264,-5.398,-8.435,-2.793,-7.108
36.268,-10.907,-15.526,-8.658,-11.604
36.272,-14.044,-17.251,-13.926,-9.927
36.276,-18.509,-24.238,-18.284,-17.72
36.28,-28.507,-21.786,-17.409,-20.318
36.284,-21.966,-21.082,-20.18,-21.532
36.288,-26.003,-22.524,-22.587,-21.529
36.292,-22.286,-14.048,-18.598,-14.852
36.296,-16.06,-11.026,-13.771,-7.415
36.3,-4.317,-1.061,-4.119,-3.02
36.304,0.069,12.838,4.827,8.58
36.308,5.395,18.235,7.967,10.31
36.312,10.586,15.28,21.073,16.929
36.316,8.4,19.438,17.545,20.997
36.32,10.662,15.792,14.063,18.927
36.324,6.868,19.784,10.824,11.049
36.328,6.03,15.694,1.694,3.431
36.332,4.912,8.833,-2.45,9.109
36.336,1.351,11.545,1.315,5.77
36.34,1.449,4.691,-0.053,2.52
36.344,0.088,2.248,-12.326,-0.636
36.348,-4.31,3.964,-3.8,-0.854
36.352,-2.038,0.529,-0.151,-0.21
36.356,-1.984,0.677,-4.829,1.71
36.36,-9.196,4.123,0.081,-1.609
36.364,-8.643,-5.766,-4.408,-2.577
36.368,-9.029,-5.468,-9.063,-3.466
36.372,-13.33,-13.101,-15.752,-14.69
36.376,-15.439,-17.689,-19.3,-16.529
36.38,-18.638,-17.196,-24.344,-21.543
36.384,-26.412,-9.164,-23.44,-21.084
36.388,-18.101,-12.835,-22.199,-18.556
36.392,-15.125,-9.483,-20.123,-16.62
36.396,-7.731,-6.323,-18.265,-12.457
36.4,0.796,1.197,-5.34,-3.92
36.404,4.322,4.948,-0.129,8.915
36.408,14.425,20.744,5.995,11.976
36.412,11.815,20.216,11.485,17.596
36.416,12.816,21.635,17.491,20.052
36.42,15.531,20.991,10.457,21.69
36.424,9.693,23.945,7.832,15.122
36.428,6.985,14.566,8.21,12.529
36.432,7.43,8.592,-0.634,4.012
36.436,-1.386,10.316,-5.225,3.217
36.44,-4.66,1.022,-1.43,-1.725
36.444,-9.228,-6.26,-4.678,-0.378
36.448,-11.949,-7.617,-3.34,0.273
36.452,-6.831,-5.126,-3.011,-0.593
36.456,-3.455,-5.355,-0.302,-1.315
36.46,-8.578,-6.02,0.082,-0.401
36.464,-8.59,-14.247,-4.312,-4.909
36.468,-8.823,-15.769,-11.886,-8.651
36.472,-12.789,-21.235,-10.852,-14.948
36.476,-19.317,-18.571,-17.082,-14.456
36.48,-22.439,-19.772,-16.683,-19.095
36.484,-27.727,-17.383,-23.046,-21.342
36.488,-22.643,-19.403,-19.718,-21.368
36.492,-16.513,-9.668,-18.881,-6.97
36.496,-10.993,-10.239,-5.499,-16.634
36.5,0.745,0.648,3.676,-2.275
36.504,14.171,4.978,6.384,6.137
36.508,20.224,16.983,13.853,16.743
36.512,21.484,21.312,16.346,17.309
36.516,25.509,15.896,18.22,20.449
36.52,20.764,26.948,21.336,17.645
36.524,24.996,24.478,14.549,21.504
36.528,12.307,17.139,13.17,12.975
36.532,15.841,15.937,7.346,5.457
36.536,11.281,7.01,6.195,5.811
36.54,5.342,6.175,0.797,0.466
36.544,6.03,11.237,4.827,5.525
36.548,3.211,1.088,7.966,3.945
36.552,3.575,3.065,-1.565,0.993
36.556,1.847,-3.004,4.013,-0.756
36.56,7.599,-0.397,3.579,-3.113
36.564,6.182,-3.23,-0.303,-1.053
36.568,-7.937,-6.998,-0.441,-3.053
36.572,-0.685,-12.264,-2.728,-12.664
36.576,-10.836,-13.394,-16.417,-14.625
36.58,-13.376,-22.042,-19.939,-17.452
36.584,-20.07,-24.264,-10.038,-17.233
36.588,-10.521,-21.171,-14.274,-20.588
36.592,-10.088,-19.398,-9.089,-12.649
36.596,-1.335,-9.162,-6.131,-0.853
36.6,6.067,-2.77,4.888,0.288
36.604,13.605,6.182,16.53,8.945
36.608,13.716,6.02,20.309,15.117
36.612,19.033,15.141,23.536,19.913
36.616,19.265,20.86,19.019,16.431
36.62,22.714,18.668,25.23,25.111
36.624,17.974,9.083,19.605,16.273
36.628,16.019,11.316,13.194,13.423
36.632,11.866,5.296,12.343,7.673
36.636,-0.191,3.96,4.167,6.529
36.64,6.795,-0.026,6.16,-0.297
36.644,4.739,4.446,7.454,-3.876
36.648,0.987,-1.667,4.759,-0.462
36.652,3.773,-1.815,3.939,1.547
36.656,2.643,-3.943,3.963,-1.085
36.66,4.169,-4.065,6.106,-3.223
36.664,-0.804,-8.635,1.358,-2.654
36.668,-1.483,-8.834,5.952,-10.191
36.672,-6.636,-15.702,-10.114,-8.851
36.676,-11.883,-13.259,-10.958,-16.91
36.68,-12.618,-17.464,-13.341,-17.476
36.684,-5.665,-19.015,-15.213,-23.387
36.688,-13.915,-13.302,-16.193,-14.192
36.692,-8.135,-9.331,-6.907,-12.574
36.696,-2.875,-1.502,-2.458,-5.743
36.7,5.054,4.061,5.158,-3.872
36.704,16.71,10.783,8.325,5.336
36.708,22.646,18.481,15.244,14.578
36.712,24.495,21.17,21.787,15.004
36.716,28.888,27.761,18.131,18.023
36.72,26.808,28.908,21.849,21.233
36.724,20.413,23.826,15.878,14.155
36.728,11.503,22.53,14.58,12.911
36.732,13.53,17.247,5.273,4.927
36.736,7.098,8.792,8.075,5.502
36.74,3.374,8.473,1.424,-2.154
36.744,-0.079,-0.707,0.884,1.827
36.748,2.551,1.524,-2.449,6.381
36.752,0.728,-4.513,1.131,-1.495
36.756,-2.03,-3.471,-0.97,-2.029
36.76,-6.984,-10.285,-4.814,2.209
36.764,-3.385,-6.314,-3.22,-3.505
36.768,-9.226,-15.051,-3.068,-10.917
36.772,-15.338,-15.556,-11.579,-10.771
36.776,-28.87,-22.316,-17.063,-15.323
36.78,-24.542,-30.033,-20.775,-20.866
36.784,-26.533,-26.275,-14.708,-21.917
36.788,-26.368,-24.263,-18.497,-15.646
36.792,-18.236,-18.119,-21.222,-16.945
36.796,-12.119,-6.982,-11.958,-11.696
36.8,-5.433,1.217,-4.141,-2.325
36.804,3.984,3.291,2.295,10.181
36.808,4.319,7.029,10.797,13.196
36.812,10.497,13.596,12.789,16.559
36.816,14.009,19.996,14.135,19.698
36.82,11.323,18.629,14.62,20.431
36.824,12.768,12.662,5.946,20.577
36.828,5.271,13.016,-0.585,12.842
36.832,6.815,15.089,4.875,13.288
36.836,-3.104,8.861,-0.142,5.894
36.84,4.075,5.63,-3.852,0.315
36.844,3.073,2.644,-4.766,2.719
36.848,-3.008,1.385,-5.779,1.801
36.852,1.344,3.556,4.752,3.596
36.856,-3.088,1.198,-3.225,2.165
36.86,0.297,1.197,3.347,-0.867
36.864,-5.519,-2.282,-0.522,-5.142
36.868,-12.384,-7.435,-9.03,-7.004
36.872,-23.41,-10.198,-15.648,-16.235
36.876,-17.782,-16.547,-19.528,-16.462
36.88,-19.192,-17.096,-24.204,-22.507
36.884,-17.109,-13.194,-22.946,-18.529
36.888,-19.547,-15.148,-20.936,-15.75
36.892,-12.652,-11.521,-22.493,-13.034
36.896,-10.963,-4.118,-4.58,-8.072
36.9,-3.416,-1.146,-7.098,-0.856
36.904,7.913,10.061,-5.134,11.187
36.908,3.294,20.447,9.112,16.94
36.912,14.522,16.983,10.109,15.068
36.916,14.453,21.89,14.85,20.669
36.92,18.327,20.309,14.003,19.944
36.924,9.215,17.528,11.83,15.357
36.928,7.75,13.466,9.108,7.692
36.932,4.216,11.313,-1.359,1.245
36.936,-7.044,1.624,-2.934,4.216
36.94,-5.715,3.477,-1.821,-3.871
36.944,-7.915,-0.978,-6.262,-1.525
36.948,-4.011,-8.324,-9.168,1.944
36.952,-4.588,-3.411,-0.482,1.357
36.956,-7.356,-5.888,-3.267,-1.835
36.96,-10.751,-11.101,-3.87,1.478
36.964,-6.68,-11.01,-3.583,-2.121
36.968,-13.305,-19.042,-7.379,-8.872
36.972,-21.848,-20.86,-8.753,-7.226
36.976,-25.201,-21.801,-19.809,-14.511
36.98,-21.637,-28.676,-12.469,-21.307
36.984,-26.999,-26.712,-24.602,-26.062
36.988,-15.173,-23.463,-19.938,-17.581
36.992,-18.482,-15.026,-17.041,-15.496
36.996,-8.438,-6.837,-7.681,-7.521
37.0,0.477,-2.678,0.056,-0.71
37.004,6.248,5.314,8.347,0.99
37.008,8.951,15.678,15.22,13.104
37.012,21.325,20.791,22.694,14.945
37.016,20.911,21.157,20.829,18.379
37.02,23.299,29.105,23.42,17.231
37.024,20.236,22.465,10.81,16.165
37.028,17.783,18.295,5.192,12.689
37.032,17.788,13.935,7.773,8.792
37.036,8.156,14.518,4.924,-3.494
37.04,6.203,10.121,0.373,5.472
37.044,1.659,1.017,1.541,-4.85
37.048,6.028,2.463,5.566,-0.15
37.052,8.079,1.696,5.547,-2.376
37.056,5.169,1.149,3.3,0.841
37.06,6.546,0.47,4.451,-6.697
37.064,2.034,-8.129,4.12,0.948
37.068,-5.358,-9.408,-5.352,-8.486
37.072,-5.264,-8.57,-8.505,-10.288
37.076,-11.417,-17.588,-7.725,-18.375
37.08,-13.877,-22.462,-18.979,-13.985
37.084,-17.354,-25.092,-18.281,-24.02
37.088,-16.45,-20.87,-17.195,-26.145
37.092,-10.216,-18.595,-6.604,-9.892
37.096,-5.443,-10.582,-6.18,-11.113
37.1,7.577,-0.725,7.131,-0.21
37.104,11.997,4.86,11.364,12.26
37.108,17.296,9.429,24.156,12.765
37.112,19.124,9.808,23.342,19.033
37.116,15.022,19.713,27.53,22.348
37.12,17.606,15.894,24.383,19.058
37.124,15.034,15.093,18.223,19.876
37.128,11.986,8.616,14.98,13.905
37.132,8.427,6.267,10.44,4.726
37.136,6.959,2.182,5.325,5.895
37.14,3.562,-2.886,7.141,1.105
37.144,5.364,-3.496,11.336,-0.043
37.148,1.159,-1.968,4.644,0.888
37.152,3.495,-1.869,7.361,2.871
37.156,4.046,-5.862,7.266,-2.934
37.16,3.058,-9.096,-2.872,2.708
37.164,4.156,-9.053,4.128,0.032
37.168,-0.508,-8.816,0.178,-9.305
37.172,-10.796,-17.344,-9.614,-6.513
37.176,-10.93,-17.349,-15.934,-16.493
37.18,-13.23,-20.935,-12.878,-17.266
37.184,-7.33,-15.172,-10.737,-21.289
37.188,-12.847,-17.348,-15.619,-15.794
37.192,-10.333,-8.824,-11.599,-15.316
37.196,0.444,-0.939,2.467,-7.105
37.2,8.234,8.429,5.627,-7.856
37.204,14.042,7.446,6.686,6.169
37.208,19.838,13.881,14.313,12.285
37.212,27.359,26.167,26.86,12.578
37.216,23.249,27.827,19.444,22.209
37.22,23.405,22.649,18.253,17.811
37.224,19.334,12.378,18.193,10.519
37.228,19.386,18.518,10.596,13.594
37.232,11.897,9.314,7.886,10.677
37.236,3.394,7.114,3.497,3.296
37.24,0.414,6.509,-0.243,-3.321
37.244,6.939,4.089,2.95,-5.606
37.248,3.567,5.71,-4.197,-3.783
37.252,2.207,-2.084,0.723,-2.38
37.256,-1.282,-6.071,-1.063,5.084
37.26,1.218,-3.214,4.733,-1.821
37.264,-9.899,-8.466,-3.156,-7.517
37.268,-8.782,-14.956,-0.788,-9.253
37.272,-17.434,-18.18,-12.651,-8.577
37.276,-21.647,-23.223,-15.854,-14.308
37.28,-22.251,-22.424,-16.588,-18.828
37.284,-26.24,-19.759,-24.299,-20.409
37.288,-25.816,-24.848,-15.795,-18.241
37.292,-21.984,-16.812,-16.374,-13.513
37.296,-20.222,-16.096,-9.094,-8.167
37.3,-4.454,-7.022,-1.301,0.306
37.304,-2.149,5.672,4.23,6.682
37.308,12.961,10.599,8.174,11.414
37.312,10.995,12.5,14.793,17.462
37.316,17.713,18.583,9.639,20.894
37.32,7.761,21.591,10.227,16.785
37.324,12.781,13.047,10.148,17.236
37.328,9.803,19.766,10.51,14.278
37.332,6.83,12.874,5.698,8.432
37.336,-4.895,9.763,0.285,2.014
37.34,-4.429,5.484,-9.576,1.496
37.344,-1.285,9.052,-4.777,0.506
37.348,-2.278,5.652,-7.793,0.488
37.352,-1.215,0.821,-4.498,4.58
37.356,-2.968,3.044,-0.94,-3.52
37.36,1.91,-3.315,-2.504,-0.588
37.364,2.835,-4.762,-2.861,-4.9
37.368,-8.216,-3.094,-14.643,-11.145
37.372,-11.451,-10.188,-18.086,-15.563
37.376,-16.807,-12.785,-15.057,-13.341
37.38,-16.177,-13.443,-18.437,-23.181
37.384,-18.612,-15.572,-24.378,-19.007
37.388,-22.856,-17.614,-23.028,-17.858
37.392,-17.499,-5.885,-15.302,-16.555
37.396,-12.629,-3.201,-10.827,-5.076
37.4,5.68,4.112,-2.936,-3.545
37.404,6.657,9.566,0.151,5.937
37.408,8.901,18.691,12.806,10.707
37.412,12.457,25.154,12.956,20.547
37.416,18.069,19.963,10.833,23.454
37.42,16.96,23.576,11.446,19.714
37.424,13.194,17.778,8.703,23.591
37.428,4.924,7.673,10.524,13.127
37.432,2.369,4.958,-0.427,9.305
37.436,-2.233,6.191,-0.69,6.719
37.44,-8.105,4.442,-10.188,-0.809
37.444,-9.399,0.642,-1.479,1.27
37.448,-5.614,-0.729,-5.911,-3.01
37.452,-6.024,3.218,-1.167,-3.845
37.456,-4.996,-4.645,-0.4,3.231
37.46,-5.236,-9.28,-0.076,-3.758
37.464,-5.296,-11.872,-2.946,-3.149
37.468,-15.43,-10.188,-1.648,-2.514
37.472,-15.103,-22.613,-11.118,-17.222
37.476,-18.356,-18.198,-9.316,-14.02
37.48,-23.886,-23.571,-17.342,-19.034
37.484,-22.806,-25.753,-19.535,-20.115
37.488,-21.612,-24.808,-16.101,-18.074
37.492,-9.345,-10.822,-13.845,-13.928
37.496,-8.122,-10.733,-6.5,-6.014
37.5,1.355,0.187,1.042,-3.154
37.504,7.645,5.236,8.591,9.091
37.508,14.232,21.161,20.791,10.598
37.512,16.846,20.752,25.592,24.564
37.516,26.471,19.219,21.341,19.589
37.52,25.255,22.333,23.034,19.506
37.524,19.7,26.091,19.664,21.285
37.528,14.292,15.875,15.023,9.465
37.532,13.642,14.009,9.027,7.375
37.536,8.301,15.053,5.934,-0.531
37.54,6.943,9.512,3.688,-1.702
37.544,2.865,2.571,-0.584,-4.226
37.548,7.265,5.221,2.144,2.285
37.552,7.56,2.578,-0.054,1.818
37.556,9.904,1.342,6.019,-1.357
37.56,4.844,1.428,5.15,-2.728
37.564,1.566,-4.197,3.942,-0.787
37.568,-6.122,-9.448,-3.988,-7.423
37.572,-2.897,-14.093,-3.196,-14.391
37.576,-8.121,-14.444,-9.081,-12.754
37.58,-14.159,-22.541,-7.091,-19.392
37.584,-19.641,-27.593,-12.592,-17.872
37.588,-18.127,-20.085,-15.348,-18.037
37.592,-12.33,-14.224,-13.408,-7.748
37.596,-1.855,-10.647,-2.271,-8.205
37.6,3.275,-3.927,1.668,-6.025
37.604,5.121,3.656,10.22,6.901
37.608,16.874,10.795,15.922,14.78
37.612,17.139,11.285,21.214,19.632
37.616,19.533,19.201,28.698,22.33
37.62,22.944,8.965,20.1,17.226
37.624,19.272,16.389,18.302,20.665
37.628,16.091,12.291,10.726,14.684
37.632,8.458,8.985,5.296,7.801
37.636,7.64,-1.864,5.872,1.617
37.64,0.984,1.995,5.1,6.992
37.644,1.114,-2.399,0.353,2.233
37.648,1.116,2.883,-0.262,-1.586
37.652,2.795,-1.68,-0.403,4.316
37.656,-0.845,-7.341,6.116,0.615
37.66,1.646,-10.56,7.763,3.319
37.664,4.666,-9.828,-1.631,-6.229
37.668,-6.197,-8.72,-3.09,-8.01
37.672,-10.825,-11.069,-2.622,-7.643
37.676,-14.333,-16.844,-11.209,-17.98
37.68,-5.203,-18.714,-14.46,-19.729
37.684,-12.39,-19.553,-14.532,-28.117
37.688,-12.669,-15.892,-15.84,-17.016
37.692,-7.181,-7.163,-12.937,-10.518
37.696,-0.188,-5.024,-3.536,-10.348
37.7,4.822,5.781,-1.205,1.343
37.704,12.711,9.921,5.492,5.961
37.708,20.026,21.115,14.376,9.453
37.712,22.338,24.407,22.458,17.276
37.716,24.619,27.739,24.92,18.18
37.72,25.487,30.147,18.428,19.35
37.724,17.909,14.343,18.672,15.056
37.728,23.934,20.537,15.531,15.801
37.732,13.3,15.274,6.669,5.735
37.736,2.779,10.94,4.542,3.311
37.74,-4.126,6.688,5.792,1.927
37.744,-0.743,3.862,-2.792,-0.107
37.748,2.371,1.975,-1.096,-1.716
37.752,1.154,1.752,5.172,0.264
37.756,-1.652,-0.663,-2.143,1.529
37.76,-5.112,-6.041,0.274,1.488
37.764,-9.301,-10.16,-4.518,-10.053
37.768,-12.248,-13.806,-2.465,-5.888
37.772,-19.141,-19.514,-14.941,-13.813
37.776,-22.097,-16.748,-16.382,-12.499
37.78,-20.435,-28.312,-22.993,-16.171
37.784,-28.123,-22.574,-25.832,-17.127
37.788,-22.68,-20.44,-26.016,-20.003
37.792,-18.208,-19.666,-16.946,-18.16
37.796,-17.502,-10.618,-8.878,-3.771
37.8,-9.273,-0.015,-2.884,3.507
37.804,4.077,2.994,5.162,1.573
37.808,4.608,14.746,9.3,18.106
37.812,11.685,19.183,17.464,19.317
37.816,19.904,16.427,17.857,20.299
37.82,16.128,15.63,14.536,16.501
37.824,10.842,17.884,11.185,19.016
37.828,9.36,10.805,4.471,10.409
37.832,2.752,2.441,6.983,6.014
37.836,2.744,6.516,-0.229,-2.709
37.84,-8.46,12.011,-5.267,-1.024
37.844,-3.432,2.469,-6.198,-2.93
37.848,-8.983,3.904,-6.381,-6.34
37.852,-1.611,4.024,-5.192,4.786
37.856,-2.595,0.648,-3.065,-0.42
37.86,1.34,-2.117,-9.597,-5.485
37.864,-2.855,-0.235,-7.457,-6.591
37.868,-10.106,-7.374,-10.809,-9.151
37.872,-14.03,-11.625,-15.043,-13.578
37.876,-15.833,-12.377,-19.052,-13.571
37.88,-21.747,-20.04,-22.906,-19.776
37.884,-21.197,-21.006,-23.114,-19.608
37.888,-15.707,-20.055,-23.362,-19.047
37.892,-18.148,-9.165,-15.856,-10.492
37.896,-10.944,-5.24,-10.45,-3.451
37.9,-3.326,4.83,1.983,-0.401
37.904,14.225,9.551,5.03,4.746
37.908,12.513,11.246,7.122,13.652
37.912,17.88,18.342,13.084,8.922
37.916,17.958,23.78,13.488,20.844
37.92,16.751,19.593,13.814,14.891
37.924,12.22,21.235,13.788,15.31
37.928,7.296,12.307,5.118,13.204
37.932,-2.901,11.328,-0.042,5.697
37.936,-1.493,-0.429,-0.295,2.384
37.94,-5.621,0.732,-6.303,1.982
37.944,-4.984,-2.346,-6.913,-1.629
37.948,-7.062,-7.23,-2.39,2.664
37.952,-4.324,-1.215,-7.715,2.428
37.956,-3.836,-8.15,-3.02,1.657
37.96,-16.346,-10.715,0.593,-3.099
37.964,-11.096,-7.588,-9.444,-1.979
37.968,-18.675,-14.609,-12.674,-9.637
37.972,-16.276,-16.467,-16.047,-12.051
37.976,-21.506,-27.02,-24.255,-23.88
37.98,-18.882,-26.015,-13.565,-15.497
37.984,-22.549,-16.999,-19.998,-14.723
37.988,-22.209,-17.896,-20.787,-17.578
37.992,-12.855,-18.483,-18.306,-18.726
37.996,-9.391,-7.485,-1.244,-8.237
38.0,-1.494,-2.987,1.965,0.213
38.004,9.617,12.342,7.463,7.632
38.008,20.51,8.454,18.094,21.604
38.012,23.313,21.284,19.941,17.519
38.016,24.872,24.039,18.854,18.172
38.02,31.203,20.281,17.436,19.457
38.024,18.406,21.092,14.29,15.545
38.028,14.729,19.933,8.697,9.541
38.032,13.539,9.759,10.726,2.123
38.036,14.339,7.653,2.389,5.896
38.04,4.784,8.02,6.034,-1.384
38.044,11.92,3.73,-0.915,-2.974
38.048,2.296,3.162,0.543,-2.543
38.052,6.486,2.976,2.179,-4.276
38.056,7.14,-1.546,1.592,1.923
38.06,2.649,-1.491,2.098,0.359
38.064,0.702,-4.025,3.495,-3.13
38.068,0.938,-6.833,1.943,-5.279
38.072,-1.876,-17.405,-5.193,-10.494
38.076,-17.143,-19.56,-14.067,-14.21
38.08,-13.704,-18.614,-15.589,-13.495
38.084,-15.993,-25.536,-16.746,-16.958
38.088,-14.161,-19.091,-8.453,-17.725
38.092,-11.639,-15.275,-6.401,-16.782
38.096,-8.623,-17.158,0.718,-12.372
38.1,7.031,-3.834,2.628,-5.278
38.104,13.079,5.741,8.603,10.423
38.108,15.349,10.233,20.54,12.307
38.112,18.192,13.757,21.577,18.49
38.116,19.271,17.685,25.204,17.044
38.12,12.272,19.918,24.239,25.585
38.124,18.037,16.382,18.391,10.585
38.128,15.152,9.083,18.03,12.205
38.132,8.941,3.117,6.034,6.332
38.136,4.732,5.48,7.038,3.754
38.14,3.143,-2.417,6.513,0.246
38.144,-0.673,-2.356,8.911,-2.629
38.148,0.596,-1.321,4.701,-3.464
38.152,2.225,0.674,8.984,6.255
38.156,5.104,0.047,9.255,-0.939
38.16,6.458,-5.306,11.969,-0.182
38.164,-0.377,-9.513,3.625,-8.481
38.168,-6.054,-14.757,5.009,-13.759
38.172,-6.731,-8.65,-3.438,-13.819
38.176,-4.552,-18.258,-15.171,-13.354
38.18,-16.062,-16.92,-14.073,-18.883
38.184,-11.127,-17.967,-18.423,-21.523
38.188,-7.85,-17.315,-9.92,-16.963
38.192,-8.466,-12.424,-10.098,-15.632
38.196,-2.973,-8.134,-8.417,-3.455
38.2,8.468,7.172,5.587,4.253
38.204,15.323,11.145,14.293,5.853
38.208,22.583,22.364,15.242,11.651
38.212,30.733,21.325,18.981,18.033
38.216,26.311,23.929,22.038,21.184
38.22,20.851,21.1,14.42,18.147
38.224,21.1,21.155,18.31,19.111
38.228,16.829,14.555,16.46,12.586
38.232,14.842,15.074,4.604,10.673
38.236,5.999,9.921,8.162,0.333
38.24,2.08,10.39,3.177,-0.57
38.244,-2.794,-1.231,-0.909,1.645
38.248,1.96,4.614,1.534,0.049
38.252,9.727,-3.901,5.164,-0.453
38.256,-1.987,-2.11,1.103,-1.603
38.26,-1.952,-9.402,0.985,-0.948
38.264,-8.233,-8.989,-4.239,0.585
38.268,-14.884,-21.398,-6.916,-13.436
38.272,-14.801,-20.287,-9.284,-12.245
38.276,-20.816,-21.771,-16.722,-16.298
38.28,-31.585,-19.234,-21.363,-22.23
38.284,-20.979,-31.207,-17.98,-20.372
38.288,-23.264,-22.678,-18.874,-23.171
38.292,-20.277,-19.631,-17.892,-15.733
38.296,-15.529,-17.255,-5.07,-8.39
38.3,-5.527,-7.179,3.402,-0.016
38.304,2.225,2.571,7.502,13.21
38.308,8.589,12.211,7.02,11.532
38.312,15.062,16.092,15.732,14.279
38.316,17.67,14.62,17.439,22.88
38.32,19.205,13.452,9.404,5.579
38.324,8.076,18.641,14.145,14.116
38.328,5.117,13.941,6.496,10.812
38.332,4.003,15.989,4.515,4.585
38.336,-2.648,6.926,-3.57,3.415
38.34,-4.175,8.918,-3.506,-0.737
38.344,-1.589,5.442,-4.084,-5.179
38.348,-0.021,5.23,-4.646,1.745
38.352,1.733,3.221,-2.822,2.08
38.356,-2.464,2.135,-4.215,-3.008
38.36,-1.353,-7.992,-8.026,-2.832
38.364,-4.262,-4.632,-12.835,1.869
38.368,-8.474,-9.485,-12.267,-6.063
38.372,-15.259,-7.539,-12.645,-11.789
38.376,-19.805,-17.774,-22.692,-11.121
38.38,-18.029,-17.793,-19.819,-23.833
38.384,-23.598,-14.814,-20.155,-26.002
38.388,-24.987,-14.277,-21.539,-17.752
38.392,-15.756,-10.367,-19.318,-11.461
38.396,-5.235,-1.421,-9.35,-12.716
38.4,-10.789,3.131,-1.284,-3.899
38.404,3.886,7.763,2.25,9.964
38.408,12.714,11.47,9.612,10.524
38.412,9.013,20.869,11.114,17.484
38.416,15.013,18.779,15.869,20.533
38.42,10.827,19.656,7.589,21.833
38.424,7.778,20.91,9.617,15.054
38.428,4.993,13.004,3.53,13.267
38.432,-1.918,7.837,1.399,3.69
38.436,-6.185,4.08,-4.229,5.466
38.44,-5.474,0.653,-9.596,-1.518
38.444,0.062,-4.159,-6.251,-4.096
38.448,-4.576,1.996,-4.963,6.086
38.452,-3.582,-6.199,0.856,5.6
38.456,-4.264,-3.877,-3.495,0.399
38.46,-9.702,-11.541,-4.517,3.433
38.464,-8.862,-9.843,-7.519,-4.677
38.468,-9.809,-14.585,-3.964,-7.816
38.472,-14.508,-18.731,-12.414,-12.319
38.476,-20.02,-21.387,-15.245,-18.713
38.48,-21.39,-22.371,-23.887,-26.0
38.484,-15.783,-23.939,-25.624,-20.831
38.488,-18.234,-20.989,-21.481,-14.345
38.492,-16.616,-13.531,-9.566,-13.153
38.496,-8.659,-11.586,-11.122,-5.141
38.5,-3.162,-3.889,-1.878,1.179
38.504,15.478,8.697,7.887,5.045
38.508,20.483,9.234,12.56,14.726
38.512,21.002,15.409,20.211,17.255
38.516,29.714,28.674,17.866,16.716
38.52,24.847,28.267,15.952,21.727
38.524,19.311,20.199,24.215,12.057
38.528,19.713,21.803,8.934,9.812
38.532,14.298,18.194,9.777,14.059
38.536,12.308,12.905,1.117,5.804
38.54,3.502,8.249,-2.648,1.944
38.544,4.225,8.109,1.301,-6.475
38.548,11.079,6.945,-1.683,-0.463
38.552,11.929,4.962,2.357,-3.384
38.556,10.865,-3.463,1.902,-0.279
38.56,11.952,4.688,7.612,-1.779
38.564,4.298,2.291,-2.782,-6.269
38.568,0.07,-14.898,0.364,-3.891
38.572,-8.94,-12.135,-5.235,-8.925
38.576,-12.541,-11.538,-11.182,-19.351
38.58,-20.21,-17.373,-16.065,-14.246
38.584,-16.618,-18.051,-14.493,-23.352
38.588,-20.659,-23.725,-12.879,-13.26
38.592,-7.446,-12.986,-8.176,-14.614
38.596,-3.586,-8.68,-3.733,-8.786
38.6,-3.674,-0.012,1.32,4.467
38.604,9.031,1.642,15.059,7.092
38.608,21.564,7.655,18.81,17.274
38.612,19.28,14.752,21.119,14.349
38.616,18.105,16.079,21.324,19.989
38.62,14.673,16.479,25.769,20.392
38.624,11.709,13.331,23.729,19.562
38.628,14.418,10.748,16.744,13.927
38.632,7.226,5.496,12.343,7.543
38.636,3.938,3.777,10.227,5.12
38.64,1.453,-3.155,3.392,-0.975
38.644,1.466,0.77,10.206,1.858
38.648,-1.587,-1.142,1.117,1.323
38.652,3.672,-6.551,4.481,-2.223
38.656,-1.254,0.168,3.365,0.324
38.66,0.054,-7.969,5.149,1.105
38.664,3.343,-4.417,7.846,3.632
38.668,-1.791,-10.166,-1.862,-3.852
38.672,-4.78,-11.525,-4.604,-11.114
38.676,-4.135,-16.859,-19.293,-15.119
38.68,-13.368,-17.253,-12.876,-19.404
38.684,-13.72,-15.588,-12.678,-19.569
38.688,-12.651,-10.106,-14.142,-15.924
38.692,-8.716,-7.586,-13.803,-11.726
38.696,-3.902,-2.64,-8.06,-7.84
38.7,6.995,-0.241,1.275,-3.298
38.704,15.328,4.259,6.702,6.942
38.708,21.731,17.684,21.18,11.474
38.712,24.705,20.528,21.724,14.606
38.716,28.588,22.79,25.767,21.729
38.72,24.516,24.253,18.985,20.005
38.724,19.672,24.077,13.887,13.216
38.728,13.323,16.413,9.277,10.816
38.732,6.393,16.552,5.169,8.329
38.736,10.97,9.698,1.15,4.472
38.74,1.21,6.079,3.858,2.526
38.744,-1.458,8.767,2.063,-2.241
38.748,-0.935,1.5,0.442,0.965
38.752,-1.153,-1.128,-4.608,-0.033
38.756,3.596,-1.571,1.563,2.27
38.76,-4.292,-0.574,-1.125,2.016
38.764,1.311,-9.737,1.586,5.388
38.768,-10.849,-12.547,-3.87,-3.479
38.772,-9.933,-18.6,-10.96,-11.411
38.776,-18.218,-22.398,-22.474,-16.086
38.78,-23.345,-25.97,-20.261,-21.776
38.784,-21.076,-26.503,-23.393,-22.637
38.788,-21.145,-17.583,-19.106,-17.438
38.792,-18.595,-19.736,-19.878,-13.073
38.796,-7.31,-16.128,-9.542,0.445
38.8,-8.238,-3.428,-9.593,-2.183
38.804,-2.114,7.038,0.301,5.089
38.808,5.357,14.537,7.964,14.731
38.812,17.115,12.245,12.872,16.741
38.816,18.137,21.895,16.84,21.071
38.82,11.613,25.131,9.194,17.547
38.824,3.523,15.336,8.645,15.117
38.828,6.22,14.004,4.021,13.078
38.832,-0.12,7.46,3.211,5.707
38.836,-1.792,13.545,-3.229,2.618
38.84,-5.484,1.011,-7.86,2.794
38.844,-7.843,2.611,-8.916,0.185
38.848,2.926,5.119,-6.87,-2.029
38.852,-4.146,-0.128,-9.241,-1.336
38.856,2.351,-2.195,1.074,3.082
38.86,-3.407,-1.273,-4.49,-0.277
38.864,-8.383,3.249,-9.451,-4.784
38.868,-7.0,-8.262,-13.579,-4.811
38.872,-13.984,-11.972,-18.64,-10.481
38.876,-17.597,-18.116,-18.462,-11.908
38.88,-19.594,-15.796,-27.962,-16.311
38.884,-23.536,-14.566,-24.863,-16.404
38.888,-24.52,-16.999,-21.237,-19.273
38.892,-15.815,-9.262,-20.578,-16.648
38.896,-6.709,-6.545,-15.459,-5.269
38.9,-5.109,-3.33,-2.242,2.344
38.904,5.213,10.77,-0.471,7.27
38.908,15.205,21.582,8.524,10.851
38.912,14.214,15.822,13.9,19.173
38.916,15.911,21.627,13.198,21.069
38.92,14.411,24.309,10.195,14.895
38.924,8.753,17.369,8.819,17.096
38.928,3.22,9.387,7.111,15.241
38.932,-1.516,9.305,-0.522,3.467
38.936,-1.462,9.39,-0.479,5.287
38.94,-3.023,-0.108,-4.623,5.139
38.944,-4.205,-0.488,-6.105,4.164
38.948,-7.985,-6.197,-5.712,-5.733
38.952,-3.333,-4.849,-1.644,3.372
38.956,-5.734,-5.07,1.809,-0.986
38.96,-7.397,-8.108,-1.609,-2.497
38.964,-19.812,-12.786,-6.838,3.838
38.968,-15.555,-13.764,-4.112,-6.749
38.972,-21.557,-16.797,-14.4,-12.938
38.976,-18.722,-19.705,-10.875,-13.575
38.98,-22.665,-24.498,-19.738,-13.911
38.984,-26.387,-25.121,-22.995,-19.384
38.988,-19.839,-14.568,-17.099,-19.853
38.992,-19.941,-14.851,-15.37,-13.707
38.996,-11.568,-8.933,-6.519,-4.312
39.0,-2.131,-4.431,0.276,-0.933
39.004,10.057,5.363,3.71,10.86
39.008,19.869,13.336,14.225,13.56
39.012,18.994,21.776,20.279,12.689
39.016,27.139,22.189,20.697,24.463
39.02,23.092,23.665,23.023,19.974
39.024,21.312,17.612,16.997,19.135
39.028,16.802,23.019,11.019,12.696
39.032,12.511,12.88,8.022,7.52
39.036,11.112,12.197,2.466,5.91
39.04,9.83,6.894,3.056,0.746
39.044,4.002,5.275,2.649,5.486
39.048,6.045,2.169,-1.376,-0.201
39.052,11.857,3.925,5.854,5.566
39.056,7.151,-1.756,10.99,1.768
39.06,6.157,-0.469,5.495,-8.352
39.064,6.068,-5.275,-4.246,-6.669
39.068,-2.955,-7.28,-2.944,-4.859
39.072,-6.302,-11.482,-9.928,-14.545
39.076,-8.349,-18.628,-11.37,-20.042
39.08,-10.528,-19.281,-11.732,-15.116
39.084,-22.749,-22.434,-17.165,-24.668
39.088,-16.693,-15.461,-7.901,-15.919
39.092,-13.684,-16.436,-18.0,-15.071
39.096,-5.123,-10.003,-3.669,-5.477
39.1,-0.364,-3.758,5.893,0.8
39.104,11.593,2.55,8.765,1.365
39.108,16.178,16.97,15.557,13.036
39.112,22.324,16.639,25.226,17.52
39.116,23.959,17.421,30.114,21.131
39.12,22.066,15.523,29.14,19.924
39.124,15.968,18.109,18.536,15.238
39.128,13.124,9.714,19.072,8.387
39.132,7.145,7.856,10.209,8.852
39.136,0.897,10.53,9.46,6.313
39.14,5.604,-1.756,3.845,2.201
39.144,1.634,0.847,0.4,-0.613
39.148,-2.413,-1.058,9.102,-1.221
39.152,4.335,-1.181,10.799,-2.644
39.156,2.343,-4.665,4.417,0.7
39.16,-3.858,-7.265,7.768,-0.633
39.164,-3.811,-7.305,2.219,-1.191
39.168,-5.022,-12.523,5.396,-9.277
39.172,-6.206,-21.521,-10.347,-11.432
39.176,-8.223,-19.861,-11.103,-19.921
39.18,-10.927,-19.904,-18.501,-19.987
39.184,-11.976,-21.791,-20.433,-21.589
39.188,-11.961,-15.375,-14.858,-15.08
39.192,-2.219,-13.083,-11.955,-8.862
39.196,1.229,-4.115,-7.492,-11.113
39.2,7.409,10.308,5.451,2.723
39.204,15.963,15.187,14.225,9.626
39.208,19.302,19.849,17.99,12.334
39.212,24.34,28.099,14.692,15.997
39.216,19.564,24.605,22.451,17.61
39.22,23.268,24.313,20.842,17.836
39.224,26.18,18.922,13.654,14.897
39.228,16.549,22.11,12.424,11.331
39.232,11.361,19.737,5.035,5.878
39.236,9.585,12.319,0.172,6.117
39.24,4.381,10.236,-3.356,2.735
39.244,-1.04,-5.07,1.825,-0.474
39.248,0.388,7.985,3.509,-1.728
39.252,-3.723,-1.279,-0.053,-1.589
39.256,-0.768,3.926,3.632,1.271
39.26,-5.821,-0.771,4.387,-1.04
39.264,-3.804,-7.28,-2.239,-3.103
39.268,-12.571,-14.895,-6.788,-4.833
39.272,-18.578,-17.801,-9.977,-11.952
39.276,-21.239,-27.819,-18.694,-11.863
39.28,-23.332,-21.708,-18.212,-24.975
39.284,-29.431,-32.488,-20.979,-23.849
39.288,-26.076,-23.567,-24.242,-12.822
39.292,-20.183,-13.445,-20.337,-15.174
39.296,-10.248,-9.344,-13.285,-6.696
39.3,-14.329,-8.394,-1.401,3.759
39.304,2.716,-0.037,3.446,8.614
39.308,6.235,9.018,10.529,16.72
39.312,10.374,16.063,18.61,20.099
39.316,11.741,21.187,17.002,22.852
39.32,12.097,20.766,12.232,20.447
39.324,12.449,14.212,7.607,18.166
39.328,5.227,16.383,6.784,10.05
39.332,7.895,13.331,-1.766,8.978
39.336,1.561,9.45,1.105,3.578
39.34,-1.727,12.923,-4.221,0.947
39.344,-3.513,5.99,-5.292,-4.992
39.348,0.846,5.669,-8.076,-1.374
39.352,1.913,7.551,-2.438,-0.294
39.356,-5.371,3.322,-0.418,4.621
39.36,-4.848,-2.769,-4.886,-2.046
39.364,-3.087,-0.194,-3.925,-2.851
39.368,-5.717,-8.698,-11.63,-3.282
39.372,-13.712,-14.299,-15.205,-15.502
39.376,-19.203,-17.46,-13.318,-17.122
39.38,-19.793,-13.258,-24.116,-16.329
39.384,-16.67,-15.356,-22.71,-12.496
39.388,-19.534,-11.998,-24.125,-24.208
39.392,-19.453,-8.994,-17.979,-14.333
39.396,-9.272,-4.182,-10.335,-5.7
39.4,-0.056,3.305,-7.458,2.523
39.404,4.447,11.171,0.81,14.323
39.408,14.463,13.552,11.061,12.045
39.412,17.081,15.538,14.04,17.547
39.416,15.468,19.634,18.527,15.019
39.42,14.375,22.012,14.6,19.352
39.424,5.274,15.731,16.075,17.507
39.428,9.831,20.057,8.18,18.065
39.432,0.463,10.494,7.299,12.52
39.436,-3.766,5.277,3.225,8.248
39.44,-6.946,-0.408,-5.783,-0.878
39.444,-5.25,1.562,0.152,1.324
39.448,-10.236,-6.672,-0.715,1.058
39.452,-9.566,-3.604,0.271,1.511
39.456,-6.813,-7.536,1.983,-0.173
39.46,-9.489,-8.123,-2.902,2.184
39.464,-8.788,-10.033,-2.958,-4.767
39.468,-14.872,-18.53,-8.653,-6.42
39.472,-12.208,-23.819,-4.815,-7.43
39.476,-18.523,-24.707,-18.32,-9.512
39.48,-20.907,-20.981,-23.091,-21.454
39.484,-24.986,-22.138,-22.812,-18.252
39.488,-13.535,-21.666,-18.94,-16.889
39.492,-16.988,-9.359,-14.621,-10.321
39.496,-10.578,-4.305,-5.178,-2.684
39.5,2.12,3.13,0.093,-1.0
39.504,9.022,5.988,6.364,7.358
39.508,13.216,18.36,15.884,14.201
39.512,27.34,21.48,22.27,19.689
39.516,26.098,21.091,20.981,22.384
39.52,22.962,23.307,21.861,17.842
39.524,27.807,18.796,16.312,21.544
39.528,19.426,16.665,10.965,6.302
39.532,13.067,11.66,9.487,3.826
39.536,16.638,14.361,4.629,5.522
39.54,9.586,8.273,4.988,0.716
39.544,8.502,3.405,6.198,-1.653
39.548,5.454,6.103,2.0,2.769
39.552,6.998,3.04,5.477,2.547
39.556,5.388,4.336,7.494,3.702
39.56,9.616,-1.011,5.088,-4.315
39.564,-2.262,-9.23,3.374,-1.262
39.568,2.646,-10.66,-1.233,-5.002
39.572,-8.832,-17.139,-5.324,-14.812
39.576,-10.973,-15.986,-8.929,-15.855
39.58,-15.131,-17.126,-15.613,-16.062
39.584,-17.214,-25.721,-20.105,-15.877
39.588,-12.414,-19.783,-13.818,-18.693
39.592,-10.704,-11.901,-9.865,-17.277
39.596,-6.754,-14.075,1.935,-2.988
39.6,2.866,-3.656,5.644,0.119
39.604,7.512,4.748,14.11,1.917
39.608,14.048,14.071,17.585,13.262
39.612,15.165,16.814,21.17,21.651
39.616,19.749,19.464,21.825,16.246
39.62,21.512,18.759,19.221,19.32
39.624,17.087,13.65,21.755,14.991
39.628,18.257,16.281,15.938,11.677
39.632,16.366,5.481,14.847,6.1
39.636,3.598,-4.414,8.359,5.209
39.64,0.242,-4.286,5.206,0.54
39.644,5.276,-1.123,-2.14,2.016
39.648,3.1,-2.918,10.021,-1.212
39.652,6.131,-4.374,5.329,3.465
39.656,4.211,-3.36,-0.572,-0.007
39.66,1.738,-1.887,5.636,-4.83
39.664,-0.255,-6.622,0.221,-6.268
39.668,-1.621,-9.209,-3.687,-10.882
39.672,-7.471,-17.766,-5.069,-15.092
39.676,-6.928,-18.946,-12.331,-19.913
39.68,-17.096,-16.853,-11.079,-22.226
39.684,-10.142,-18.233,-16.02,-19.92
39.688,-17.478,-14.397,-13.311,-16.037
39.692,-6.95,-8.969,-8.904,-18.039
39.696,-1.864,-3.486,-3.703,-9.998
39.7,2.194,8.55,3.582,2.409
39.704,8.083,9.912,10.754,7.111
39.708,17.206,15.618,20.932,8.848
39.712,24.649,17.376,22.854,18.366
39.716,24.003,27.069,19.36,20.99
39.72,21.305,22.79,16.518,19.911
39.724,24.957,25.887,13.799,22.711
39.728,12.408,19.019,12.67,9.53
39.732,13.078,12.85,3.243,10.709
39.736,3.922,6.433,0.675,3.626
39.74,-0.061,8.505,-3.837,2.613
39.744,-0.492,2.981,2.117,-1.909
39.748,2.177,1.769,1.618,-2.128
39.752,-4.432,0.848,3.007,-3.643
39.756,-0.457,-2.345,-0.747,-4.45
39.76,-6.19,-8.515,-5.469,0.805
39.764,-8.931,-8.033,-5.137,-5.309
39.768,-9.838,-11.406,-10.598,0.227
39.772,-9.584,-17.195,-15.459,-13.21
39.776,-23.633,-20.192,-12.77,-13.955
39.78,-22.268,-22.324,-20.593,-18.803
39.784,-26.748,-26.011,-20.565,-25.379
39.788,-25.936,-23.972,-17.012,-22.29
39.792,-17.285,-11.395,-19.51,-18.512
39.796,-16.794,-7.529,-8.486,-3.178
39.8,-10.205,-3.949,-7.297,3.896
39.804,2.251,6.033,5.216,13.367
39.808,12.17,7.997,13.807,7.32
39.812,14.108,14.031,11.093,14.144
39.816,9.563,14.816,18.159,21.718
39.82,11.343,19.811,14.834,16.665
39.824,13.525,18.28,9.205,18.056
39.828,11.581,17.778,2.267,10.453
39.832,3.606,10.519,1.872,5.765
39.836,-2.048,11.184,-1.172,-1.748
39.84,2.617,7.447,-5.911,-0.522
39.844,-3.238,11.188,-8.623,1.158
39.848,-4.541,7.766,-2.924,-3.073
39.852,-4.42,6.4,-0.742,0.316
39.856,-5.472,3.279,-0.943,-3.186
39.86,5.758,-3.799,0.29,-3.532
39.864,-0.728,-3.043,-8.665,-5.814
39.868,-10.496,-0.751,-14.661,-6.014
39.872,-7.616,-9.83,-13.786,-9.215
39.876,-15.376,-17.235,-20.785,-10.459
39.88,-18.607,-15.944,-20.039,-16.63
39.884,-23.253,-20.186,-27.44,-18.812
39.888,-21.199,-17.749,-25.849,-12.928
39.892,-15.788,-9.63,-18.616,-13.157
39.896,-15.497,-2.53,-11.899,-5.741
39.9,-3.865,-0.043,-2.731,2.869
39.904,4.765,7.719,2.63,8.105
39.908,14.617,11.08,3.606,13.777
39.912,12.634,19.021,23.91,17.753
39.916,18.09,15.251,15.111,18.185
39.92,8.064,19.482,22.456,17.48
39.924,14.301,17.914,10.117,19.159
39.928,3.499,8.4,2.931,8.499
39.932,1.842,6.148,0.711,7.822
39.936,-1.347,4.738,1.458,3.628
39.94,-4.666,0.822,-1.999,-3.067
39.944,-6.94,-1.636,-3.367,2.56
39.948,-10.574,-2.172,-3.72,-4.118
39.952,-9.282,-9.566,-1.952,-2.126
39.956,-3.667,-4.104,-2.018,-0.302
39.96,-9.401,-9.442,1.616,3.262
39.964,-10.104,-13.28,-1.196,-2.137
39.968,-17.579,-20.687,-10.219,-6.476
39.972,-14.418,-19.609,-16.177,-7.734
39.976,-24.562,-20.376,-19.74,-16.766
39.98,-20.202,-23.194,-20.324,-12.973
39.984,-26.359,-22.745,-19.696,-18.393
39.988,-17.708,-21.475,-18.94,-17.852
39.992,-15.64,-15.445,-12.545,-19.371
39.996,-10.113,-11.483,-7.892,-4.656
40.0,4.801,-0.014,4.787,1.612
40.004,8.23,6.687,9.374,6.917
40.008,14.585,11.889,14.489,12.466
40.012,23.479,22.722,14.243,24.293
40.016,18.73,18.533,21.41,17.513
40.02,15.368,25.192,20.753,20.015
40.024,24.077,23.673,13.921,16.077
40.028,14.484,17.224,8.276,13.855
40.032,15.696,18.184,10.676,1.641
40.036,9.933,9.847,1.038,5.717
40.04,4.117,6.652,2.471,6.008
40.044,8.478,2.629,1.661,-5.661
40.048,5.383,4.526,3.68,-2.955
40.052,3.617,0.16,0.652,1.805
40.056,3.466,-1.19,3.928,-0.447
40.06,0.098,-1.607,0.955,0.831
40.064,3.775,-4.989,2.066,-1.466
40.068,-4.258,-5.402,-0.151,-6.733
40.072,-6.305,-10.875,-3.404,-6.501
40.076,-11.345,-16.022,-6.01,-13.716
40.08,-17.07,-20.819,-14.581,-22.945
40.084,-20.222,-22.301,-15.854,-17.801
40.088,-6.882,-19.489,-9.737,-18.35
40.092,-10.834,-17.028,-7.632,-12.338
40.096,0.719,-11.501,0.786,-4.08
40.1,5.899,-2.588,10.613,4.846
40.104,8.637,2.114,9.893,7.837
40.108,16.204,8.418,21.248,16.496
40.112,20.112,18.045,21.16,15.012
40.116,26.632,13.078,29.019,18.513
40.12,22.519,13.832,19.439,17.28
40.124,14.554,18.589,22.329,19.075
40.128,13.866,10.174,13.357,16.971
40.132,10.94,11.622,12.079,16.976
40.136,1.465,0.42,10.514,6.283
40.14,4.225,1.337,2.545,4.581
40.144,5.923,1.544,-0.601,-5.146
40.148,-0.478,-4.642,3.519,-5.474
40.152,0.566,2.258,4.049,-2.497
40.156,6.496,-4.982,1.826,-3.808
40.16,1.258,-3.961,-1.07,0.327
40.164,-2.635,-10.018,6.304,1.509
40.168,-0.273,-6.68,3.328,-7.372
40.172,-5.107,-13.616,-7.674,-13.756
40.176,-10.303,-11.096,-11.446,-15.057
40.18,-9.815,-15.417,-11.736,-21.126
40.184,-10.197,-16.046,-13.203,-21.533
40.188,-12.106,-18.693,-9.173,-18.837
40.192,-1.463,-10.558,-8.739,-12.817
40.196,3.88,-4.934,-7.534,-12.584
40.2,0.79,3.883,5.312,-6.089
40.204,11.173,11.95,8.235,5.006
40.208,13.733,15.373,16.255,15.548
40.212,23.538,22.201,23.66,14.457
40.216,22.176,24.534,18.717,25.406
40.22,21.985,21.469,19.633,21.524
40.224,24.172,24.49,12.504,17.981
40.228,10.84,18.943,8.42,14.355
40.232,11.43,16.306,4.915,8.688
40.236,6.96,11.059,7.524,5.22
40.24,3.06,0.825,0.293,4.934
40.244,1.712,0.642,7.255,3.046
40.248,-6.379,5.925,2.494,0.792
40.252,-2.746,1.39,3.317,5.88
40.256,3.31,-8.007,-2.604,0.187
40.26,-6.898,-4.556,-0.653,-2.573
40.264,-1.589,-12.093,-6.062,-8.149
40.268,-15.261,-20.156,-7.485,-9.576
40.272,-20.685,-13.304,-12.757,-8.182
40.276,-23.756,-21.863,-16.307,-16.075
40.28,-21.041,-23.849,-17.376,-17.53
40.284,-27.448,-28.593,-22.219,-19.661
40.288,-23.476,-26.13,-17.791,-21.861
40.292,-20.278,-22.85,-20.85,-14.845
40.296,-14.426,-7.255,-8.984,-10.087
40.3,-2.921,-8.734,-4.246,-1.305
40.304,3.185,8.835,5.219,4.921
40.308,3.957,7.85,13.192,15.427
40.312,11.031,12.144,10.186,20.69
40.316,19.015,18.391,20.081,20.009
40.32,14.147,16.901,13.578,12.999
40.324,6.063,17.68,16.154,11.915
40.328,2.526,11.895,6.081,13.727
40.332,5.59,10.214,5.11,5.142
40.336,1.797,5.709,-2.474,1.436
40.34,-5.085,8.072,-4.157,1.415
40.344,-0.772,5.349,-5.331,-2.315
40.348,2.074,3.508,-5.87,-6.474
40.352,2.279,5.084,-5.068,-2.664
40.356,2.926,1.561,-3.127,-1.257
40.36,-1.076,-0.58,-2.832,-2.873
40.364,-5.524,-4.281,-6.009,-1.596
40.368,-9.735,-9.643,-8.858,-7.142
40.372,-12.863,-13.493,-19.572,-11.736
40.376,-19.604,-14.328,-16.864,-12.502
40.38,-21.107,-13.898,-25.23,-23.648
40.384,-17.274,-15.506,-29.271,-15.21
40.388,-24.484,-13.486,-17.415,-13.298
40.392,-20.283,-14.187,-14.59,-14.328
40.396,-7.109,-3.181,-12.455,-8.763
40.4,-3.455,1.154,-1.546,4.028
40.404,-1.026,9.925,1.931,6.793
40.408,10.504,17.015,7.949,15.041
40.412,13.871,15.941,11.772,19.087
40.416,14.36,21.562,13.091,21.371
40.42,16.302,21.088,13.013,15.668
40.424,6.8,20.671,8.353,17.292
40.428,6.239,12.117,-2.456,9.143
40.432,0.819,8.986,1.113,5.612
40.436,-2.453,5.428,-4.751,6.485
40.44,-10.493,-0.139,-2.965,-0.302
40.444,-8.188,-2.79,-5.009,-1.868
40.448,-6.79,-4.757,-1.632,0.502
40.452,-4.99,-4.934,-2.301,4.149
40.456,-1.117,-0.988,-5.371,7.169
40.46,-5.191,-8.762,-5.773,2.219
40.464,-8.411,-10.029,-7.666,-0.312
40.468,-9.288,-14.998,-9.983,-7.48
40.472,-17.905,-19.728,-13.853,-4.111
40.476,-15.942,-21.984,-13.303,-15.377
40.48,-19.592,-21.311,-18.696,-19.075
40.484,-24.509,-23.418,-25.943,-18.756
40.488,-14.98,-20.94,-21.402,-17.459
40.492,-14.33,-15.968,-14.545,-17.922
40.496,-1.858,-11.141,-10.861,-9.676
40.5,0.91,3.12,0.243,1.142
40.504,6.751,6.82,5.331,5.216
40.508,13.368,19.672,14.033,15.924
40.512,19.685,21.192,17.068,18.361
40.516,21.457,27.476,20.696,22.714
40.52,26.764,23.019,23.578,18.597
40.524,20.517,19.712,18.74,17.418
40.528,12.151,21.936,8.501,6.354
40.532,13.741,13.41,14.925,2.58
40.536,10.171,15.348,7.486,1.289
40.54,6.203,10.222,-0.083,2.141
40.544,7.459,10.623,-1.027,-2.298
40.548,6.481,1.621,3.361,2.074
40.552,8.751,5.905,5.649,1.27
40.556,8.345,-1.043,9.591,-1.422
40.56,6.391,-8.601,5.382,-0.537
40.564,-1.33,-2.231,-0.148,-5.031
40.568,4.906,-9.189,-3.185,-6.463
40.572,-10.868,-10.78,-4.21,-13.321
40.576,-11.186,-17.399,-14.516,-14.784
40.58,-17.528,-20.315,-9.306,-14.886
40.584,-14.464,-16.596,-16.644,-23.611
40.588,-14.068,-19.054,-10.676,-20.335
40.592,-11.195,-16.786,-5.759,-15.94
40.596,-0.198,-9.663,6.24,-6.651
40.6,5.73,-1.878,3.839,2.513
40.604,8.619,-3.785,11.59,2.366
40.608,18.073,12.342,17.831,13.431
40.612,24.351,19.257,23.479,18.337
40.616,24.404,17.07,22.395,22.549
40.62,19.62,15.689,26.638,16.281
40.624,12.205,15.933,22.6,18.162
40.628,13.785,16.581,14.247,12.668
40.632,10.533,8.902,8.283,12.731
40.636,2.682,4.565,5.402,10.281
40.64,2.81,-0.056,3.07,3.596
40.644,1.638,-3.98,5.285,-0.736
40.648,6.258,-1.854,4.875,1.363
40.652,8.285,-2.64,7.677,1.854
40.656,6.54,-9.607,10.142,1.535
40.66,2.064,-7.668,5.854,0.053
40.664,3.754,-4.507,4.433,-2.097
40.668,-0.973,-11.929,6.222,-4.259
40.672,-7.062,-21.894,-4.156,-5.195
40.676,-4.309,-12.585,-12.037,-21.401
40.68,-15.403,-21.628,-14.364,-15.069
40.684,-11.973,-19.968,-20.671,-19.479
40.688,-9.339,-12.641,-12.874,-20.622
40.692,-8.248,-13.036,-12.252,-18.033
40.696,0.807,-9.894,-7.131,-6.668
40.7,9.58,4.457,0.344,0.108
40.704,14.997,13.897,13.759,4.348
40.708,21.916,16.668,15.675,13.889
40.712,24.828,22.303,22.615,21.363
40.716,28.202,21.283,22.59,24.558
40.72,23.741,21.514,20.453,19.35
40.724,19.965,21.124,15.031,16.346
40.728,16.166,20.221,12.873,13.658
40.732,14.591,14.16,5.278,10.904
40.736,1.347,12.657,3.102,4.25
40.74,0.579,10.927,3.511,2.259
40.744,8.147,5.802,3.273,-1.152
40.748,1.143,-3.804,-1.679,-0.583
40.752,-1.539,-1.817,1.487,-1.798
40.756,1.065,-0.511,2.431,-3.149
40.76,-5.663,-6.325,0.52,-4.823
40.764,-12.897,-14.455,-0.342,-6.286
40.768,-9.976,-15.522,-4.232,-10.201
40.772,-18.296,-25.093,-5.873,-10.893
40.776,-20.596,-22.921,-9.712,-14.629
40.78,-23.44,-26.555,-20.347,-20.23
40.784,-25.383,-25.905,-16.452,-22.421
40.788,-29.639,-19.127,-19.005,-11.797
40.792,-20.42,-22.069,-16.984,-15.304
40.796,-12.929,-13.661,-8.507,-9.364
40.8,-10.943,-7.23,-3.638,-4.719
40.804,-3.687,7.198,4.33,9.135
40.808,4.178,14.204,7.314,19.438
40.812,14.098,16.908,14.752,17.692
40.816,7.789,19.482,18.471,18.863
40.82,15.678,15.353,16.321,19.798
40.824,11.763,17.986,11.66,16.896
40.828,6.065,11.161,11.079,4.302
40.832,-1.522,11.278,7.549,9.351
40.836,-2.7,6.954,-1.159,9.325
40.84,0.025,3.706,-0.165,1.376
40.844,0.756,3.896,-4.632,-0.281
40.848,-5.818,4.797,-4.947,2.274
40.852,1.331,7.25,-1.414,2.137
40.856,0.171,2.425,-4.015,0.474
40.86,-2.763,5.718,-11.556,1.111
40.864,-7.204,-3.319,-7.486,-1.238
40.868,-10.272,-2.142,-14.932,-10.928
40.872,-7.343,-10.044,-16.182,-15.235
40.876,-16.44,-14.05,-21.211,-19.847
40.88,-16.04,-17.456,-24.62,-23.509
40.884,-20.375,-16.32,-27.484,-17.472
40.888,-21.015,-13.885,-26.554,-15.814
40.892,-13.909,-15.121,-20.761,-12.638
40.896,-3.127,-2.649,-13.537,-2.599
40.9,-4.336,-2.101,-5.65,-0.925
40.904,7.493,11.501,3.702,5.514
40.908,11.26,17.156,11.477,14.349
40.912,10.135,23.673,10.525,21.679
40.916,11.238,18.503,12.386,18.131
40.92,12.889,17.418,18.784,24.794
40.924,11.842,20.997,12.767,15.758
40.928,8.835,10.443,3.763,13.328
40.932,-3.261,5.65,-2.097,7.896
40.936,-0.608,5.544,-3.339,2.508
40.94,-5.652,1.271,-4.616,3.939
40.944,-6.61,-0.719,-2.244,-10.38
40.948,-5.084,-1.423,-10.442,-1.125
40.952,-1.375,-2.921,-5.234,2.495
40.956,-5.745,-6.463,3.828,-4.401
40.96,-11.679,-8.341,-1.926,-3.311
40.964,-10.355,-11.693,-3.756,-5.179
40.968,-10.546,-14.987,-9.085,-8.398
40.972,-14.338,-22.968,-9.379,-13.596
40.976,-18.606,-19.643,-21.473,-19.029
40.98,-24.48,-20.472,-20.53,-19.181
40.984,-27.275,-21.346,-26.603,-17.487
40.988,-18.983,-18.776,-18.835,-17.105
40.992,-19.314,-18.235,-15.774,-10.901
40.996,-6.357,-12.406,-12.738,-8.186
41.0,2.08,2.493,3.032,3.778
41.004,7.033,8.246,9.918,3.757
41.008,15.334,15.772,17.525,17.915
41.012,21.348,21.101,14.255,21.529
41.016,21.327,24.029,17.348,15.171
41.02,18.805,25.559,22.861,20.373
41.024,20.486,21.625,18.493,15.594
41.028,17.188,13.091,15.955,11.471
41.032,17.186,17.158,6.672,7.606
41.036,7.448,13.224,3.615,1.842
41.04,10.815,4.602,3.823,4.025
41.044,3.215,2.732,-2.482,0.058
41.048,2.58,7.2,2.927,-3.483
41.052,5.947,6.393,11.141,-0.003
41.056,3.797,-6.806,3.216,-1.468
41.06,1.221,-0.089,-0.953,0.639
41.064,8.399,-5.58,3.077,-7.645
41.068,-2.806,-8.948,-4.367,-1.4
41.072,0.734,-13.274,-6.411,-11.428
41.076,-13.784,-19.961,-7.232,-19.682
41.08,-19.371,-18.421,-12.116,-19.574
41.084,-11.779,-23.154,-16.476,-21.351
41.088,-16.663,-17.168,-11.039,-20.638
41.092,-10.272,-12.452,-14.361,-12.706
41.096,-8.818,-12.014,-2.334,-0.893
41.1,2.29,-4.894,3.603,5.608
41.104,5.486,5.09,5.345,8.188
41.108,15.439,15.38,15.188,11.639
41.112,18.235,13.402,22.914,19.092
41.116,21.79,16.007,26.569,22.118
41.12,21.906,17.915,23.067,19.579
41.124,17.699,16.74,18.688,18.208
41.128,14.164,12.932,17.447,13.121
41.132,8.2,7.591,11.238,8.262
41.136,3.685,3.005,9.702,0.051
41.14,4.153,2.112,6.201,0.817
41.144,1.552,-10.374,1.668,5.778
41.148,1.875,3.684,6.309,1.36
41.152,3.917,-3.322,8.094,3.615
41.156,-0.085,-3.264,9.88,5.988
41.16,6.61,0.81,3.377,-4.746
41.164,-0.437,-10.208,1.564,4.098
41.168,-2.547,-4.158,1.494,-4.489
41.172,-6.971,-12.307,-3.344,-8.303
41.176,-8.628,-16.048,-12.099,-17.983
41.18,-12.171,-17.022,-16.176,-16.796
41.184,-13.934,-21.082,-16.972,-22.307
41.188,-7.512,-20.775,-14.273,-17.804
41.192,-16.996,-14.351,-13.267,-12.97
41.196,2.857,-0.722,-3.199,-8.301
41.2,9.504,0.998,-2.241,3.452
41.204,8.756,6.544,7.834,6.025
41.208,23.287,17.837,17.004,7.944
41.212,27.688,24.395,17.564,17.521
41.216,27.495,24.939,20.178,23.664
41.22,19.751,26.319,19.47,26.336
41.224,22.948,25.554,22.544,19.92
41.228,19.126,19.989,7.468,14.99
41.232,9.324,13.404,7.263,6.272
41.236,7.912,7.964,-0.442,10.61
41.24,2.248,8.278,-2.995,3.261
41.244,3.975,3.968,-3.303,2.215
41.248,-0.623,-1.617,-0.84,1.775
41.252,-2.058,2.941,4.672,-3.365
41.256,-1.437,-2.356,4.202,1.106
41.26,-7.332,-4.007,-1.567,-5.572
41.264,-7.005,-10.773,-3.432,-1.218
41.268,-9.954,-10.474,-4.782,-6.4
41.272,-13.494,-23.031,-11.213,-13.685
41.276,-20.153,-17.063,-18.091,-12.594
41.28,-28.726,-30.317,-17.868,-20.043
41.284,-21.753,-28.953,-16.57,-20.906
41.288,-20.204,-21.916,-17.147,-16.651
41.292,-20.161,-19.667,-12.382,-14.028
41.296,-16.519,-12.491,-10.747,-6.884
41.3,-8.338,-5.397,-6.187,3.097
41.304,0.26,1.635,-1.543,5.369
41.308,8.222,11.761,4.388,11.512
41.312,10.944,15.682,13.901,17.554
41.316,11.209,21.212,17.194,19.715
41.32,16.258,19.194,16.688,20.894
41.324,11.359,16.138,11.298,21.798
41.328,3.68,16.85,3.704,11.661
41.332,3.794,5.658,3.111,7.517
41.336,0.175,0.239,-6.248,1.745
41.34,-4.475,0.725,-8.27,-1.11
41.344,0.571,2.78,-3.841,2.077
41.348,-2.319,3.939,-8.911,0.008
41.352,-2.745,-6.09,-6.592,3.851
41.356,-2.137,0.737,-6.737,3.369
41.36,-1.411,-2.18,-3.97,1.4
41.364,-5.207,-3.511,-4.945,-8.082
41.368,-8.769,-13.217,-8.573,-5.358
41.372,-9.613,-3.505,-16.759,-14.594
41.376,-21.231,-14.672,-20.079,-21.625
41.38,-23.784,-20.603,-20.797,-18.305
41.384,-18.769,-16.829,-25.92,-15.83
41.388,-12.409,-10.696,-25.696,-16.117
41.392,-13.032,-14.729,-20.745,-16.626
41.396,-4.008,-9.233,-14.247,0.805
41.4,-3.707,1.997,-4.663,2.45
41.404,2.84,9.3,2.844,5.059
41.408,12.058,17.487,8.855,7.844
41.412,17.344,23.835,11.155,17.639
41.416,11.718,23.429,12.213,14.012
41.42,13.606,16.216,15.738,15.879
41.424,10.719,14.462,11.524,10.876
41.428,4.164,11.273,4.785,9.528
41.432,-0.235,11.503,1.493,5.808
41.436,-0.037,6.739,1.793,1.078
41.44,-3.887,5.196,-4.073,8.109
41.444,-4.225,0.489,-4.308,-0.515
41.448,-5.839,-4.918,1.046,3.875
41.452,-9.233,-5.141,0.871,1.817
41.456,-5.387,-10.614,-3.494,-0.667
41.46,-10.465,-6.601,1.237,-2.643
41.464,-10.729,-13.37,-4.453,0.354
41.468,-16.211,-11.42,-10.543,-10.517
41.472,-18.826,-17.005,-7.832,-13.67
41.476,-20.332,-16.098,-18.19,-17.898
41.48,-24.322,-22.36,-20.785,-18.744
41.484,-25.821,-22.055,-21.503,-22.63
41.488,-17.339,-21.005,-12.664,-15.442
41.492,-16.03,-16.417,-17.291,-10.757
41.496,-10.02,-8.936,-9.656,-9.738
41.5,-3.247,2.997,-1.027,1.582
41.504,2.821,4.115,9.43,5.064
41.508,15.005,15.453,14.227,14.517
41.512,16.617,15.459,16.773,21.763
41.516,25.307,24.377,22.231,20.213
41.52,23.038,22.243,23.325,18.653
41.524,25.279,23.423,11.192,22.836
41.528,17.662,16.578,9.7,12.87
41.532,10.923,14.322,8.927,4.879
41.536,4.154,13.389,0.245,0.937
41.54,10.029,8.863,1.51,8.046
41.544,2.759,10.858,5.384,-2.176
41.548,5.389,3.106,4.208,-2.214
41.552,11.872,1.332,5.099,0.19
41.556,8.453,4.895,6.532,2.15
41.56,6.466,-2.513,4.832,-4.93
41.564,5.399,-6.158,0.832,-4.535
41.568,1.27,-8.021,1.231,-11.432
41.572,-1.458,-14.159,-7.517,-12.248
41.576,-12.606,-18.609,-10.979,-13.508
41.58,-15.375,-22.458,-18.758,-19.721
41.584,-18.42,-17.002,-16.443,-13.995
41.588,-14.581,-19.861,-13.319,-20.793
41.592,-11.085,-17.045,-9.278,-13.328
41.596,-10.016,-10.289,-0.154,-3.662
41.6,0.442,-1.286,3.442,3.027
41.604,13.918,9.133,11.231,15.512
41.608,16.394,10.362,17.197,14.952
41.612,21.803,12.592,23.682,15.568
41.616,20.738,22.973,28.968,20.155
41.62,14.368,17.358,16.071,16.454
41.624,16.59,14.452,18.113,16.335
41.628,15.936,11.566,13.965,15.49
41.632,4.97,3.758,4.02,9.498
41.636,7.232,3.785,6.338,3.386
41.64,-2.363,3.395,3.417,-0.852
41.644,1.947,2.888,2.487,1.021
41.648,3.728,-2.998,0.986,1.48
41.652,1.787,-2.201,4.949,-3.652
41.656,10.432,-0.097,2.18,-3.103
41.66,0.841,-5.376,2.432,-2.077
41.664,-1.425,-5.826,2.055,-7.694
41.668,-2.306,-9.882,1.918,-12.841
41.672,-9.102,-16.519,-4.637,-14.881
41.676,-14.911,-20.136,-8.727,-14.825
41.68,-16.482,-15.776,-8.274,-18.662
41.684,-11.51,-26.581,-14.352,-21.238
41.688,-12.773,-17.834,-17.651,-21.061
41.692,-2.279,-14.996,-12.292,-12.875
41.696,-2.194,-0.802,-7.03,-6.635
41.7,8.875,7.899,2.532,3.729
41.704,15.796,9.333,9.095,0.05
41.708,19.13,26.37,13.624,8.743
41.712,21.876,26.803,23.094,21.067
41.716,20.614,25.414,24.419,21.324
41.72,26.087,29.0,20.391,21.771
41.724,24.495,20.164,13.175,13.297
41.728,11.334,17.445,11.751,10.622
41.732,9.929,15.256,4.721,3.575
41.736,4.588,7.521,6.49,-3.306
41.74,4.962,2.113,-3.395,1.627
41.744,0.333,0.328,1.295,4.292
41.748,4.286,0.376,1.539,-0.612
41.752,-1.471,0.442,3.06,-2.039
41.756,-5.028,-4.156,1.267,-3.404
41.76,-4.714,-10.885,-1.183,2.133
41.764,-7.665,-8.186,4.546,-3.456
41.768,-9.462,-10.046,-9.187,-7.045
41.772,-17.225,-20.255,-9.232,-16.121
41.776,-19.58,-17.101,-16.126,-18.724
41.78,-26.8,-21.894,-18.824,-16.764
41.784,-26.694,-27.985,-20.42,-21.482
41.788,-26.867,-24.615,-23.569,-20.207
41.792,-23.039,-19.014,-20.479,-6.452
41.796,-10.439,-12.062,-14.16,-7.376
41.8,-8.889,-11.119,-4.277,-0.517
41.804,-0.172,1.725,5.203,7.177
41.808,10.519,9.149,8.542,11.947
41.812,14.108,21.5,10.202,18.035
41.816,18.708,19.238,18.429,25.724
41.82,14.637,16.56,9.543,20.207
41.824,8.785,16.072,12.008,11.187
41.828,13.009,15.802,3.614,10.477
41.832,4.666,10.021,4.8,7.721
41.836,-0.775,6.228,-4.23,-0.82
41.84,-2.149,3.829,-10.24,-0.195
41.844,-2.477,5.25,-5.798,-2.838
41.848,-3.434,-1.38,-7.733,-1.298
41.852,-6.222,-1.337,-1.864,0.32
41.856,2.994,-2.011,-2.815,2.051
41.86,-2.808,-4.428,-6.364,-4.67
41.864,-4.44,-6.393,-9.718,-3.956
41.868,-2.293,-4.803,-13.708,-8.39
41.872,-14.861,-8.242,-16.776,-12.45
41.876,-15.009,-13.954,-15.485,-18.431
41.88,-22.406,-16.307,-23.433,-19.111
41.884,-20.137,-19.227,-21.488,-18.422
41.888,-19.052,-21.423,-27.4,-22.428
41.892,-13.289,-10.437,-24.583,-8.796
41.896,-5.976,-3.856,-15.26,-4.759
41.9,-4.143,0.33,-2.784,-4.724
41.904,9.001,6.17,2.058,11.925
41.908,15.151,11.539,12.027,18.525
41.912,13.733,19.912,17.346,16.744
41.916,15.633,21.335,12.138,20.521
41.92,12.762,23.963,16.293,19.24
41.924,9.883,15.258,14.659,11.841
41.928,2.59,12.804,9.19,14.87
41.932,3.784,9.222,-3.118,1.766
41.936,-8.717,3.269,-7.409,4.568
41.94,-7.388,3.928,-5.203,5.912
41.944,-6.758,2.529,-5.522,-5.021
41.948,-2.95,-6.353,-1.008,-0.989
41.952,-8.249,-5.925,-5.243,3.529
41.956,-5.372,-2.256,-0.324,1.161
41.96,-7.852,-7.516,-5.224,1.292
41.964,-6.959,-11.14,-2.908,-5.761
41.968,-11.976,-14.069,-8.763,-10.23
41.972,-14.503,-16.838,-10.669,-12.388
41.976,-22.255,-20.744,-17.153,-15.177
41.98,-25.992,-22.978,-25.877,-17.169
41.984,-22.07,-23.229,-18.833,-18.57
41.988,-22.215,-16.413,-15.265,-15.316
41.992,-15.58,-16.062,-16.943,-13.633
41.996,-7.485,-8.157,-5.419,-10.727
42.0,3.726,4.656,-1.84,-4.065
42.004,10.796,9.138,3.798,9.859
42.008,13.628,15.064,12.602,16.998
42.012,17.317,22.35,18.224,24.166
42.016,28.293,23.94,16.398,27.174
42.02,18.202,21.402,23.304,21.885
42.024,19.246,22.647,11.469,17.073
42.028,18.929,16.38,10.12,10.528
42.032,18.019,20.573,4.625,4.787
42.036,9.225,12.208,8.005,3.9
42.04,7.691,5.671,-2.548,0.894
42.044,4.031,5.052,4.047,5.761
42.048,6.993,6.83,2.931,1.649
42.052,3.399,-0.237,-0.207,-0.58
42.056,4.369,9.346,3.235,-2.691
42.06,7.588,-5.777,3.309,0.394
42.064,1.265,-2.142,3.599,-3.285
42.068,1.3,-10.63,-3.598,-8.763
42.072,-6.661,-16.094,-4.196,-13.849
42.076,-14.906,-16.062,-10.348,-14.326
42.08,-10.74,-21.741,-12.436,-20.19
42.084,-19.599,-16.315,-17.654,-20.874
42.088,-16.289,-23.613,-14.278,-19.706
42.092,-11.288,-13.672,-9.027,-5.478
42.096,-1.734,-10.224,-2.68,-7.111
42.1,0.825,-1.462,4.637,-2.47
42.104,6.821,6.291,18.701,-0.134
42.108,16.149,5.674,20.543,9.059
42.112,19.015,15.882,25.14,17.374
42.116,19.697,20.484,25.07,24.989
42.12,20.679,18.351,24.602,25.829
42.124,13.365,13.663,20.172,15.258
42.128,7.646,7.109,20.471,12.882
42.132,14.944,9.018,10.235,6.912
42.136,5.303,9.55,9.204,5.065
42.14,3.265,3.102,10.733,0.487
42.144,-0.459,2.701,5.763,-1.626
42.148,4.788,0.875,3.443,-2.08
42.152,1.123,-3.944,3.009,2.24
42.156,-5.344,-3.539,4.193,3.863
42.16,0.62,-2.883,6.133,-2.556
42.164,-0.534,-12.723,8.006,-1.517
42.168,-3.43,-9.199,0.664,-6.938
42.172,-7.435,-10.75,-7.028,-12.937
42.176,-12.521,-17.542,-11.483,-13.938
42.18,-15.413,-16.512,-14.608,-14.924
42.184,-14.678,-20.22,-19.695,-22.376
42.188,-16.794,-15.713,-15.884,-19.22
42.192,-13.258,-11.629,-12.108,-9.581
42.196,-0.576,-2.605,3.876,-7.712
42.2,7.087,3.491,5.72,-2.384
42.204,16.901,6.478,7.109,8.094
42.208,19.732,15.921,11.744,14.007
42.212,20.931,28.499,16.404,21.419
42.216,19.991,26.525,25.674,19.773
42.22,21.757,18.206,15.805,18.938
42.224,22.168,25.712,21.01,15.817
42.228,20.428,14.817,12.105,12.292
42.232,11.203,16.546,5.818,11.958
42.236,2.948,13.474,-0.801,5.874
42.24,0.668,6.271,3.984,-1.919
42.244,-1.227,0.152,0.961,0.89
42.248,-0.901,-1.18,2.329,0.928
42.252,3.045,0.922,-0.447,1.239
42.256,2.278,-6.549,2.678,-4.485
42.26,-3.824,-7.712,4.252,-0.769
42.264,-6.04,-8.058,-0.847,-5.403
42.268,-13.433,-15.82,-9.723,-11.9
42.272,-21.234,-14.013,-9.826,-8.162
42.276,-15.535,-25.203,-13.917,-16.82
42.28,-31.396,-34.365,-14.822,-19.77
42.284,-31.317,-27.158,-19.678,-17.257
42.288,-19.123,-21.741,-17.017,-15.18
42.292,-20.449,-15.485,-14.603,-14.727
42.296,-17.641,-12.732,-14.394,-7.496
42.3,-4.695,-4.636,-0.451,-3.03
42.304,3.19,3.892,4.818,4.757
42.308,3.387,16.036,16.595,17.874
42.312,10.259,16.964,10.193,18.389
42.316,16.413,17.079,12.277,22.814
42.32,10.738,25.109,16.335,18.472
42.324,11.433,17.422,15.103,17.233
42.328,11.112,8.3,5.508,6.558
42.332,-4.258,6.994,0.802,9.99
42.336,-1.334,9.659,-2.032,3.612
42.34,-1.536,0.156,-6.411,-0.202
42.344,-8.391,5.305,-2.717,1.931
42.348,-4.313,0.425,-6.659,2.872
42.352,1.039,5.457,-2.195,-1.108
42.356,-4.0,1.274,-7.774,-3.634
42.36,-7.195,-6.027,0.678,3.788
42.364,-1.598,-1.179,-13.071,-4.346
42.368,-7.194,-3.403,-13.605,-13.165
42.372,-13.018,-15.181,-8.258,-13.055
42.376,-17.271,-17.178,-19.273,-14.624
42.38,-16.944,-15.445,-24.981,-19.214
42.384,-20.216,-15.172,-28.16,-20.291
42.388,-17.72,-8.12,-24.266,-19.308
42.392,-17.739,-8.196,-17.951,-15.244
42.396,-15.353,2.453,-10.964,-11.418
42.4,-0.538,2.409,-3.788,-3.893
42.404,8.054,10.549,-2.434,8.676
42.408,10.015,13.655,9.774,17.672
42.412,17.147,17.842,14.572,17.425
42.416,14.647,21.531,16.056,24.061
42.42,13.973,18.632,13.879,22.265
42.424,16.057,9.983,6.808,15.577
42.428,5.326,11.667,3.325,13.703
42.432,0.4,12.4,5.303,8.876
42.436,-8.176,5.137,-4.171,2.184
42.44,-3.226,1.647,-6.023,-5.265
42.444,-8.749,-3.475,-5.178,0.462
42.448,-6.408,-2.037,-7.186,1.995
42.452,-7.558,0.425,-0.438,-1.551
42.456,-7.993,-2.028,-5.377,5.976
42.46,-7.962,-7.388,1.277,1.889
42.464,-9.917,-14.053,-7.978,-8.117
42.468,-9.574,-9.791,-8.23,-7.992
42.472,-12.433,-15.628,-10.713,-14.309
42.476,-18.651,-26.354,-13.69,-17.075
42.48,-19.135,-28.889,-19.93,-17.005
42.484,-20.609,-27.534,-22.468,-20.659
42.488,-19.268,-21.939,-14.518,-19.963
42.492,-11.305,-12.558,-13.891,-13.699
42.496,-12.362,-5.527,-8.36,-5.305
42.5,-2.053,1.022,-5.456,2.249
42.504,5.974,7.739,8.423,9.43
42.508,14.767,22.377,14.421,18.092
42.512,22.81,20.56,14.708,17.981
42.516,19.826,22.997,18.016,18.82
42.52,24.458,22.096,19.535,18.502
42.524,18.842,28.548,17.464,13.545
42.528,15.952,20.969,8.689,9.291
42.532,13.704,11.989,4.365,9.625
42.536,14.838,8.033,4.29,6.191
42.54,5.472,3.445,-0.549,-6.729
42.544,6.416,5.939,0.969,2.866
42.548,3.379,0.055,7.666,-1.343
42.552,4.684,-0.467,3.408,-1.788
42.556,3.358,4.39,7.358,-1.026
42.56,6.031,1.262,0.12,-4.995
42.564,3.842,-0.444,-0.46,-4.204
42.568,0.61,-13.581,-4.031,-1.664
42.572,-8.461,-16.675,-9.402,-16.432
42.576,-9.276,-19.56,-15.8,-14.118
42.58,-13.906,-15.459,-13.211,-16.044
42.584,-15.826,-20.901,-13.849,-18.158
42.588,-18.208,-13.943,-16.392,-13.651
42.592,-10.229,-13.477,-11.593,-11.036
42.596,-4.196,-9.735,-2.691,-5.572
42.6,2.709,-0.63,4.818,3.114
42.604,10.801,-0.439,15.523,10.56
42.608,17.745,4.706,22.221,12.934
42.612,16.363,15.958,20.953,20.146
42.616,20.45,17.26,24.126,19.085
42.62,21.576,22.753,19.999,14.966
42.624,16.17,10.633,24.083,21.483
42.628,15.69,12.468,15.817,10.129
42.632,8.798,9.58,13.397,10.695
42.636,-0.874,4.95,5.62,5.304
42.64,5.261,4.413,7.54,-1.479
42.644,1.535,-2.669,6.037,-2.282
42.648,-3.214,0.573,8.133,1.082
42.652,1.967,-1.081,1.18,1.308
42.656,-0.791,-0.313,5.904,-1.174
42.66,4.58,-7.022,8.251,-5.954
42.664,0.203,-11.543,-0.153,-1.29
42.668,-5.691,-13.04,0.419,-16.183
42.672,-4.405,-17.716,-4.154,-10.745
42.676,-9.211,-19.083,-8.465,-12.575
42.68,-13.896,-19.957,-13.158,-24.516
42.684,-17.521,-21.291,-13.821,-19.424
42.688,-14.385,-15.805,-13.213,-19.404
42.692,-9.958,-14.347,-7.049,-13.396
42.696,1.369,-4.204,-6.611,-4.651
42.7,1.7,2.319,3.96,-4.039
42.704,14.121,11.143,13.985,6.914
42.708,19.748,19.255,14.101,13.487
42.712,27.619,21.416,18.249,12.406
42.716,26.508,22.489,23.006,21.624
42.72,26.034,22.537,23.999,23.854
42.724,19.324,25.158,15.778,17.985
42.728,12.411,22.104,11.673,12.179
42.732,10.064,12.322,7.648,10.066
42.736,8.92,9.133,1.173,1.914
42.74,5.632,0.853,6.774,-1.436
42.744,0.027,2.596,-3.452,1.586
42.748,-2.265,-3.389,-0.101,0.577
42.752,-3.487,-2.431,0.689,1.051
42.756,-1.729,0.09,-5.887,-2.622
42.76,-2.898,-10.472,-2.719,-5.723
42.764,-2.169,-12.303,-6.689,-6.817
42.768,-10.67,-16.558,-4.395,-9.967
42.772,-14.263,-23.282,-16.466,-17.913
42.776,-23.242,-19.501,-13.355,-14.548
42.78,-24.303,-23.668,-23.392,-22.836
42.784,-25.389,-19.396,-18.548,-23.937
42.788,-24.934,-25.657,-24.511,-19.038
42.792,-20.564,-23.391,-15.18,-16.699
42.796,-13.884,-8.682,-7.523,-12.318
42.8,-5.3,-4.887,-1.22,-4.402
42.804,4.378,2.584,0.795,9.191
42.808,0.589,15.244,13.993,12.972
42.812,15.199,16.337,16.148,13.712
42.816,8.652,21.27,8.6,24.271
42.82,14.115,17.086,14.491,16.834
42.824,17.654,15.213,19.07,17.563
42.828,6.71,13.43,9.218,11.465
42.832,3.46,13.166,-0.35,7.702
42.836,-1.241,8.137,-1.022,3.762
42.84,-0.319,6.892,-6.137,-2.928
42.844,-1.928,-3.999,-2.636,6.778
42.848,-4.752,-2.881,-7.654,-2.391
42.852,-2.438,-4.537,-0.67,2.586
42.856,-5.242,-0.366,-1.043,-2.418
42.86,-3.099,-5.309,-2.549,-4.525
42.864,-6.249,1.147,-0.498,0.408
42.868,-8.118,-7.558,-7.398,-2.738
42.872,-14.941,-10.701,-11.953,-10.428
42.876,-17.619,-18.039,-16.197,-13.552
42.88,-20.003,-20.315,-20.861,-22.73
42.884,-20.864,-12.563,-22.936,-17.925
42.888,-18.834,-9.833,-24.989,-16.305
42.892,-16.184,-9.622,-20.811,-12.665
42.896,-11.961,-10.844,-11.128,-2.645
42.9,-2.158,1.075,-2.928,-6.841
42.904,4.214,10.338,2.979,7.047
42.908,13.762,14.675,7.913,18.427
42.912,17.936,13.049,13.146,14.915
42.916,11.537,26.638,14.851,21.852
42.92,16.097,17.873,14.615,17.511
42.924,13.253,13.651,9.828,16.238
42.928,2.163,13.575,9.587,8.617
42.932,3.19,12.723,1.331,14.197
42.936,0.122,6.458,-3.774,0.258
42.94,-8.145,-2.536,-4.099,0.818
42.944,-7.329,-5.627,-7.594,-0.733
42.948,-6.291,-9.611,2.504,3.113
42.952,-4.902,-5.426,-0.373,0.319
42.956,-9.621,-7.649,-1.609,-4.775
42.96,-4.138,-6.944,2.275,-3.138
42.964,-15.882,-13.548,-4.559,-10.186
42.968,-9.131,-12.172,-7.492,-7.19
42.972,-15.342,-16.842,-13.857,-6.446
42.976,-22.469,-24.098,-18.883,-16.571
42.98,-20.357,-22.446,-18.623,-17.948
42.984,-26.315,-19.271,-17.167,-16.597
42.988,-20.407,-23.34,-21.41,-20.325
42.992,-14.955,-15.903,-15.153,-10.682
42.996,-7.728,-8.859,-8.459,-1.847
43.0,-2.519,-1.073,2.315,-5.324
43.004,6.948,10.566,6.554,10.995
43.008,16.051,17.907,16.695,9.533
43.012,18.572,21.678,20.921,15.928
43.016,23.986,24.335,18.374,23.298
43.02,21.107,21.932,18.376,19.935
43.024,23.603,22.903,16.303,14.597
43.028,21.681,14.95,10.434,18.49
43.032,12.21,22.529,4.707,6.419
43.036,12.555,15.542,8.391,6.989
43.04,6.972,11.355,-3.373,0.292
43.044,3.847,7.455,2.27,1.419
43.048,5.336,5.778,6.433,1.367
43.052,7.106,-2.034,1.119,0.351
43.056,1.259,-2.591,4.369,-4.301
43.06,7.173,-4.813,6.565,-0.377
43.064,2.824,-4.744,-7.284,-5.438
43.068,1.55,-10.015,-1.815,-8.782
43.072,-4.376,-11.234,-10.807,-10.009
43.076,-10.44,-20.571,-7.605,-14.4
43.08,-15.313,-17.3,-16.167,-21.236
43.084,-11.085,-23.55,-9.657,-19.251
43.088,-7.974,-20.663,-16.42,-18.191
43.092,-11.706,-12.673,-8.009,-16.566
43.096,-1.624,-7.884,-5.554,-9.985
43.1,0.284,-6.106,4.043,-2.353
43.104,7.838,7.941,12.411,7.551
43.108,14.502,11.136,18.897,13.068
43.112,21.711,8.753,27.922,18.88
43.116,17.875,14.689,28.611,17.265
43.12,24.679,15.723,20.754,18.449
43.124,19.789,11.261,19.704,15.68
43.128,14.796,15.379,11.527,12.768
43.132,7.646,6.37,6.241,11.818
43.136,7.479,5.302,4.709,6.922
43.14,-6.01,1.736,9.527,0.985
43.144,3.209,1.345,-1.259,-4.739
43.148,2.575,3.095,6.025,-1.649
43.152,-2.935,-0.738,6.592,2.872
43.156,4.233,1.417,3.45,-0.211
43.16,4.094,-3.381,6.893,-4.981
43.164,-5.251,-7.589,4.575,-4.316
43.168,-6.48,-10.19,-1.259,-8.821
43.172,-0.644,-22.402,-6.32,-8.007
43.176,-11.146,-18.754,-11.305,-17.72
43.18,-10.262,-19.385,-16.691,-17.725
43.184,-10.404,-17.243,-15.177,-17.839
43.188,-10.676,-15.905,-16.026,-21.968
43.192,-4.334,-9.808,-10.119,-16.215
43.196,-7.209,-7.954,-6.288,-8.865
43.2,6.052,-0.94,0.967,0.413
43.204,5.021,7.957,8.695,5.8
43.208,15.26,22.789,20.259,9.854
43.212,22.874,18.867,16.19,15.231
43.216,23.813,22.457,26.751,22.724
43.22,24.552,24.816,22.157,25.184
43.224,20.838,17.314,11.492,16.889
43.228,16.505,15.658,9.651,15.025
43.232,11.565,15.897,1.688,8.47
43.236,7.588,8.283,4.573,5.795
43.24,0.43,11.016,4.022,3.43
43.244,-0.855,-1.953,0.01,2.079
43.248,0.207,-0.071,3.286,0.957
43.252,-0.381,-2.279,0.922,0.537
43.256,-4.565,-3.169,3.591,-1.263
43.26,-0.063,-9.646,0.683,0.368
43.264,-4.415,-11.339,-2.591,-2.768
43.268,-13.62,-11.499,-4.235,-10.13
43.272,-16.729,-19.083,-11.855,-8.223
43.276,-14.872,-25.298,-11.81,-12.998
43.28,-23.946,-18.26,-20.799,-18.388
43.284,-24.622,-24.676,-19.731,-16.37
43.288,-26.339,-20.831,-22.442,-16.07
43.292,-21.438,-15.783,-21.171,-15.301
43.296,-9.729,-11.719,-9.255,-13.03
43.3,-6.403,-6.173,-8.351,-5.547
43.304,0.658,4.582,10.906,11.371
43.308,7.408,8.71,9.541,13.896
43.312,19.494,16.943,14.277,17.141
43.316,13.904,18.064,14.743,17.925
43.32,10.698,22.042,14.582,19.159
43.324,8.621,13.964,11.589,18.717
43.328,9.18,16.682,3.349,9.352
43.332,-1.366,12.996,-6.515,7.692
43.336,1.041,7.267,-5.956,11.674
43.34,-4.493,7.679,-6.414,6.653
43.344,-8.591,5.067,-4.839,-6.65
43.348,-5.664,4.767,-4.661,-5.554
43.352,-2.012,3.734,-2.036,5.527
43.356,2.299,0.922,-8.733,2.642
43.36,-0.002,-2.905,-7.156,-1.054
43.364,-5.872,-5.745,-8.033,-2.114
43.368,-5.611,-8.138,-5.843,-8.357
43.372,-13.882,-8.821,-6.856,-13.787
43.376,-21.375,-12.873,-23.621,-13.782
43.38,-19.966,-13.934,-19.727,-19.259
43.384,-25.617,-13.898,-24.068,-17.31
43.388,-17.282,-15.831,-21.289,-19.898
43.392,-13.243,-4.982,-22.793,-11.842
43.396,-12.241,-5.061,-8.358,-6.648
43.4,-1.967,0.869,-11.419,-4.004
43.404,5.159,10.398,-1.019,12.007
43.408,13.304,16.81,8.548,9.758
43.412,10.748,17.185,11.775,22.245
43.416,17.452,20.613,15.087,21.268
43.42,10.295,19.039,11.736,20.89
43.424,13.131,18.099,9.425,14.494
43.428,9.388,16.055,5.537,10.683
43.432,-0.557,8.372,0.993,7.42
43.436,1.091,6.637,-1.398,-0.167
43.44,-10.019,-2.755,-1.169,2.934
43.444,-3.321,1.484,-6.55,-1.03
43.448,-2.534,-4.396,0.507,-6.469
43.452,-5.576,-5.965,-2.192,5.772
43.456,-7.242,-5.029,2.212,0.75
43.46,-6.672,-7.127,-3.002,-0.232
43.464,-11.605,-11.829,-6.542,-5.772
43.468,-5.229,-17.759,-7.151,-6.411
43.472,-18.753,-20.245,-4.053,-9.582
43.476,-16.651,-21.626,-20.157,-20.335
43.48,-25.173,-22.15,-17.223,-17.157
43.484,-18.381,-25.727,-19.827,-23.082
43.488,-14.715,-22.378,-17.563,-22.112
43.492,-14.513,-14.475,-18.053,-16.622
43.496,-7.577,-8.41,-6.477,-1.283
43.5,-2.87,0.439,0.886,2.35
43.504,5.209,0.317,3.397,7.531
43.508,16.565,14.379,14.829,19.088
43.512,25.127,23.017,18.046,15.485
43.516,21.527,21.41,19.298,16.823
43.52,29.574,25.079,19.118,16.219
43.524,18.773,18.286,19.325,21.607
43.528,17.681,14.118,13.119,14.395
43.532,13.799,16.346,4.261,4.961
43.536,9.489,11.328,5.435,1.624
43.54,1.478,7.478,1.842,2.058
43.544,4.799,8.769,-0.277,-3.355
43.548,7.212,3.615,-1.379,-0.644
43.552,6.562,1.138,5.957,-2.87
43.556,8.529,-1.037,2.578,-0.253
43.56,7.567,-4.268,6.581,1.238
43.564,1.846,-3.519,-1.386,1.529
43.568,-4.339,-10.106,4.321,-12.104
43.572,-1.555,-10.24,1.811,-9.989
43.576,-14.866,-26.532,-8.868,-13.94
43.58,-16.031,-17.611,-9.901,-19.663
43.584,-18.203,-20.01,-16.37,-21.681
43.588,-12.244,-19.682,-15.212,-20.034
43.592,-6.737,-19.233,-5.775,-19.54
43.596,-5.272,-14.378,-2.471,-5.248
43.6,3.093,-0.098,0.639,-2.293
43.604,10.887,5.475,12.656,2.578
43.608,21.073,11.539,15.154,14.949
43.612,14.336,14.873,22.402,19.193
43.616,23.332,19.766,27.475,22.444
43.62,21.159,15.194,27.38,24.421
43.624,15.863,13.76,20.405,16.094
43.628,13.79,10.821,19.032,10.891
43.632,10.75,6.853,9.035,6.236
43.636,6.74,7.931,11.812,2.816
43.64,9.218,-2.647,2.308,-1.005
43.644,2.269,-6.636,1.376,-1.256
43.648,2.176,-6.286,2.913,-2.274
43.652,2.18,-0.714,2.969,-3.007
43.656,4.673,-4.113,7.232,5.165
43.66,2.225,-10.284,8.715,2.948
43.664,0.35,-7.685,2.7,-9.288
43.668,-2.866,-12.127,-0.213,-6.455
43.672,-7.241,-12.848,-10.016,-11.984
43.676,-12.413,-15.005,-10.28,-15.538
43.68,-11.934,-11.399,-8.847,-23.321
43.684,-14.639,-22.104,-11.435,-25.446
43.688,-10.017,-21.416,-17.795,-18.418
43.692,-7.053,-9.043,-11.918,-15.09
43.696,-2.03,-1.024,5.761,-9.233
43.7,11.438,-0.023,4.193,-0.621
43.704,13.956,7.682,14.875,9.384
43.708,22.367,19.108,21.233,16.625
43.712,22.412,27.815,16.975,15.309
43.716,19.733,22.193,23.604,17.241
43.72,22.727,24.761,20.414,19.418
43.724,14.488,16.392,21.406,19.642
43.728,15.394,17.679,17.273,11.148
43.732,15.446,13.525,4.061,7.843
43.736,3.873,14.0,12.957,-0.391
43.74,-3.011,3.846,0.7,-5.378
43.744,5.82,5.201,1.219,6.985
43.748,-1.109,-1.35,-8.328,0.722
43.752,-0.365,-0.695,3.396,-2.945
43.756,1.046,3.09,-5.785,-6.473
43.76,-1.738,-0.587,-0.624,3.129
43.764,-4.337,-3.715,-4.292,-6.532
43.768,-8.339,-12.674,-5.158,-10.244
43.772,-21.342,-18.906,-10.848,-13.94
43.776,-25.143,-21.234,-14.42,-15.561
43.78,-20.915,-23.102,-16.115,-17.052
43.784,-28.155,-23.655,-24.445,-20.803
43.788,-26.53,-24.805,-20.935,-21.398
43.792,-24.287,-20.33,-18.988,-7.088
43.796,-15.478,-13.295,-13.091,-9.059
43.8,-7.791,-0.593,2.859,0.032
43.804,-1.942,7.521,0.652,3.082
43.808,4.226,20.36,8.137,15.719
43.812,12.814,17.105,21.094,21.527
43.816,11.361,16.192,15.293,17.323
43.82,11.37,17.517,13.966,13.447
43.824,4.028,16.916,11.77,14.828
43.828,12.652,19.045,2.254,17.478
43.832,5.745,13.353,-1.619,5.486
43.836,-1.795,3.944,-4.504,11.298
43.84,-5.018,5.318,-1.832,-0.474
43.844,-2.982,-0.604,-3.665,-5.429
43.848,-2.773,4.543,-7.102,-1.639
43.852,-5.923,-0.197,-4.697,-5.503
43.856,-9.538,-1.062,-1.466,-2.203
43.86,-4.321,-6.752,-11.632,-0.062
43.864,-9.681,-1.651,-5.803,-5.094
43.868,-8.013,-3.868,-8.141,-4.105
43.872,-12.277,-13.43,-17.773,-13.397
43.876,-19.895,-15.256,-17.626,-20.448
43.88,-21.633,-18.39,-22.957,-18.525
43.884,-15.811,-17.872,-18.897,-20.349
43.888,-17.331,-17.639,-24.527,-18.323
43.892,-17.018,-14.17,-17.047,-17.801
43.896,-2.725,-0.643,-16.834,-6.781
43.9,-5.995,-5.568,-4.53,4.167
43.904,2.313,10.91,5.371,3.642
43.908,10.357,16.209,7.781,8.25
43.912,9.89,24.371,16.914,13.62
43.916,21.024,20.38,17.771,19.817
43.92,14.795,19.266,14.222,14.145
43.924,8.43,15.249,9.681,16.952
43.928,7.544,14.734,-3.162,12.859
43.932,1.89,7.045,-0.282,8.51
43.936,-3.48,1.532,1.459,11.466
43.94,-8.922,-0.8,-4.677,-4.389
43.944,-10.929,-4.025,-2.934,-5.077
43.948,-0.289,-6.054,-4.928,3.726
43.952,-10.672,-4.295,-6.62,1.707
43.956,-1.562,-6.813,0.672,3.398
43.96,-10.143,-6.837,-5.66,-7.332
43.964,-7.424,-11.05,-4.73,-7.779
43.968,-11.706,-18.701,-6.298,-4.472
43.972,-14.997,-25.174,-13.779,-12.291
43.976,-18.407,-25.08,-11.35,-12.03
43.98,-27.784,-21.328,-13.338,-20.219
43.984,-25.2,-21.035,-22.788,-20.54
43.988,-24.856,-17.504,-21.086,-11.381
43.992,-15.103,-12.75,-15.751,-17.103
43.996,-12.407,-4.899,-4.389,-5.362
44.0,-5.943,1.219,1.458,-4.702
44.004,7.724,13.569,10.101,4.986
44.008,9.044,16.144,18.382,16.193
44.012,21.528,26.455,16.058,14.008
44.016,19.398,21.379,21.868,22.533
44.02,20.428,21.663,19.409,18.306
44.024,13.762,21.335,17.352,13.047
44.028,21.944,18.693,15.192,11.468
44.032,8.714,14.129,6.936,5.651
44.036,8.702,13.111,1.853,1.565
44.04,2.234,8.179,-1.179,-0.276
44.044,4.149,4.408,6.834,-4.133
44.048,11.869,3.363,2.214,-5.397
44.052,7.742,6.689,-0.567,-6.27
44.056,4.449,2.136,8.439,1.465
44.06,5.194,-6.44,-1.273,0.088
44.064,0.885,-0.387,-2.806,-6.08
44.068,-1.729,-7.869,-2.611,-7.797
44.072,-3.969,-11.75,-7.73,-7.634
44.076,-11.793,-14.888,-9.559,-17.851
44.08,-13.585,-17.437,-19.569,-19.77
44.084,-14.944,-23.847,-14.032,-14.088
44.088,-15.462,-22.62,-9.72,-17.089
44.092,-12.896,-8.17,-12.303,-11.265
44.096,-6.327,-11.492,-4.06,-5.454
44.1,4.502,-1.215,2.351,1.516
44.104,11.948,9.643,13.385,5.408
44.108,12.248,9.538,15.594,11.061
44.112,18.874,14.1,19.355,20.275
44.116,18.841,19.996,23.876,21.474
44.12,22.429,17.59,24.013,19.664
44.124,15.562,16.255,20.027,16.849
44.128,19.414,11.109,13.699,9.472
44.132,9.181,5.915,12.42,3.875
44.136,8.537,2.923,7.401,1.5
44.14,-0.301,4.698,0.97,0.456
44.144,1.922,-1.659,-4.224,-1.739
44.148,3.943,-0.638,5.861,4.594
44.152,-0.376,-5.671,4.442,4.537
44.156,3.075,2.31,2.35,2.512
44.16,5.477,-4.532,9.834,2.453
44.164,-0.672,-6.965,7.498,-7.581
44.168,-5.475,-8.376,2.674,-5.255
44.172,-1.429,-15.969,-5.19,-11.896
44.176,-14.102,-13.807,-20.062,-17.355
44.18,-12.721,-23.503,-10.633,-19.816
44.184,-15.909,-20.4,-18.435,-20.714
44.188,-14.668,-18.232,-16.188,-19.39
44.192,-5.161,-16.452,-7.906,-15.827
44.196,-1.487,-5.57,1.637,-11.606
44.2,7.961,3.648,7.562,-4.717
44.204,7.498,8.237,10.847,8.79
44.208,22.008,14.372,18.669,5.553
44.212,22.35,22.794,17.005,24.089
44.216,20.173,24.583,16.565,18.039
44.22,30.082,23.703,23.092,13.569
44.224,22.703,18.291,17.149,17.54
44.228,16.786,17.092,7.041,11.383
44.232,14.789,11.868,6.412,4.565
44.236,7.332,9.855,4.484,1.977
44.24,0.912,4.289,2.913,0.941
44.244,0.794,3.026,1.207,3.298
44.248,-1.718,-2.967,-1.46,-8.044
44.252,-1.818,-5.156,-2.174,1.065
44.256,-5.092,-1.47,1.029,4.892
44.26,-6.218,-3.67,2.214,-3.653
44.264,-3.905,-10.775,0.083,-1.455
44.268,-10.044,-13.783,-1.815,-5.394
44.272,-17.613,-19.624,-11.281,-6.145
44.276,-23.984,-18.797,-19.512,-15.269
44.28,-25.644,-25.109,-16.593,-16.858
44.284,-30.861,-26.32,-21.184,-16.708
44.288,-24.132,-19.772,-24.17,-16.401
44.292,-17.662,-20.397,-14.581,-16.66
44.296,-7.162,-11.037,-6.093,-9.77
44.3,-10.053,-6.95,-1.79,0.802
44.304,3.582,5.978,8.731,10.187
44.308,5.264,13.256,9.15,14.995
44.312,8.473,11.962,12.328,15.144
44.316,10.398,14.223,18.237,19.168
44.32,13.611,19.819,13.101,14.807
44.324,7.794,23.21,14.184,17.737
44.328,5.017,17.178,6.381,17.728
44.332,1.598,10.518,4.803,8.989
44.336,-2.531,5.421,-0.76,-2.167
44.34,-4.759,1.84,-7.658,1.524
44.344,-10.302,5.962,-11.654,0.002
44.348,-2.463,5.533,-2.866,-1.701
44.352,-1.892,0.03,-2.601,-6.025
44.356,-4.279,0.032,-6.858,1.39
44.36,-1.661,-0.975,-2.082,1.634
44.364,-0.8,1.517,-2.538,-6.351
44.368,-8.457,-7.299,-12.537,-10.089
44.372,-8.821,-14.294,-20.818,-12.742
44.376,-10.261,-18.239,-16.664,-10.745
44.38,-12.438,-19.685,-19.185,-19.818
44.384,-24.664,-13.425,-26.531,-22.201
44.388,-23.206,-13.641,-20.635,-19.451
44.392,-16.994,-11.905,-17.825,-12.244
44.396,-9.215,-13.525,-12.752,-13.654
44.4,2.356,-0.207,-3.014,-0.695
44.404,6.633,10.43,1.419,6.541
44.408,7.079,16.416,6.054,13.657
44.412,12.648,20.44,14.772,16.165
44.416,15.527,17.047,15.814,15.911
44.42,9.778,20.911,6.15,21.765
44.424,10.841,14.747,6.951,10.458
44.428,2.635,13.673,4.073,16.484
44.432,-3.501,6.867,3.238,8.452
44.436,-5.407,8.13,-6.412,5.743
44.44,-4.063,2.424,-4.816,1.398
44.444,-5.408,-1.615,1.523,3.58
44.448,-6.56,1.105,-3.336,1.499
44.452,-3.639,-5.668,-1.953,4.024
44.456,-3.999,-10.475,-1.755,2.492
44.46,-6.996,-5.318,0.972,2.145
44.464,-9.595,-10.735,-3.818,-5.844
44.468,-12.714,-16.049,-8.051,-8.55
44.472,-17.436,-20.737,-11.288,-11.741
44.476,-27.126,-20.379,-12.084,-15.963
44.48,-19.543,-21.178,-18.049,-17.242
44.484,-21.979,-25.558,-20.187,-22.153
44.488,-24.401,-18.762,-15.242,-18.271
44.492,-11.387,-14.512,-16.002,-12.1
44.496,-10.206,-10.649,-17.454,-13.331
44.5,-0.323,0.012,1.343,3.17
44.504,11.507,6.521,9.156,13.719
44.508,16.331,18.984,12.569,11.235
44.512,24.758,18.511,17.968,22.691
44.516,22.115,27.784,24.133,20.583
44.52,28.023,24.013,20.617,16.312
44.524,18.27,16.675,20.485,18.456
44.528,20.946,12.287,12.55,17.608
44.532,6.307,14.467,6.931,6.199
44.536,6.493,15.493,6.067,0.5
44.54,8.503,12.177,3.079,-5.496
44.544,5.455,6.729,2.888,-0.389
44.548,6.389,2.34,1.649,0.38
44.552,6.974,1.784,1.82,5.552
44.556,3.047,1.807,2.687,5.536
44.56,1.949,1.851,5.417,-3.198
44.564,3.263,-3.211,3.792,-1.277
44.568,-3.45,-6.265,-9.549,-10.861
44.572,-2.177,-11.737,-8.288,-11.571
44.576,-11.375,-14.858,-15.266,-16.363
44.58,-12.089,-27.163,-15.285,-21.597
44.584,-14.325,-23.767,-16.82,-20.265
44.588,-16.287,-22.724,-13.11,-15.723
44.592,-16.629,-18.959,-8.8,-10.692
44.596,-1.196,-9.381,3.466,-8.019
44.6,-0.533,-6.693,5.874,-0.261
44.604,8.389,1.918,14.339,2.066
44.608,15.208,10.573,14.554,14.803
44.612,19.504,10.369,21.953,17.456
44.616,23.986,15.758,21.079,19.632
44.62,20.047,18.868,24.798,17.524
44.624,16.593,11.093,19.732,13.126
44.628,15.867,13.74,13.993,9.169
44.632,10.329,5.076,13.285,5.378
44.636,2.784,4.737,5.902,-0.281
44.64,-0.699,-2.203,8.479,2.083
44.644,-0.584,0.588,7.766,1.727
44.648,1.947,-2.835,2.389,-0.523
44.652,-1.014,-1.366,8.552,0.64
44.656,3.287,-5.446,6.018,-0.734
44.66,1.933,-3.82,3.776,2.219
44.664,-7.317,-5.443,3.838,-3.537
44.668,-7.138,-10.795,-5.908,-6.575
44.672,-15.495,-15.965,-7.482,-9.379
44.676,-11.618,-18.089,-9.315,-16.045
44.68,-9.967,-22.747,-15.042,-14.789
44.684,-19.456,-17.948,-12.439,-21.898
44.688,-15.825,-13.959,-15.705,-13.074
44.692,-7.877,-6.111,-10.239,-14.571
44.696,-4.062,-0.059,-4.819,-9.542
44.7,3.537,0.872,-1.645,-4.706
44.704,15.888,12.143,11.506,10.199
44.708,19.014,17.676,17.403,12.884
44.712,20.052,26.325,14.524,18.683
44.716,19.546,22.695,14.023,20.687
44.72,31.053,27.134,18.492,17.505
44.724,24.285,19.128,19.873,19.193
44.728,14.749,17.957,19.541,13.154
44.732,11.304,11.213,1.093,4.853
44.736,5.123,3.702,7.51,-0.333
44.74,4.839,3.253,3.677,3.552
44.744,-1.243,2.37,-2.428,-0.678
44.748,-1.312,5.244,5.279,1.984
44.752,1.049,-4.228,1.77,-0.639
44.756,3.042,-4.959,-0.005,0.591
44.76,-1.083,-10.287,-5.534,1.208
44.764,-2.887,-6.131,-2.327,-8.203
44.768,-11.978,-15.248,-6.432,-2.35
44.772,-17.973,-19.29,-4.67,-10.662
44.776,-26.715,-23.132,-19.019,-22.105
44.78,-24.211,-30.352,-22.511,-14.924
44.784,-24.672,-29.223,-22.965,-16.938
44.788,-25.412,-25.526,-12.353,-18.822
44.792,-22.829,-16.227,-19.903,-9.794
44.796,-10.533,-19.004,-6.404,-9.501
44.8,-4.848,-2.18,-7.612,-0.391
44.804,4.809,5.014,5.753,14.618
44.808,4.525,5.365,10.898,15.544
44.812,9.733,14.877,12.412,21.504
44.816,17.394,22.049,17.827,22.354
44.82,13.047,15.742,11.758,14.811
44.824,8.879,15.732,5.723,16.87
44.828,5.339,22.81,4.934,12.411
44.832,2.886,12.132,-1.605,10.966
44.836,2.698,7.21,-1.876,8.202
44.84,-2.803,4.057,-5.817,5.078
44.844,-0.643,4.93,-0.988,-1.374
44.848,-1.322,4.82,-6.169,-4.421
44.852,-4.73,-4.543,-3.469,1.609
44.856,-4.524,-5.93,-7.29,-0.312
44.86,-4.093,-4.11,-5.757,-4.364
44.864,-9.001,-4.383,-9.445,-5.788
44.868,-10.07,-7.267,-6.861,-7.585
44.872,-8.271,-16.461,-17.291,-11.015
44.876,-17.07,-15.384,-21.527,-17.641
44.88,-22.328,-17.167,-22.105,-19.016
44.884,-15.352,-19.766,-26.47,-20.122
44.888,-22.449,-16.784,-18.728,-17.428
44.892,-18.547,-13.048,-12.947,-16.909
44.896,-5.912,-3.356,-15.116,-9.679
44.9,-0.42,2.372,-2.218,4.046
44.904,4.361,5.971,0.39,6.807
44.908,13.184,18.224,8.288,15.41
44.912,15.385,15.307,15.625,14.598
44.916,12.095,15.951,15.429,23.467
44.92,7.052,19.644,14.289,22.423
44.924,9.098,16.924,13.79,16.87
44.928,9.455,13.886,9.364,9.947
44.932,0.166,5.626,1.817,3.099
44.936,-1.186,7.598,-3.747,10.522
44.94,-4.743,6.556,-3.854,-0.008
44.944,-11.7,-1.25,-7.316,-4.256
44.948,-8.069,-2.088,-1.178,-1.9
44.952,-5.537,-10.896,-2.905,1.307
44.956,-9.017,-7.534,-4.888,-3.788
44.96,-8.697,-10.573,2.048,-2.98
44.964,-8.619,-14.066,-3.985,-8.022
44.968,-12.885,-17.065,-9.636,-3.079
44.972,-13.853,-20.479,-8.316,-12.038
44.976,-19.452,-26.277,-12.289,-20.33
44.98,-25.817,-25.081,-24.916,-21.668
44.984,-24.604,-26.383,-17.037,-21.839
44.988,-20.691,-18.093,-18.302,-18.183
44.992,-11.656,-14.272,-11.521,-16.716
44.996,-9.857,-7.165,-8.052,-8.68
45.0,-5.198,2.93,1.138,-1.912
45.004,9.758,5.682,6.935,3.274
45.008,13.404,16.073,17.412,11.236
45.012,16.896,23.668,16.761,15.938
45.016,23.228,20.569,23.438,16.246
45.02,25.868,17.532,19.791,14.638
45.024,18.882,19.84,18.332,14.188
45.028,18.483,21.675,8.717,14.383
45.032,15.148,12.234,8.66,6.965
45.036,12.169,10.096,5.543,-5.85
45.04,5.412,6.146,7.538,4.239
45.044,3.293,5.659,3.665,-2.034
45.048,3.659,1.405,0.575,4.204
45.052,9.222,-1.413,1.648,2.53
45.056,8.622,-0.138,6.573,-0.965
45.06,2.425,-2.223,2.237,-1.793
45.064,8.964,-1.569,0.285,-7.122
45.068,-4.681,-8.971,-4.241,-5.454
45.072,-3.202,-17.183,-5.691,-6.94
45.076,-6.241,-19.87,-9.837,-18.154
45.08,-13.916,-18.239,-14.769,-20.777
45.084,-17.962,-22.361,-9.925,-13.983
45.088,-16.727,-22.689,-11.842,-17.993
45.092,-11.475,-15.112,-4.083,-18.553
45.096,-1.508,-11.768,-2.533,-11.676
45.1,-1.195,-0.917,2.557,5.113
45.104,4.084,5.838,9.44,9.005
45.108,16.747,7.427,18.451,10.83
45.112,21.402,20.535,25.217,19.264
45.116,27.004,16.848,23.438,17.407
45.12,15.882,8.96,25.573,13.208
45.124,16.571,15.911,23.786,14.937
45.128,16.297,3.556,12.598,11.763
45.132,8.89,10.614,7.117,2.707
45.136,4.404,4.093,9.555,-0.071
45.14,5.112,0.678,5.284,-1.797
45.144,0.088,-1.026,4.78,-0.568
45.148,4.649,-0.419,6.388,0.277
45.152,-1.037,-4.461,0.634,-4.219
45.156,-1.544,-4.095,7.003,-1.792
45.16,1.5,-5.388,5.5,-2.62
45.164,-7.379,-16.882,4.039,-8.912
45.168,-2.666,-9.627,-4.011,-6.734
45.172,-12.035,-12.492,-5.626,-9.999
45.176,-9.739,-16.286,-12.019,-15.037
45.18,-12.632,-18.064,-11.028,-22.933
45.184,-13.988,-14.023,-15.934,-18.11
45.188,-10.549,-16.215,-16.311,-18.556
45.192,-6.773,-11.094,-13.576,-11.033
45.196,-1.75,-6.196,-1.84,-6.15
45.2,12.236,-2.192,5.883,0.936
45.204,15.443,12.625,16.099,6.738
45.208,22.814,16.187,15.486,16.849
45.212,27.731,16.642,17.283,14.822
45.216,27.814,24.342,21.055,16.112
45.22,30.617,23.936,17.759,27.194
45.224,21.398,21.143,14.294,10.145
45.228,16.083,18.427,12.809,8.215
45.232,9.092,8.928,9.832,9.819
45.236,5.82,12.319,3.872,-1.182
45.24,1.114,7.011,0.532,3.418
45.244,3.351,6.616,1.784,3.726
45.248,-2.42,-0.953,-1.053,3.929
45.252,-0.096,0.07,4.721,0.31
45.256,0.359,-9.003,9.675,-3.564
45.26,-2.857,-8.721,-2.081,-3.952
45.264,-9.277,-13.969,0.995,0.096
45.268,-8.944,-13.342,-2.924,-13.006
45.272,-16.36,-21.844,-9.805,-9.319
45.276,-29.518,-23.656,-12.322,-20.797
45.28,-27.378,-24.767,-18.788,-19.254
45.284,-21.606,-26.3,-19.486,-21.772
45.288,-20.059,-26.875,-20.076,-19.582
45.292,-18.92,-13.392,-16.031,-9.956
45.296,-11.911,-11.415,-8.42,-9.201
45.3,-9.078,0.906,-1.675,3.128
45.304,0.09,0.634,1.317,5.425
45.308,11.092,9.428,12.131,14.767
45.312,13.136,15.834,13.774,17.871
45.316,13.979,22.9,14.005,15.785
45.32,12.628,23.643,17.069,14.917
45.324,14.11,15.831,7.767,15.185
45.328,10.204,12.083,5.055,10.608
45.332,4.869,10.884,-2.051,9.438
45.336,-0.112,11.33,-3.86,-1.866
45.34,-3.391,5.641,2.22,-1.278
45.344,-0.935,4.511,-7.974,1.337
45.348,-6.03,6.083,-5.665,-0.857
45.352,-4.779,4.758,-0.12,-4.255
45.356,-6.24,3.722,-2.488,1.035
45.36,0.963,0.75,-4.893,1.338
45.364,-7.153,0.135,-8.789,-6.693
45.368,-7.315,-11.139,-8.395,-4.508
45.372,-13.188,-4.603,-15.99,-13.578
45.376,-8.283,-11.588,-13.052,-17.042
45.38,-18.703,-17.433,-23.85,-20.566
45.384,-26.686,-13.888,-19.259,-16.861
45.388,-16.13,-16.222,-20.325,-18.742
45.392,-16.822,-9.445,-16.213,-11.662
45.396,-10.203,-2.973,-12.898,-9.041
45.4,-4.422,4.938,-6.134,1.078
45.404,5.338,8.019,2.145,4.322
45.408,11.236,18.009,12.494,16.984
45.412,12.547,18.084,15.127,17.332
45.416,14.129,23.282,9.412,23.651
45.42,14.549,20.326,9.925,18.811
45.424,3.771,12.203,10.089,16.26
45.428,1.876,11.457,7.699,18.649
45.432,6.461,11.714,0.976,9.644
45.436,-1.583,4.008,-3.352,4.283
45.44,-6.871,5.052,-6.809,-2.449
45.444,-11.708,-4.825,-1.551,-2.22
45.448,-7.018,-0.948,-3.238,2.247
45.452,-3.658,-4.694,2.701,-0.888
45.456,1.262,-6.97,-5.471,-0.667
45.46,-1.933,-12.02,0.099,-4.455
45.464,-12.455,-10.862,-2.3,-2.484
45.468,-14.59,-18.12,-4.85,-7.096
45.472,-21.408,-20.714,-9.265,-9.651
45.476,-23.128,-22.334,-17.583,-12.259
45.48,-23.588,-24.716,-19.797,-17.622
45.484,-24.273,-20.175,-19.86,-23.422
45.488,-14.588,-28.228,-21.784,-22.788
45.492,-19.617,-15.799,-11.341,-11.789
45.496,-8.572,-9.249,-15.271,-7.224
45.5,-6.19,-0.026,-3.487,5.254
45.504,9.429,6.528,2.814,7.659
45.508,11.646,18.335,17.735,8.799
45.512,24.06,19.685,19.422,14.455
45.516,22.298,23.657,18.761,17.653
45.52,18.744,26.296,19.544,24.192
45.524,14.295,22.068,16.854,19.48
45.528,14.057,14.998,8.026,10.181
45.532,13.821,13.813,7.829,6.827
45.536,11.059,11.119,8.11,-0.388
45.54,6.114,3.546,6.669,-2.983
45.544,9.433,4.094,4.131,3.402
45.548,3.206,4.346,3.115,2.713
45.552,-1.932,9.073,6.31,-0.719
45.556,7.468,2.298,6.407,5.484
45.56,9.167,-0.938,0.485,0.095
45.564,6.464,0.153,-0.897,-3.064
45.568,-5.351,-7.406,0.241,-6.756
45.572,-7.834,-11.481,-8.095,-14.975
45.576,-8.628,-18.895,-13.57,-13.14
45.58,-16.126,-24.176,-9.922,-16.112
45.584,-15.337,-20.304,-14.822,-19.182
45.588,-16.633,-13.943,-13.75,-21.607
45.592,-13.957,-10.82,-12.966,-10.713
45.596,-7.44,-7.424,-4.271,-12.985
45.6,5.271,-4.411,3.725,-2.322
45.604,9.642,0.097,9.708,9.325
45.608,19.477,8.402,15.174,12.756
45.612,21.218,15.833,28.201,15.283
45.616,25.919,15.804,28.557,24.056
45.62,22.483,19.958,22.687,22.368
45.624,19.254,10.302,15.593,19.172
45.628,12.45,10.964,9.842,12.786
45.632,17.555,5.194,9.061,7.513
45.636,5.329,6.895,-0.05,8.913
45.64,-3.178,2.744,3.119,5.514
45.644,2.691,-3.265,-2.26,-0.207
45.648,-0.852,0.639,4.013,8.024
45.652,5.775,-7.633,5.801,-0.266
45.656,5.192,-9.17,5.119,1.111
45.66,1.747,-8.144,11.474,2.963
45.664,-2.353,-13.933,2.035,-2.585
45.668,-2.48,-11.492,4.044,-8.201
45.672,-8.761,-14.769,-4.98,-10.644
45.676,-8.223,-18.605,-4.53,-15.989
45.68,-11.521,-17.337,-19.426,-25.36
45.684,-4.976,-20.727,-18.921,-16.893
45.688,-13.193,-19.721,-15.372,-20.12
45.692,-8.296,-13.202,-5.794,-17.433
45.696,-1.335,-7.645,-5.175,-3.97
45.7,6.41,1.969,0.898,1.135
45.704,17.344,13.294,12.149,9.623
45.708,19.67,12.806,19.17,13.602
45.712,30.429,21.652,18.021,18.925
45.716,27.556,27.696,19.367,19.001
45.72,22.971,27.715,24.937,16.384
45.724,18.676,20.043,19.927,18.029
45.728,19.227,24.915,15.935,12.503
45.732,11.126,10.712,9.378,12.573
45.736,6.616,8.912,0.072,-3.008
45.74,1.512,2.455,0.094,4.745
45.744,1.135,4.441,-3.862,-1.118
45.748,-1.599,9.369,2.557,-1.558
45.752,3.768,4.566,-1.26,1.863
45.756,0.832,-0.603,-4.457,-2.71
45.76,-3.832,-7.788,0.149,-2.557
45.764,-7.157,-10.101,0.743,-1.916
45.768,-10.764,-10.518,-10.687,-9.014
45.772,-16.121,-16.027,-11.761,-13.906
45.776,-23.771,-21.84,-17.845,-18.097
45.78,-30.13,-24.074,-16.879,-17.916
45.784,-28.203,-21.656,-27.574,-23.517
45.788,-24.898,-18.761,-16.917,-15.985
45.792,-22.712,-22.577,-18.567,-7.634
45.796,-11.805,-10.825,-10.809,-7.574
45.8,-7.431,-2.07,-0.363,1.306
45.804,6.491,2.388,8.895,8.379
45.808,5.701,14.647,10.758,11.18
45.812,12.28,14.962,12.336,19.202
45.816,12.918,22.477,14.079,20.571
45.82,14.508,17.849,17.657,24.284
45.824,13.784,18.166,7.916,16.717
45.828,8.662,15.238,6.855,15.515
45.832,-3.173,16.143,1.169,8.696
45.836,1.189,10.207,-0.376,2.172
45.84,-5.354,4.115,-4.856,-2.347
45.844,-3.944,2.994,-6.981,0.97
45.848,-0.656,1.937,-6.724,2.171
45.852,-5.454,1.979,-5.865,-0.158
45.856,1.581,-2.062,-7.942,-1.945
45.86,-3.803,-1.36,-2.959,3.012
45.864,1.522,0.183,-6.08,-5.024
45.868,-8.321,-3.523,-14.814,-10.864
45.872,-7.695,-16.045,-16.235,-11.984
45.876,-13.382,-19.939,-20.402,-15.74
45.88,-21.862,-18.731,-24.758,-21.174
45.884,-25.005,-22.554,-24.689,-20.178
45.888,-19.316,-18.97,-23.278,-23.338
45.892,-17.409,-9.815,-16.137,-12.709
45.896,-4.862,-4.863,-12.438,-10.734
45.9,-3.145,-2.812,-2.974,-1.146
45.904,3.85,12.908,-1.248,5.554
45.908,6.501,14.093,6.173,18.186
45.912,15.741,17.854,9.433,17.342
45.916,12.13,24.139,13.823,17.373
45.92,15.572,21.612,13.957,25.239
45.924,12.54,17.548,15.498,21.357
45.928,3.951,12.184,3.601,14.298
45.932,4.321,10.879,4.211,9.094
45.936,-3.391,3.62,-4.341,1.103
45.94,-9.71,0.726,-3.785,4.47
45.944,-1.984,-4.714,-4.746,1.14
45.948,-9.62,0.392,-6.308,-2.02
45.952,-5.092,0.107,-4.877,0.532
45.956,-5.379,-5.594,3.221,-1.438
45.96,-6.442,-9.944,-3.574,-5.775
45.964,-8.678,-8.685,-0.947,0.397
45.968,-16.013,-13.327,-5.355,-12.849
45.972,-11.919,-20.137,-13.578,-5.319
45.976,-17.735,-18.458,-16.072,-16.615
45.98,-21.525,-24.892,-18.893,-17.612
45.984,-27.17,-27.116,-18.899,-18.301
45.988,-23.687,-20.655,-19.99,-21.221
45.992,-13.699,-12.01,-18.956,-14.612
45.996,-14.448,-7.852,-9.949,-7.889
46.0,1.016,-3.518,3.497,-1.811
46.004,4.443,6.951,7.754,10.696
46.008,13.067,18.852,13.173,10.352
46.012,16.519,21.279,14.35,18.849
46.016,23.909,23.201,24.071,14.773
46.02,26.299,23.228,18.633,19.686
46.024,21.647,25.151,19.324,16.482
46.028,18.367,21.85,13.792,17.512
46.032,13.606,10.889,9.777,5.564
46.036,11.842,14.311,8.922,3.191
46.04,9.01,10.035,2.337,0.489
46.044,-1.489,11.009,1.171,5.09
46.048,9.332,4.344,7.032,-1.837
46.052,9.253,6.442,6.038,0.785
46.056,5.533,2.592,2.175,-0.926
46.06,-0.626,-4.753,6.987,-1.663
46.064,3.294,-1.857,6.389,-3.666
46.068,-0.471,-6.742,-8.563,-4.114
46.072,-7.522,-15.617,-9.823,-7.428
46.076,-10.239,-16.806,-12.925,-20.137
46.08,-11.03,-14.056,-11.621,-16.624
46.084,-8.461,-22.538,-12.643,-16.139
46.088,-14.043,-17.231,-11.996,-17.232
46.092,-9.687,-18.644,-6.728,-10.429
46.096,-7.222,-11.109,-6.25,-11.331
46.1,0.9,0.081,1.137,1.524
46.104,9.193,5.519,16.183,11.33
46.108,19.194,10.265,19.131,12.091
46.112,22.114,20.288,26.583,14.388
46.116,26.888,14.451,22.233,23.329
46.12,15.558,16.514,19.834,17.7
46.124,13.004,16.245,15.763,14.238
46.128,16.118,8.736,17.421,6.148
46.132,12.874,9.022,13.811,5.868
46.136,5.09,7.146,8.335,1.604
46.14,-10.654,0.772,3.027,-4.2
46.144,-0.344,-2.828,5.715,-1.71
46.148,3.101,-2.861,6.125,3.446
46.152,0.026,-10.8,-0.864,1.136
46.156,3.57,-0.792,4.628,-4.957
46.16,8.017,-4.694,5.797,-0.038
46.164,4.589,-8.513,5.978,-1.519
46.168,-0.493,-16.155,-1.402,-7.096
46.172,-7.031,-11.199,-5.421,-11.895
46.176,-12.071,-18.701,-10.771,-18.352
46.18,-10.915,-17.258,-13.363,-17.713
46.184,-13.708,-18.591,-19.78,-18.148
46.188,-11.679,-20.673,-16.327,-17.411
46.192,-12.039,-7.004,-17.298,-8.745
46.196,-3.014,-0.749,-5.784,-8.201
46.2,8.999,6.096,4.426,-3.91
46.204,10.96,12.451,7.953,12.607
46.208,21.296,14.483,15.697,8.312
46.212,25.75,25.278,21.494,17.056
46.216,27.222,31.438,29.6,17.141
46.22,26.109,24.849,19.608,18.662
46.224,22.783,22.496,18.339,15.564
46.228,14.233,14.97,10.826,8.92
46.232,6.637,7.655,7.624,10.611
46.236,3.968,8.52,2.548,3.295
46.24,5.497,10.411,-1.074,4.865
46.244,-2.283,7.173,-1.285,-3.462
46.248,-2.804,0.769,3.371,-3.349
46.252,-3.456,0.325,1.238,-3.21
46.256,-6.857,-6.797,-2.913,1.511
46.26,-6.749,-5.632,-1.465,4.034
46.264,-3.588,-11.17,-5.309,-4.611
46.268,-13.191,-13.702,-3.774,-14.349
46.272,-21.351,-19.099,-13.664,-10.366
46.276,-22.435,-22.967,-13.596,-13.979
46.28,-22.896,-21.511,-16.923,-22.07
46.284,-31.302,-18.931,-21.0,-18.207
46.288,-21.652,-23.179,-18.689,-15.82
46.292,-24.822,-13.819,-17.956,-20.129
46.296,-15.45,-15.231,-7.781,-4.236
46.3,-7.968,-4.081,-6.658,3.536
46.304,-0.814,0.096,3.07,6.66
46.308,7.191,9.873,9.681,15.916
46.312,14.194,17.975,17.47,24.182
46.316,13.662,21.913,20.789,17.931
46.32,11.372,16.618,12.794,22.45
46.324,11.959,18.762,10.278,16.709
46.328,7.459,18.216,2.325,8.37
46.332,0.911,14.418,0.898,1.946
46.336,-0.184,8.761,0.651,5.865
46.34,-4.578,3.721,-10.346,-2.71
46.344,-5.612,1.744,-5.624,2.949
46.348,-0.306,0.237,-3.057,-6.663
46.352,-0.754,1.829,-4.125,0.557
46.356,0.424,-1.698,-4.372,-1.007
46.36,-0.837,0.918,-1.848,3.822
46.364,-7.652,-3.237,-9.136,-3.022
46.368,-5.524,-6.945,-12.754,-5.57
46.372,-13.704,-16.872,-20.557,-13.082
46.376,-14.188,-14.686,-18.6,-16.509
46.38,-20.404,-18.329,-22.338,-15.811
46.384,-20.16,-10.718,-26.049,-19.855
46.388,-18.627,-19.02,-25.638,-21.009
46.392,-13.221,-11.485,-18.962,-10.56
46.396,-14.504,-3.6,-12.135,-2.527
46.4,-7.133,-0.567,-8.348,4.508
46.404,6.766,15.183,-2.913,11.455
46.408,11.758,21.205,4.181,13.133
46.412,12.156,16.834,9.194,15.308
46.416,16.746,19.314,11.393,16.344
46.42,10.021,26.82,13.538,15.046
46.424,20.592,21.861,10.749,15.693
46.428,10.135,12.56,5.586,17.103
46.432,3.318,10.464,2.74,2.446
46.436,-2.339,0.758,-0.641,3.75
46.44,-7.153,8.002,-2.867,0.248
46.444,-10.55,-0.966,-4.022,-3.481
46.448,-7.191,-1.279,-6.705,-0.87
46.452,-9.193,-7.356,-6.345,3.979
46.456,-9.06,-9.638,-3.258,0.637
46.46,-11.859,-7.132,1.432,0.673
46.464,-9.045,-5.743,3.089,-0.492
46.468,-14.233,-16.714,-5.72,-6.248
46.472,-15.388,-21.743,-10.671,-12.894
46.476,-19.232,-20.996,-12.861,-15.672
46.48,-22.261,-18.707,-14.716,-22.188
46.484,-15.193,-25.174,-23.126,-19.732
46.488,-18.281,-21.207,-10.066,-17.887
46.492,-19.453,-12.752,-9.672,-10.029
46.496,-7.06,-5.327,-11.947,-8.557
46.5,-0.162,-0.853,-2.995,-0.973
46.504,4.412,11.45,16.299,3.037
46.508,11.406,16.85,17.546,15.926
46.512,22.112,20.506,16.984,13.845
46.516,25.264,25.965,20.597,18.41
46.52,19.811,25.913,21.518,16.837
46.524,23.514,18.771,18.728,18.645
46.528,17.848,23.256,15.849,13.253
46.532,16.69,16.129,8.118,9.532
46.536,13.063,15.619,4.785,6.536
46.54,7.134,8.641,0.883,-0.71
46.544,11.563,6.973,-1.215,-2.558
46.548,3.241,5.748,-0.585,-5.161
46.552,14.02,4.676,3.105,0.492
46.556,3.984,5.77,5.322,-2.393
46.56,5.152,-0.012,-0.509,0.145
46.564,0.865,-5.003,7.983,-0.218
46.568,-2.582,-6.141,-3.75,-4.618
46.572,2.57,-12.376,-8.662,-11.427
46.576,-12.188,-8.808,-10.579,-15.739
46.58,-11.692,-19.505,-20.9,-18.996
46.584,-16.359,-17.376,-13.925,-13.529
46.588,-11.674,-16.763,-16.526,-20.0
46.592,-12.321,-21.509,-15.124,-13.743
46.596,-3.983,-11.608,-2.495,-8.127
46.6,4.29,-3.669,5.182,-2.349
46.604,7.435,0.25,18.259,6.445
46.608,23.934,9.683,19.359,14.065
46.612,21.7,11.066,23.474,14.698
46.616,20.422,13.889,24.453,24.849
46.62,17.937,17.676,15.267,21.147
46.624,17.251,20.528,19.806,19.249
46.628,9.163,7.264,14.872,11.305
46.632,13.874,3.848,9.981,6.469
46.636,6.285,2.323,4.209,3.058
46.64,2.478,0.675,6.172,-0.881
46.644,5.025,-5.398,0.874,3.945
46.648,-0.07,-4.021,6.412,4.081
46.652,-0.744,-5.139,6.376,1.759
46.656,2.624,-2.856,9.887,5.049
46.66,2.704,-4.211,3.566,5.981
46.664,1.902,-8.442,6.665,1.841
46.668,-7.349,-12.288,-0.51,-8.816
46.672,-8.206,-16.655,-6.094,-19.046
46.676,-19.837,-17.233,-13.128,-13.745
46.68,-16.736,-21.882,-12.972,-17.688
46.684,-11.638,-13.915,-17.102,-19.577
46.688,-8.975,-20.322,-14.594,-18.948
46.692,-10.812,-12.779,-8.271,-9.929
46.696,-1.844,-1.38,-4.55,-12.224
46.7,6.82,2.608,3.891,4.596
46.704,17.497,13.522,14.87,12.786
46.708,25.086,23.227,18.14,14.431
46.712,24.971,25.17,18.284,19.105
46.716,25.028,21.217,20.216,16.346
46.72,20.097,21.037,20.275,21.982
46.724,21.224,21.527,22.546,19.787
46.728,22.329,19.604,7.382,14.082
46.732,14.911,17.485,7.126,3.69
46.736,7.114,7.242,6.726,-1.129
46.74,4.218,4.511,2.036,0.487
46.744,-0.746,2.39,-1.074,0.283
46.748,-0.754,0.154,-5.53,2.936
46.752,0.125,3.521,4.905,-0.612
46.756,-0.867,-3.454,-0.742,3.142
46.76,-0.275,-5.507,-3.051,2.179
46.764,-3.703,-6.863,-1.88,-2.279
46.768,-9.479,-9.093,-2.275,-4.801
46.772,-19.102,-18.381,-10.172,-13.038
46.776,-23.784,-18.311,-17.275,-19.398
46.78,-27.092,-19.017,-19.108,-20.675
46.784,-25.103,-25.154,-21.077,-22.402
46.788,-30.591,-24.362,-21.726,-14.621
46.792,-20.518,-11.514,-16.25,-11.393
46.796,-10.037,-8.143,-12.802,-13.676
46.8,-4.743,-3.767,-5.906,0.536
46.804,-0.182,5.934,6.116,2.227
46.808,5.291,7.675,9.42,10.729
46.812,14.275,19.156,14.434,20.748
46.816,14.702,13.157,13.358,14.731
46.82,12.449,22.166,12.458,14.876
46.824,8.82,15.223,9.118,12.901
46.828,7.067,9.565,4.107,7.034
46.832,2.011,5.151,-0.083,3.148
46.836,2.043,6.556,-2.061,3.531
46.84,1.402,7.621,-0.789,-3.846
46.844,-7.116,-0.359,-3.397,-0.702
46.848,-6.401,-0.942,-6.215,-0.082
46.852,1.949,0.441,-6.194,2.365
46.856,-1.389,3.195,-9.141,2.742
46.86,-6.137,1.682,-6.497,-5.337
46.864,-2.041,-3.502,-10.005,-7.671
46.868,-7.502,-4.544,-10.252,-11.547
46.872,-6.202,-9.288,-10.012,-9.417
46.876,-17.681,-16.02,-20.761,-14.936
46.88,-16.703,-14.223,-27.36,-20.028
46.884,-25.446,-21.069,-24.917,-23.48
46.888,-15.469,-13.721,-24.28,-17.787
46.892,-12.829,-14.367,-15.037,-9.874
46.896,-4.788,-4.321,-18.078,-3.673
46.9,0.928,6.007,-7.73,-4.42
46.904,4.454,10.038,5.208,10.798
46.908,7.175,15.321,4.649,9.522
46.912,12.677,20.087,15.276,17.046
46.916,10.37,23.079,13.014,18.343
46.92,11.482,26.782,16.869,19.767
46.924,12.077,19.632,10.348,12.966
46.928,6.057,12.16,5.611,12.098
46.932,0.781,8.544,3.46,4.166
46.936,-4.946,2.215,-1.787,4.215
46.94,-10.614,-2.306,-7.565,-2.744
46.944,-6.074,-8.482,-5.852,-1.148
46.948,-5.712,-4.421,-8.418,-0.098
46.952,-9.588,-8.764,-4.933,-0.641
46.956,-8.256,-5.939,-7.988,2.489
46.96,-2.983,-10.014,5.04,-7.985
46.964,-6.316,-14.748,-4.022,-3.176
46.968,-17.556,-21.403,-5.792,-9.899
46.972,-17.247,-19.854,-14.25,-10.017
46.976,-16.239,-27.169,-14.485,-15.881
46.98,-23.599,-21.501,-16.934,-15.704
46.984,-23.978,-22.493,-17.551,-20.602
46.988,-17.474,-21.138,-19.023,-14.55
46.992,-12.71,-10.911,-11.389,-13.511
46.996,-5.631,-8.131,-9.671,-11.464
47.0,-0.786,1.158,1.122,-2.44
47.004,10.425,10.223,7.993,5.825
47.008,20.155,13.713,10.91,14.325
47.012,20.602,18.924,13.286,20.952
47.016,21.961,23.382,19.463,21.736
47.02,26.64,19.579,18.369,20.962
47.024,26.74,27.268,15.253,13.734
47.028,23.338,19.288,14.895,14.436
47.032,11.979,14.49,11.52,7.72
47.036,8.972,17.748,5.915,6.083
47.04,4.522,5.181,3.736,-3.224
47.044,7.01,10.838,1.332,1.403
47.048,3.391,6.991,2.87,-1.942
47.052,5.27,6.387,4.825,-3.686
47.056,8.723,0.658,4.71,1.894
47.06,6.466,-1.244,5.635,-2.495
47.064,-2.866,-5.948,1.981,-2.108
47.068,3.259,-6.181,-3.149,-10.343
47.072,-9.461,-12.492,-5.306,-5.694
47.076,-13.682,-19.35,-11.203,-16.33
47.08,-17.962,-21.917,-9.433,-20.376
47.084,-17.637,-21.134,-16.292,-16.934
47.088,-17.174,-20.406,-4.976,-18.51
47.092,-13.306,-11.034,-4.439,-4.484
47.096,-12.144,-6.973,-6.323,-4.089
47.1,2.794,0.067,8.51,-1.42
47.104,10.297,5.451,12.047,7.807
47.108,22.394,8.389,20.517,14.18
47.112,21.116,17.268,27.688,15.087
47.116,19.61,10.922,22.004,23.754
47.12,16.427,17.474,21.612,17.679
47.124,16.687,12.333,21.836,15.231
47.128,14.157,8.683,13.918,12.445
47.132,7.017,6.104,3.741,4.661
47.136,5.174,3.67,9.601,4.333
47.14,8.435,1.046,5.585,-0.3
47.144,0.734,1.599,3.734,-1.384
47.148,-3.565,-2.445,4.672,-0.596
47.152,5.344,-3.07,11.926,-2.095
47.156,3.957,-7.997,8.718,-4.74
47.16,-2.806,-9.284,2.375,-0.687
47.164,1.594,-7.123,3.023,-10.568
47.168,-5.913,-9.263,2.411,-14.169
47.172,-5.514,-15.308,-2.374,-11.655
47.176,-4.865,-14.589,-15.076,-16.519
47.18,-13.719,-23.178,-15.663,-18.19
47.184,-10.534,-17.361,-19.075,-17.91
47.188,-15.543,-18.383,-12.592,-24.184
47.192,-11.944,-13.602,-13.325,-15.825
47.196,5.182,-6.279,0.206,-8.927
47.2,7.667,3.562,6.825,0.937
47.204,16.173,12.823,9.588,8.269
47.208,23.955,19.164,12.657,12.766
47.212,22.929,21.8,17.955,18.385
47.216,28.285,26.72,22.786,19.079
47.22,26.449,29.56,22.409,16.23
47.224,17.016,21.731,16.066,16.135
47.228,20.643,18.56,3.682,5.357
47.232,14.961,12.031,8.596,8.144
47.236,2.738,8.421,-3.428,7.936
47.24,3.908,9.711,-6.165,0.168
47.244,0.626,6.918,2.317,6.232
47.248,4.572,0.362,-3.929,1.7
47.252,-4.549,0.505,1.123,4.485
47.256,9.488,-0.381,0.954,1.112
47.26,-3.831,-7.305,-2.608,0.446
47.264,-4.374,-13.515,-2.015,-3.27
47.268,-6.878,-11.798,-8.207,-12.112
47.272,-16.692,-15.586,-11.243,-17.685
47.276,-21.245,-19.841,-17.34,-16.697
47.28,-25.937,-25.623,-21.357,-20.776
47.284,-28.466,-20.254,-23.412,-21.615
47.288,-23.697,-21.818,-23.017,-22.045
47.292,-20.905,-21.518,-13.894,-10.655
47.296,-15.791,-16.295,-11.687,-10.678
47.3,-8.096,-4.696,-6.334,-3.288
47.304,2.599,4.659,3.231,7.699
47.308,4.993,9.946,9.02,17.231
47.312,11.117,21.809,13.329,20.797
47.316,16.48,19.769,17.814,17.955
47.32,13.93,16.034,12.276,18.331
47.324,7.438,10.577,9.43,20.894
47.328,6.766,15.231,7.798,15.108
47.332,4.231,14.121,2.479,10.038
47.336,2.657,13.575,-4.715,4.855
47.34,-4.587,4.881,-2.06,1.509
47.344,-4.69,8.977,-2.951,6.071
47.348,-4.809,-1.312,-2.694,3.276
47.352,-4.031,0.892,-3.388,0.476
47.356,-0.672,-2.271,-4.325,2.124
47.36,-0.959,1.26,-7.7,-1.956
47.364,-1.838,-7.825,-10.861,-8.513
47.368,-8.801,-6.289,-10.67,-10.475
47.372,-17.027,-15.076,-14.975,-13.171
47.376,-14.967,-9.496,-20.359,-17.549
47.38,-19.552,-18.074,-23.335,-21.137
47.384,-20.92,-16.083,-20.238,-21.936
47.388,-23.507,-20.546,-18.075,-14.334
47.392,-16.249,-15.353,-22.138,-8.483
47.396,-13.182,-7.069,-11.558,-3.647
47.4,-0.958,4.903,-4.599,-6.472
47.404,3.461,11.375,4.95,10.818
47.408,9.13,18.615,14.558,16.19
47.412,9.872,14.88,20.119,18.141
47.416,18.734,22.61,17.169,18.413
47.42,13.469,18.7,13.91,18.053
47.424,11.061,15.25,9.407,18.943
47.428,3.994,12.056,13.55,12.946
47.432,-3.5,8.821,-0.639,11.067
47.436,-4.161,6.902,0.624,6.143
47.44,-6.411,4.78,-4.65,5.53
47.444,-5.742,0.378,-8.306,1.947
47.448,-7.915,-1.136,1.61,-3.521
47.452,-8.768,0.918,-7.567,-4.691
47.456,-11.166,-4.138,-8.018,1.893
47.46,-7.464,-9.127,0.126,0.593
47.464,-12.184,-9.748,-4.856,-5.551
47.468,-9.14,-9.97,-6.097,-6.666
47.472,-16.543,-21.417,-11.766,-13.153
47.476,-18.917,-23.205,-14.26,-17.453
47.48,-23.696,-19.269,-20.142,-23.268
47.484,-22.567,-24.129,-17.653,-19.769
47.488,-23.424,-18.165,-15.982,-19.803
47.492,-19.206,-11.396,-9.789,-12.846
47.496,-8.391,-11.928,-4.056,-12.844
47.5,1.711,-1.225,-0.319,1.806
47.504,2.599,11.775,9.936,6.039
47.508,14.174,14.884,15.688,10.781
47.512,26.278,14.402,20.038,16.933
47.516,24.609,21.728,16.388,15.109
47.52,27.563,26.002,21.515,18.095
47.524,18.701,25.741,17.888,16.343
47.528,15.62,18.958,17.205,12.007
47.532,16.003,16.544,10.888,8.788
47.536,11.665,10.384,4.392,1.996
47.54,7.326,11.195,1.669,3.546
47.544,2.868,10.505,-1.441,0.844
47.548,10.084,6.856,7.793,2.338
47.552,14.38,2.681,0.34,5.087
47.556,1.904,2.487,-1.317,-4.699
47.56,9.507,1.446,6.557,-2.356
47.564,1.161,-4.835,2.105,-5.988
47.568,-2.452,-6.768,-0.87,-0.994
47.572,-5.391,-12.557,-5.53,-9.997
47.576,-14.416,-13.417,-13.669,-15.112
47.58,-14.357,-18.279,-12.684,-15.38
47.584,-20.487,-22.585,-15.978,-19.866
47.588,-13.055,-15.196,-14.943,-16.852
47.592,-3.987,-13.979,-5.088,-15.349
47.596,-6.67,-9.817,-0.552,-11.678
47.6,1.898,-6.413,-2.147,2.692
47.604,9.242,5.443,13.073,4.705
47.608,18.62,16.374,22.018,16.227
47.612,20.873,6.992,19.22,21.503
47.616,23.861,9.148,21.738,13.17
47.62,18.51,19.254,26.003,22.103
47.624,18.276,15.478,18.214,16.737
47.628,2.708,13.368,9.083,8.88
47.632,10.53,5.915,14.015,2.189
47.636,1.337,-2.504,6.187,3.487
47.64,1.76,-1.38,5.598,0.673
47.644,4.122,3.908,3.656,3.322
47.648,-2.513,-3.279,7.659,0.085
47.652,5.992,-4.094,1.914,-3.154
47.656,2.641,-11.699,7.672,-4.707
47.66,6.68,-10.902,8.914,-0.769
47.664,-2.398,-4.654,-1.394,-3.687
47.668,-8.358,-11.933,-3.366,-3.447
47.672,-6.924,-11.553,-0.934,-13.265
47.676,-8.825,-19.649,-7.325,-14.717
47.68,-11.176,-23.357,-16.617,-19.366
47.684,-17.191,-19.34,-19.317,-28.011
47.688,-16.732,-17.547,-13.663,-16.104
47.692,-8.322,-13.309,-9.615,-15.259
47.696,0.679,-6.405,-4.636,-5.607
47.7,8.141,3.399,9.939,0.508
47.704,18.979,10.032,12.269,4.618
47.708,19.378,15.278,13.931,13.458
47.712,18.977,28.085,23.495,18.158
47.716,29.399,26.197,21.607,20.456
47.72,25.014,24.976,17.822,20.505
47.724,21.747,21.889,18.884,16.065
47.728,18.405,20.272,15.813,17.028
47.732,14.831,15.462,7.204,9.93
47.736,6.52,6.494,-0.299,6.687
47.74,6.837,1.369,0.532,3.683
47.744,2.976,-3.68,-3.546,0.275
47.748,-1.649,6.341,0.309,2.086
47.752,-1.017,-2.302,2.634,3.856
47.756,0.531,-1.366,-5.252,0.333
47.76,-5.434,-5.36,1.954,1.944
47.764,-3.93,-6.859,-3.754,-7.606
47.768,-10.566,-14.06,-8.243,-4.111
47.772,-14.959,-22.259,-15.368,-14.102
47.776,-16.579,-25.2,-19.402,-19.886
47.78,-23.358,-25.552,-14.558,-19.805
47.784,-25.595,-29.579,-18.885,-19.281
47.788,-24.76,-25.234,-16.438,-17.248
47.792,-20.903,-21.671,-19.024,-10.109
47.796,-13.326,-12.492,-4.933,-9.256
47.8,-2.653,-5.292,-3.139,4.932
47.804,-0.965,4.343,2.092,12.523
47.808,5.323,13.373,7.37,14.658
47.812,15.713,15.1,11.366,15.77
47.816,12.086,14.05,13.433,27.376
47.82,13.837,12.809,11.478,24.143
47.824,8.811,17.875,13.281,16.544
47.828,1.799,12.53,13.672,7.703
47.832,3.514,10.683,0.406,9.27
47.836,3.035,8.973,-3.337,1.93
47.84,-2.507,9.818,-10.532,3.83
47.844,-7.459,-1.432,-8.456,0.734
47.848,-2.397,-0.272,-10.074,-4.898
47.852,-4.363,1.668,-1.856,-3.43
47.856,-9.745,-2.649,1.996,-2.332
47.86,-2.985,-5.583,-7.72,3.714
47.864,-3.438,0.007,-7.319,-5.649
47.868,-4.994,-10.638,-11.161,-14.23
47.872,-7.541,-15.278,-12.968,-12.394
47.876,-15.023,-18.214,-19.26,-16.757
47.88,-17.228,-13.694,-16.659,-14.199
47.884,-24.953,-19.303,-26.576,-15.36
47.888,-14.791,-19.337,-20.259,-22.179
47.892,-11.859,-13.389,-20.606,-12.801
47.896,-10.702,-4.894,-17.229,-5.209
47.9,-0.359,5.026,-0.475,-0.363
47.904,6.494,11.821,8.545,8.113
47.908,15.099,13.026,10.588,17.298
47.912,14.03,17.816,11.664,19.131
47.916,13.414,27.398,11.594,21.915
47.92,12.775,23.367,15.472,23.189
47.924,13.49,16.919,4.114,14.633
47.928,0.441,6.782,8.705,14.178
47.932,-7.54,7.794,0.41,6.075
47.936,0.117,0.939,-3.162,6.92
47.94,-4.472,-1.177,-7.076,-0.656
47.944,-6.565,-4.081,-8.601,1.349
47.948,-10.766,-3.73,-3.711,-0.793
47.952,-11.743,-4.342,-1.753,1.871
47.956,-8.559,-8.424,-1.847,-2.58
47.96,-6.524,-12.319,1.31,-2.041
47.964,-11.551,-12.028,-3.764,-3.857
47.968,-10.402,-16.588,-5.245,-10.632
47.972,-19.855,-24.499,-16.151,-13.612
47.976,-22.161,-20.089,-17.387,-20.892
47.98,-20.84,-25.806,-14.805,-17.837
47.984,-24.302,-24.066,-17.444,-17.521
47.988,-21.734,-21.117,-17.774,-22.427
47.992,-17.601,-15.31,-15.571,-17.494
47.996,-10.923,-7.722,-10.657,-10.461
48.0,1.063,-3.914,-1.589,-3.82
48.004,9.888,9.098,9.76,8.782
48.008,16.352,14.231,8.487,11.905
48.012,18.903,23.711,24.16,19.003
48.016,22.567,25.703,24.076,17.661
48.02,27.738,27.587,22.903,17.947
48.024,16.34,19.097,17.905,19.089
48.028,22.651,22.666,12.068,8.323
48.032,13.402,15.375,8.525,5.723
48.036,9.254,13.562,2.845,4.952
48.04,10.469,10.509,8.328,0.253
48.044,0.454,7.607,1.156,0.611
48.048,10.754,1.286,0.913,-0.104
48.052,12.423,5.901,2.74,-4.411
48.056,9.884,2.24,2.12,4.152
48.06,-1.01,-5.831,6.284,-1.506
48.064,4.859,-6.37,0.287,1.085
48.068,3.487,-12.809,-2.041,-6.394
48.072,-1.572,-17.946,-2.081,-7.839
48.076,-15.024,-15.115,-7.282,-12.906
48.08,-11.196,-24.818,-16.862,-15.281
48.084,-10.266,-25.053,-11.468,-20.572
48.088,-14.395,-13.475,-17.804,-12.891
48.092,-15.047,-16.703,-13.861,-15.397
48.096,-2.265,-7.425,-3.905,-6.496
48.1,5.566,1.023,5.634,2.589
48.104,9.183,7.072,11.75,17.101
48.108,12.089,11.318,20.137,17.263
48.112,22.602,15.068,21.827,16.674
48.116,18.793,18.83,18.151,20.712
48.12,21.221,16.278,22.43,14.929
48.124,21.65,16.854,15.014,20.383
48.128,7.835,10.574,15.027,2.409
48.132,11.251,7.057,6.657,6.891
48.136,4.371,9.567,8.262,10.286
48.14,2.2,-0.325,8.541,3.488
48.144,3.43,-0.714,-1.383,1.515
48.148,-0.219,-0.632,-1.83,-3.685
48.152,-0.801,-1.281,4.31,4.102
48.156,-2.338,-2.932,9.068,-2.789
48.16,6.016,-9.239,5.426,-3.927
48.164,-0.804,-7.498,1.374,0.288
48.168,-1.21,-10.426,-4.374,-10.251
48.172,-8.293,-11.106,-3.698,-16.18
48.176,-14.072,-15.17,-5.956,-18.865
48.18,-11.232,-15.336,-19.767,-18.401
48.184,-12.8,-21.567,-14.792,-21.411
48.188,-12.569,-18.816,-6.876,-12.802
48.192,-6.48,-9.826,-12.421,-13.878
48.196,-3.752,-0.586,-5.031,-11.305
48.2,9.925,3.203,2.835,-5.604
48.204,18.14,9.286,9.103,10.286
48.208,22.777,13.271,19.743,14.882
48.212,23.396,23.76,25.727,20.078
48.216,25.988,24.484,16.319,18.623
48.22,29.135,23.198,17.049,19.431
48.224,24.744,24.805,19.92,19.545
48.228,22.086,18.015,13.187,11.806
48.232,8.699,13.869,7.866,3.966
48.236,3.978,12.297,4.723,5.868
48.24,3.711,12.538,0.481,0.161
48.244,2.54,1.809,0.766,2.944
48.248,-0.109,-1.663,-1.347,-0.033
48.252,-1.486,-3.933,-0.313,2.695
48.256,2.483,-1.712,0.392,1.476
48.26,-3.58,-9.237,-1.415,2.686
48.264,-10.235,-10.717,-1.226,-0.813
48.268,-14.339,-14.722,-5.663,-11.323
48.272,-15.363,-13.606,-16.985,-17.41
48.276,-11.892,-18.51,-16.791,-16.204
48.28,-27.356,-29.11,-19.79,-17.163
48.284,-26.754,-20.068,-16.842,-22.08
48.288,-17.298,-26.32,-21.182,-16.915
48.292,-21.952,-17.594,-16.163,-12.77
48.296,-12.897,-14.01,-10.559,-7.803
48.3,-1.115,-4.969,1.028,-1.904
48.304,-1.984,1.043,0.874,4.526
48.308,6.458,15.836,8.249,21.418
48.312,10.405,15.408,11.955,11.89
48.316,9.231,19.234,15.715,16.187
48.32,17.897,15.737,9.678,26.77
48.324,8.83,13.143,14.964,12.874
48.328,4.209,13.194,7.115,10.101
48.332,1.586,12.719,2.903,9.449
48.336,2.476,7.62,3.653,5.143
48.34,-1.982,8.412,-5.99,2.538
48.344,-5.389,4.183,-3.112,4.532
48.348,-1.496,2.784,-3.465,-2.984
48.352,0.343,3.529,0.322,0.634
48.356,-1.958,1.073,-1.73,-0.207
48.36,-3.447,1.716,-6.005,-3.845
48.364,-1.943,-2.256,-5.438,-3.388
48.368,-9.065,-4.761,-12.356,-5.727
48.372,-7.987,-9.201,-16.419,-10.035
48.376,-19.248,-10.689,-19.617,-12.765
48.38,-22.372,-14.465,-23.559,-19.088
48.384,-23.811,-11.974,-27.011,-22.926
48.388,-20.373,-16.804,-29.766,-22.405
48.392,-15.653,-8.365,-17.931,-15.365
48.396,-13.578,-8.891,-11.321,-11.642
48.4,-2.114,5.192,-3.664,-2.132
48.404,6.447,9.567,8.643,4.039
48.408,6.292,18.169,4.749,12.016
48.412,12.92,24.448,18.214,23.603
48.416,17.356,23.493,22.486,19.534
48.42,10.977,19.141,19.081,23.685
48.424,9.852,14.411,9.447,17.226
48.428,9.465,15.276,7.449,9.922
48.432,6.837,8.312,-0.65,7.038
48.436,-1.246,6.909,-3.872,-1.253
48.44,-5.804,-0.109,1.313,0.215
48.444,-8.124,-3.973,-2.192,-3.887
48.448,-4.117,-3.761,-1.256,1.686
48.452,-3.213,-3.048,-5.709,-1.195
48.456,-10.125,-5.863,-5.991,-0.956
48.46,-4.878,-10.925,1.19,-2.462
48.464,-11.615,-6.09,-2.678,-1.004
48.468,-15.681,-15.509,-8.287,-10.078
48.472,-17.454,-25.591,-6.535,-14.657
48.476,-17.629,-19.115,-14.282,-14.945
48.48,-22.022,-23.652,-21.805,-15.709
48.484,-22.324,-23.769,-26.174,-18.91
48.488,-19.695,-21.029,-16.98,-11.692
48.492,-14.268,-15.818,-15.844,-16.784
48.496,-8.779,-3.154,-8.264,-14.084
48.5,1.896,1.394,-0.665,1.462
48.504,6.457,8.942,12.141,7.125
48.508,17.624,14.475,16.964,15.396
48.512,23.323,25.643,18.486,20.822
48.516,25.269,25.787,19.99,15.327
48.52,25.203,26.586,20.119,18.108
48.524,21.998,22.746,20.016,17.731
48.528,20.514,21.806,11.993,12.556
48.532,6.288,16.272,5.668,6.88
48.536,12.355,10.378,0.329,5.914
48.54,13.536,9.594,1.718,4.198
48.544,4.79,12.521,-2.023,-6.108
48.548,4.412,5.162,3.364,4.618
48.552,10.708,6.846,4.895,-3.559
48.556,3.84,4.759,7.862,1.741
48.56,3.296,0.277,3.229,-2.2
48.564,3.076,0.052,4.941,0.065
48.568,-3.848,-15.689,3.171,-5.245
48.572,-3.575,-19.177,-5.869,-10.021
48.576,-13.172,-12.491,-3.789,-15.307
48.58,-13.163,-22.322,-9.479,-20.58
48.584,-14.8,-20.754,-16.448,-22.874
48.588,-9.492,-14.158,-4.722,-22.402
48.592,-7.193,-14.76,-9.561,-15.858
48.596,-6.34,-4.329,1.274,-4.848
48.6,-1.389,-3.516,6.641,-3.006
48.604,12.115,6.597,13.334,11.211
48.608,13.701,11.043,22.747,10.904
48.612,18.65,19.652,23.41,17.759
48.616,17.92,16.432,24.1,21.257
48.62,22.066,14.059,22.863,22.048
48.624,15.036,13.367,16.144,14.873
48.628,12.706,10.081,18.218,13.233
48.632,8.469,5.553,8.436,8.046
48.636,5.541,1.855,7.341,2.95
48.64,4.727,4.481,4.538,-1.908
48.644,1.158,3.452,5.626,1.366
48.648,-0.129,-0.748,4.257,-0.026
48.652,-2.855,-4.707,4.406,-0.849
48.656,3.322,-5.563,6.924,0.299
48.66,1.85,-11.707,5.945,0.505
48.664,-1.821,-6.845,-0.532,-8.739
48.668,-2.732,-13.203,-1.477,-9.047
48.672,-4.27,-10.113,-2.059,-14.712
48.676,-7.251,-21.522,-3.197,-18.669
48.68,-17.794,-20.731,-19.282,-21.335
48.684,-14.867,-18.844,-13.19,-16.608
48.688,-8.975,-14.432,-14.193,-17.253
48.692,-2.597,-5.401,-12.38,-17.281
48.696,-3.322,-8.096,-5.742,-7.027
48.7,10.878,2.898,0.12,1.285
48.704,10.213,7.222,6.242,6.508
48.708,23.944,20.445,17.608,10.119
48.712,23.667,20.73,25.672,14.987
48.716,30.498,24.513,22.491,15.145
48.72,23.036,23.983,20.367,25.388
48.724,19.97,22.438,14.31,10.787
48.728,15.704,17.806,8.595,8.027
48.732,6.429,10.951,6.621,7.338
48.736,1.302,9.852,-0.455,-1.783
48.74,4.838,3.583,3.562,-2.268
48.744,4.285,5.586,-2.41,0.39
48.748,2.14,1.138,-2.901,0.5
48.752,-4.079,-4.085,7.123,1.339
48.756,0.121,4.078,4.574,2.101
48.76,-6.278,-0.989,-3.778,-1.329
48.764,-5.366,-2.267,-5.28,-5.766
48.768,-7.647,-14.895,-7.141,-6.036
48.772,-15.002,-20.781,-11.869,-7.618
48.776,-16.495,-19.669,-17.557,-14.12
48.78,-24.878,-21.176,-15.842,-21.559
48.784,-26.459,-24.233,-20.801,-18.061
48.788,-24.31,-28.982,-20.433,-16.575
48.792,-24.527,-21.018,-18.276,-17.692
48.796,-15.472,-10.239,-13.484,-8.284
48.8,-7.689,-5.785,-4.813,1.7
48.804,0.019,-0.111,1.831,11.068
48.808,8.19,10.037,6.826,12.041
48.812,7.417,6.088,17.745,13.881
48.816,10.347,16.747,18.464,21.429
48.82,16.585,17.676,13.035,18.224
48.824,4.565,18.319,14.522,16.692
48.828,8.687,16.169,7.639,12.36
48.832,1.799,12.288,-2.094,7.854
48.836,0.17,10.676,-7.027,2.459
48.84,2.353,4.984,-4.04,3.928
48.844,-3.408,-0.556,-4.252,-2.501
48.848,-0.848,2.898,-9.09,0.686
48.852,-1.919,-0.703,-5.873,1.28
48.856,-2.215,-3.299,-1.244,-0.632
48.86,-3.442,0.621,0.235,1.171
48.864,-2.888,-8.16,-6.457,-5.095
48.868,-10.722,-5.453,-10.247,-0.518
48.872,-16.207,-15.227,-16.371,-11.08
48.876,-16.752,-15.641,-15.114,-12.258
48.88,-19.451,-18.644,-21.334,-16.304
48.884,-26.572,-13.806,-26.852,-15.633
48.888,-19.688,-13.397,-20.611,-17.988
48.892,-19.342,-13.342,-20.923,-10.6
48.896,-7.72,-5.222,-15.279,-3.216
48.9,-7.815,6.339,-6.097,0.864
48.904,10.526,13.877,0.344,5.489
48.908,9.674,11.253,6.643,19.47
48.912,11.888,23.358,9.357,18.309
48.916,14.804,24.808,12.914,20.139
48.92,15.914,20.915,12.191,19.779
48.924,13.471,17.403,6.441,13.623
48.928,5.377,12.016,7.71,12.81
48.932,-2.865,5.41,-3.636,8.453
48.936,-6.203,5.935,-2.987,3.669
48.94,-4.437,0.901,-1.873,1.009
48.944,-3.658,0.12,-0.893,-0.621
48.948,-3.497,-1.659,-5.26,-1.25
48.952,-6.109,3.003,0.7,2.289
48.956,-3.754,-2.64,-2.674,0.826
48.96,-1.872,-6.845,4.791,1.585
48.964,-6.223,-17.903,-8.323,-5.264
48.968,-10.336,-13.916,-10.412,-4.025
48.972,-19.413,-14.059,-11.261,-9.115
48.976,-17.716,-23.193,-19.846,-16.702
48.98,-21.566,-17.047,-21.379,-20.967
48.984,-21.219,-21.626,-19.001,-18.119
48.988,-16.969,-19.574,-18.202,-23.01
48.992,-14.595,-18.236,-14.541,-15.226
48.996,-8.744,-3.649,-7.922,-6.758
49.0,-3.21,-2.492,-7.384,-0.449
49.004,7.547,6.467,8.294,4.371
49.008,16.309,9.62,12.528,14.252
49.012,21.585,23.146,17.666,15.256
49.016,23.903,25.021,15.589,20.686
49.02,25.828,23.65,21.275,17.794
49.024,23.2,24.133,17.717,15.558
49.028,16.807,20.744,8.25,9.323
49.032,10.561,13.996,7.93,9.73
49.036,10.944,9.137,8.883,3.261
49.04,14.348,3.34,2.395,-1.006
49.044,7.62,5.697,-4.471,-0.317
49.048,5.726,0.626,0.628,5.095
49.052,8.457,3.524,3.917,1.114
49.056,8.407,0.704,10.638,3.182
49.06,7.05,-2.617,0.229,-6.043
49.064,6.685,-1.779,1.402,-4.291
49.068,-0.293,-12.129,-4.866,-10.408
49.072,-2.224,-19.212,-3.452,-13.347
49.076,-10.109,-18.351,-11.594,-18.273
49.08,-9.708,-22.599,-21.985,-15.1
49.084,-12.033,-20.725,-16.19,-17.753
49.088,-11.718,-22.15,-13.891,-20.519
49.092,-8.321,-14.097,-8.194,-15.375
49.096,2.154,-12.317,-2.38,-6.496
49.1,5.634,-5.302,6.727,2.672
49.104,7.053,6.598,12.053,10.707
49.108,16.399,10.73,19.074,15.886
49.112,18.863,11.619,22.994,23.695
49.116,27.293,14.361,23.084,21.184
49.12,23.783,15.833,24.706,17.633
49.124,23.071,11.341,22.116,13.529
49.128,10.531,10.487,14.887,8.551
49.132,11.832,6.736,8.94,3.779
49.136,0.897,1.17,3.463,5.723
49.14,-2.034,3.066,5.542,5.981
49.144,0.696,-3.833,0.793,0.36
49.148,6.632,1.813,4.774,5.375
49.152,-0.254,-3.421,5.605,0.192
49.156,2.964,-5.79,8.881,1.775
49.16,5.888,-3.87,9.12,-5.955
49.164,2.85,-7.881,-6.461,-1.263
49.168,3.729,-8.875,-1.752,-9.32
49.172,-6.827,-20.53,-12.171,-9.298
49.176,-11.912,-15.837,-7.084,-12.124
49.18,-16.472,-20.512,-14.229,-18.054
49.184,-14.888,-18.444,-12.218,-18.604
49.188,-15.169,-16.092,-13.736,-17.897
49.192,-12.775,-6.77,-14.655,-12.062
49.196,5.02,-9.566,-7.361,-1.965
49.2,6.89,8.647,2.536,0.034
49.204,22.037,13.626,12.037,8.079
49.208,17.981,18.531,16.622,8.646
49.212,23.226,18.37,20.854,19.519
49.216,23.483,19.807,20.36,17.56
49.22,22.506,22.817,23.242,18.375
49.224,23.521,23.994,16.619,17.405
49.228,17.803,18.257,11.531,6.941
49.232,13.667,15.601,7.442,8.805
49.236,10.616,5.207,1.388,4.453
49.24,6.63,6.099,-0.858,3.318
49.244,-1.706,6.428,0.766,-1.87
49.248,-1.254,5.321,1.958,3.228
49.252,0.047,-4.728,3.013,1.024
49.256,9.864,-4.198,0.092,-2.177
49.26,-0.99,-6.988,0.177,-5.317
49.264,-6.269,-11.476,-4.452,-5.324
49.268,-9.021,-11.143,-4.196,-4.796
49.272,-17.913,-9.661,-14.221,-10.453
49.276,-20.113,-25.43,-15.515,-22.41
49.28,-21.564,-23.226,-17.215,-19.967
49.284,-25.896,-23.936,-21.056,-19.527
49.288,-26.782,-21.72,-19.422,-12.524
49.292,-20.732,-14.076,-17.27,-10.118
49.296,-15.222,-10.387,-15.89,-8.12
49.3,-10.815,-10.213,-4.96,0.543
49.304,-0.844,-0.326,4.591,3.496
49.308,3.207,7.609,8.537,6.101
49.312,8.148,13.582,15.966,17.062
49.316,10.361,18.138,11.281,22.913
49.32,16.049,18.31,8.347,19.511
49.324,15.054,11.918,12.654,13.726
49.328,2.229,9.7,4.933,14.527
49.332,7.66,4.798,2.186,12.788
49.336,-3.69,3.322,-4.217,-0.768
49.34,-0.08,8.462,-3.264,1.051
49.344,-2.239,2.999,-1.607,-1.553
49.348,-0.816,-0.093,-0.926,0.024
49.352,-5.592,-3.829,-6.24,-1.259
49.356,-7.324,-2.267,-5.07,8.33
49.36,-5.151,0.705,-3.967,-1.567
49.364,-3.71,-2.495,-1.097,-2.799
49.368,-2.657,-8.251,-13.874,-6.905
49.372,-15.9,-12.152,-18.455,-15.549
49.376,-17.272,-20.083,-16.969,-15.362
49.38,-22.276,-19.28,-24.999,-23.384
49.384,-21.151,-15.55,-22.351,-14.494
49.388,-25.449,-17.204,-24.712,-15.543
49.392,-11.167,-5.999,-17.763,-15.711
49.396,-9.529,-1.132,-13.954,-8.085
49.4,0.347,0.99,-7.769,3.079
49.404,4.054,8.602,3.364,8.403
49.408,11.26,22.028,5.72,9.026
49.412,17.87,21.951,14.924,18.757
49.416,16.048,21.3,14.307,23.16
49.42,14.748,20.937,9.707,11.967
49.424,8.418,18.121,11.394,16.387
49.428,4.597,13.617,6.927,9.283
49.432,-1.587,5.957,-5.393,11.211
49.436,-4.78,3.712,-1.996,2.341
49.44,-1.543,-2.897,-3.827,-0.459
49.444,-1.194,0.989,-4.012,2.529
49.448,-10.591,-3.433,-8.992,-2.802
49.452,-5.428,-2.224,-1.279,0.361
49.456,-7.609,-10.053,-0.032,0.798
49.46,-3.418,-4.219,-4.789,-1.79
49.464,-9.389,-7.599,-8.141,-7.611
49.468,-13.125,-19.816,-10.33,-10.023
49.472,-19.228,-20.324,-11.358,-12.181
49.476,-25.199,-23.104,-19.775,-21.655
49.48,-20.667,-27.933,-23.316,-18.712
49.484,-22.112,-24.037,-14.061,-20.693
49.488,-19.62,-18.783,-18.791,-16.536
49.492,-17.469,-16.672,-15.369,-12.032
49.496,-8.874,-13.299,-9.859,-10.952
49.5,2.373,2.317,-1.269,-1.558
49.504,11.383,5.785,13.254,4.801
49.508,12.135,13.205,16.884,12.402
49.512,18.852,25.502,25.935,17.497
49.516,19.002,24.448,21.535,23.263
49.52,23.554,21.192,16.386,17.18
49.524,23.256,18.344,16.875,18.633
49.528,16.157,21.704,13.39,12.57
49.532,11.114,17.784,9.233,11.566
49.536,8.788,9.971,2.617,2.639
49.54,14.528,4.708,7.386,-1.232
49.544,10.232,7.386,-2.237,0.478
49.548,8.806,6.333,3.358,-4.931
49.552,7.81,1.918,2.659,0.582
49.556,6.582,-2.125,1.959,1.652
49.56,2.577,-1.337,4.598,2.087
49.564,-0.619,-3.533,5.613,-2.481
49.568,-3.155,-10.631,-0.451,-7.837
49.572,-9.062,-12.882,-5.271,-5.966
49.576,-12.623,-16.592,-16.553,-16.001
49.58,-14.551,-16.943,-11.027,-22.144
49.584,-15.729,-22.351,-16.228,-20.007
49.588,-16.344,-22.827,-11.952,-22.285
49.592,-9.203,-15.561,-6.597,-17.682
49.596,-5.318,-4.335,-2.346,-6.859
49.6,3.048,-7.641,-1.248,-3.978
49.604,7.367,-2.19,16.673,5.734
49.608,17.74,10.545,24.236,10.475
49.612,18.052,14.042,25.397,18.673
49.616,25.925,16.592,22.15,17.768
49.62,19.354,16.215,26.691,20.564
49.624,16.691,17.786,18.73,17.327
49.628,14.592,11.223,14.817,7.876
49.632,10.963,9.953,14.008,10.171
49.636,7.75,-3.511,8.653,3.185
49.64,8.069,-0.471,-2.582,-2.465
49.644,3.872,-3.218,4.427,1.164
49.648,1.894,-8.778,7.852,5.173
49.652,1.135,-2.455,1.121,-0.48
49.656,2.613,-4.112,8.612,-4.99
49.66,6.773,-6.889,-0.051,1.56
49.664,-3.85,-8.362,2.009,1.027
49.668,-5.377,-10.844,0.477,-10.649
49.672,-7.494,-11.487,-6.628,-14.176
49.676,-13.084,-15.46,-7.036,-15.867
49.68,-14.415,-17.968,-18.403,-24.77
49.684,-8.366,-11.635,-13.228,-13.658
49.688,-12.752,-17.952,-14.352,-18.405
49.692,-6.151,-14.89,-13.161,-13.857
49.696,-5.845,-0.462,-3.142,-6.512
49.7,3.436,9.405,2.728,-0.775
49.704,17.061,9.601,14.767,6.038
49.708,25.503,22.208,18.202,11.157
49.712,25.176,21.071,21.56,14.718
49.716,24.891,26.577,19.414,21.123
49.72,25.917,26.421,20.292,23.026
49.724,13.108,20.196,14.456,18.823
49.728,16.791,23.815,11.199,10.922
49.732,7.902,19.751,10.292,6.831
49.736,8.971,6.533,1.776,8.554
49.74,-3.269,6.569,-4.146,-1.188
49.744,-0.566,5.886,0.806,-4.96
49.748,0.195,-4.682,1.99,0.645
49.752,-2.603,-0.887,5.138,2.667
49.756,-2.446,-8.102,3.271,-7.51
49.76,-0.594,-3.963,-1.007,-0.014
49.764,-6.662,-9.339,-1.851,-7.084
49.768,-13.832,-14.988,-5.388,-11.664
49.772,-13.283,-22.976,-10.084,-12.657
49.776,-20.147,-23.885,-23.603,-19.438
49.78,-23.551,-22.943,-21.573,-24.278
49.784,-28.487,-24.946,-20.002,-19.579
49.788,-32.155,-19.093,-17.024,-18.385
49.792,-23.217,-14.692,-18.355,-19.135
49.796,-17.287,-8.251,-11.574,-11.805
49.8,-8.583,-5.418,-3.654,1.395
49.804,-1.655,4.869,4.054,9.17
49.808,7.724,7.914,13.167,6.043
49.812,14.501,12.048,12.295,14.462
49.816,17.013,22.103,18.268,19.656
49.82,15.7,15.394,18.416,20.238
49.824,7.894,13.506,9.387,17.206
49.828,7.014,14.842,4.579,13.598
49.832,7.615,10.343,1.62,5.247
49.836,-5.065,7.431,-4.413,4.233
49.84,1.724,12.405,-5.222,0.027
49.844,-6.003,0.827,-10.089,-1.636
49.848,-1.842,4.25,-2.644,-4.644
49.852,-0.857,2.184,0.693,1.002
49.856,-1.317,3.8,-5.823,-4.993
49.86,3.943,-3.473,-9.416,-4.72
49.864,-5.893,-4.595,-3.947,-1.64
49.868,-13.446,-7.152,-11.671,-7.906
49.872,-11.742,-15.652,-17.021,-8.635
49.876,-17.486,-20.186,-19.942,-16.983
49.88,-18.365,-17.014,-26.664,-20.635
49.884,-18.453,-13.204,-22.883,-16.463
49.888,-19.758,-16.237,-26.751,-19.453
49.892,-14.352,-11.514,-22.373,-13.137
49.896,-9.168,-1.297,-16.017,-8.071
49.9,2.972,1.905,-4.263,0.361
49.904,3.639,11.729,-2.516,6.92
49.908,8.627,23.358,15.622,16.615
49.912,17.125,17.678,12.428,18.457
49.916,12.866,20.558,8.661,18.907
49.92,15.422,21.568,10.608,19.73
49.924,10.291,22.15,12.291,11.329
49.928,5.896,13.322,10.135,14.827
49.932,8.763,11.358,2.153,2.889
49.936,1.136,5.962,-1.587,1.708
49.94,-2.232,1.195,-8.447,-0.149
49.944,-5.028,-2.446,0.177,0.793
49.948,-8.924,-4.864,-1.868,4.751
49.952,-5.829,4.646,-1.377,3.203
49.956,-4.906,-10.853,-1.521,-4.462
49.96,-7.012,-12.824,-0.381,-3.866
49.964,-9.51,-10.757,-6.344,-7.898
49.968,-14.295,-14.483,-4.573,-11.308
49.972,-16.173,-17.527,-9.334,-13.56
49.976,-22.18,-24.535,-16.356,-12.044
49.98,-20.839,-26.698,-20.071,-19.705
49.984,-29.218,-24.114,-26.835,-20.251
49.988,-16.676,-17.735,-23.972,-17.566
49.992,-19.606,-18.317,-12.798,-16.8
49.996,-11.638,-7.707,-5.134,-7.797
50.0,1.227,-1.537,3.21,0.74
50.004,10.056,3.587,3.806,14.962
50.008,21.906,11.419,21.316,16.753
50.012,21.641,23.189,21.776,23.19
50.016,23.05,21.446,18.639,19.99
50.02,23.524,27.35,19.745,20.553
50.024,25.375,21.8,10.969,16.758
50.028,24.266,14.702,9.894,6.423
50.032,12.548,16.525,9.006,0.021
50.036,11.422,9.088,4.131,0.325
50.04,7.386,7.355,7.204,4.939
50.044,6.373,9.628,-2.867,-1.14
50.048,12.251,0.682,1.988,2.226
50.052,4.072,1.687,0.126,4.023
50.056,-0.383,-2.066,8.895,-3.895
50.06,6.249,-4.982,4.653,3.219
50.064,6.169,-6.338,1.869,-7.187
50.068,-0.792,-11.743,-2.063,-8.027
50.072,-4.694,-14.489,-8.721,-15.029
50.076,-8.542,-15.758,-6.899,-15.262
50.08,-13.912,-22.632,-13.278,-19.454
50.084,-13.984,-25.494,-14.276,-17.512
50.088,-12.864,-17.485,-11.808,-15.253
50.092,-16.564,-17.632,-11.943,-9.24
50.096,-4.409,-3.915,3.061,-5.329
50.1,-2.314,-3.578,9.464,2.444
50.104,9.486,4.341,12.316,6.24
50.108,14.175,3.957,17.917,13.447
50.112,22.759,11.695,24.876,19.194
50.116,21.833,10.379,27.69,16.181
50.12,21.449,17.834,28.253,22.338
50.124,16.401,14.524,21.51,15.572
50.128,15.968,13.241,15.428,12.372
50.132,3.735,9.916,10.827,2.854
50.136,2.304,6.806,1.068,2.608
50.14,6.601,0.441,3.186,3.796
50.144,0.58,-0.516,4.887,1.304
50.148,-4.343,-0.187,-2.477,2.379
50.152,7.082,-5.149,5.751,-0.902
50.156,6.245,-6.625,3.244,0.341
50.16,4.454,-0.868,9.689,-1.52
50.164,0.594,-13.403,1.8,-1.706
50.168,2.063,-9.655,-1.938,-6.626
50.172,-3.062,-13.503,-6.281,-12.938
50.176,-5.943,-20.758,-10.582,-23.653
50.18,-11.102,-20.957,-11.781,-18.457
50.184,-13.416,-19.628,-16.706,-24.938
50.188,-13.055,-15.178,-14.44,-16.185
50.192,-11.192,-9.755,-8.207,-11.485
50.196,0.636,-4.077,-4.433,-14.438
50.2,8.499,4.369,4.905,0.899
50.204,13.214,13.485,8.992,8.409
50.208,22.34,19.915,17.505,15.109
50.212,23.516,27.274,24.249,14.556
50.216,28.412,27.952,23.24,21.334
50.22,21.782,24.554,14.239,15.191
50.224,17.735,24.011,17.847,18.044
50.228,15.382,19.547,7.924,13.091
50.232,13.527,14.36,3.781,6.418
50.236,3.113,6.991,4.109,4.974
50.24,6.457,6.453,-2.716,-1.633
50.244,-3.609,-3.054,-4.007,-1.63
50.248,-0.423,4.183,-0.381,3.382
50.252,-4.557,0.085,-1.469,3.483
50.256,-9.149,-3.62,-4.212,-3.338
50.26,-2.208,-7.228,1.474,-3.066
50.264,-7.122,-7.634,0.323,-5.366
50.268,-15.232,-8.354,-3.842,-7.222
50.272,-17.654,-17.15,-14.081,-12.192
50.276,-19.575,-16.382,-14.948,-12.098
50.28,-25.533,-22.147,-21.335,-14.366
50.284,-26.406,-27.239,-25.235,-14.494
50.288,-25.708,-21.208,-22.564,-11.774
50.292,-22.246,-16.905,-24.91,-18.72
50.296,-16.049,-13.924,-13.501,-8.151
50.3,-8.617,-5.027,-7.339,-2.082
50.304,-1.389,2.702,5.067,4.891
50.308,4.334,11.111,11.478,18.207
50.312,10.719,14.988,9.442,19.515
50.316,11.864,19.363,18.157,15.136
50.32,9.973,20.246,12.336,26.749
50.324,12.885,21.191,7.36,10.527
50.328,10.535,16.174,0.497,10.728
50.332,2.919,9.049,-1.256,7.672
50.336,-0.111,14.317,-3.071,0.305
50.34,-4.399,3.402,-1.971,2.859
50.344,0.187,2.648,-5.996,-1.807
50.348,2.491,4.558,-6.156,2.359
50.352,-2.586,10.61,-2.555,1.306
50.356,-3.451,1.977,-3.384,-7.558
50.36,-1.718,-3.041,-8.992,-5.859
50.364,-4.604,-8.84,-8.02,-1.153
50.368,-10.028,-12.612,-12.14,-6.196
50.372,-11.398,-11.318,-15.468,-14.867
50.376,-14.161,-13.135,-21.002,-17.981
50.38,-22.387,-21.211,-25.421,-19.232
50.384,-13.474,-16.551,-19.934,-25.979
50.388,-24.256,-19.121,-23.093,-11.438
50.392,-18.216,-13.642,-17.39,-16.922
50.396,-8.899,-2.854,-12.776,-7.492
50.4,4.336,0.108,-2.31,5.012
50.404,3.063,13.328,2.653,7.032
50.408,7.491,13.606,12.275,14.947
50.412,16.131,22.738,4.944,15.382
50.416,14.907,27.885,15.309,18.259
50.42,16.241,18.142,14.573,16.193
50.424,10.587,25.073,11.409,19.812
50.428,3.629,13.708,2.839,9.787
50.432,8.498,7.272,-0.505,5.179
50.436,-11.429,4.03,-4.974,1.115
50.44,0.164,0.201,-2.396,2.356
50.444,-3.82,3.02,-1.577,1.79
50.448,-9.086,0.918,-8.468,-6.103
50.452,-0.996,-0.633,-1.724,0.313
50.456,-10.77,-10.128,-4.165,0.859
50.46,-4.585,-7.918,3.268,3.007
50.464,-16.042,-16.141,-2.256,-7.371
50.468,-16.54,-12.06,-8.447,-10.772
50.472,-20.438,-20.257,-12.149,-9.865
50.476,-22.855,-20.403,-12.17,-16.156
50.48,-22.915,-25.125,-19.084,-14.832
50.484,-25.649,-28.525,-25.725,-16.6
50.488,-26.861,-17.802,-14.223,-17.414
50.492,-14.281,-12.376,-11.997,-14.18
50.496,-8.29,-7.742,-9.46,-8.057
50.5,1.227,-6.334,1.802,-0.09
50.504,8.952,10.412,6.008,7.767
50.508,18.534,13.051,12.516,18.245
50.512,20.526,22.007,18.412,12.141
50.516,26.209,21.786,22.159,18.645
50.52,20.623,22.455,20.667,19.582
50.524,18.447,23.405,18.877,14.165
50.528,21.121,16.343,13.169,10.931
50.532,17.169,14.593,11.752,6.085
50.536,11.515,13.02,9.117,7.609
50.54,4.942,14.985,2.881,-0.061
50.544,3.747,6.006,0.562,-2.117
50.548,10.598,7.069,1.802,2.232
50.552,10.667,-0.479,-2.24,-1.495
50.556,6.429,6.269,4.352,-0.55
50.56,12.322,-3.835,2.006,-4.529
50.564,3.943,-5.315,-0.271,-4.917
50.568,-4.773,-7.636,-1.777,-7.513
50.572,-7.027,-16.007,-12.387,-15.584
50.576,-10.783,-14.432,-11.031,-16.273
50.58,-13.986,-22.365,-13.178,-17.428
50.584,-11.903,-18.597,-19.617,-25.878
50.588,-17.352,-16.206,-9.492,-20.209
50.592,-14.683,-13.624,-8.029,-6.319
50.596,-2.944,-7.273,0.947,-8.198
50.6,0.883,5.241,6.058,3.416
50.604,16.871,5.999,13.506,7.502
50.608,18.491,11.199,23.386,12.991
50.612,18.08,16.189,26.904,21.052
50.616,24.738,21.031,30.154,23.495
50.62,22.22,23.94,22.63,16.291
50.624,18.877,14.27,17.192,12.68
50.628,12.445,8.614,11.545,7.684
50.632,9.789,10.982,7.483,4.774
50.636,-1.318,-0.168,8.745,7.108
50.64,6.694,1.889,12.656,1.302
50.644,-8.422,0.142,8.33,3.597
50.648,0.768,-2.246,3.757,-3.21
50.652,-2.063,-2.911,7.511,-2.899
50.656,1.512,-8.768,4.02,-1.223
50.66,2.099,-8.093,3.485,-0.318
50.664,-3.28,-5.173,-0.45,-4.119
50.668,-11.243,-17.278,-4.05,-5.315
50.672,-6.216,-14.784,-4.202,-10.546
50.676,-4.327,-18.326,-6.12,-14.51
50.68,-14.242,-24.931,-11.036,-16.913
50.684,-10.906,-13.48,-11.3,-16.615
50.688,-7.345,-18.919,-12.159,-25.633
50.692,-13.086,-9.163,-10.707,-14.018
50.696,-2.242,-5.391,-6.035,-5.056
50.7,2.914,1.27,4.669,7.572
50.704,11.844,10.798,5.29,7.284
50.708,25.605,17.006,14.638,7.388
50.712,25.183,22.111,17.959,22.528
50.716,28.176,22.462,25.165,16.251
50.72,24.296,21.458,15.72,20.35
50.724,17.269,25.102,18.97,17.587
50.728,18.138,18.296,12.548,12.168
50.732,14.798,13.685,7.755,1.008
50.736,7.541,6.923,1.23,2.61
50.74,4.775,10.689,-4.197,-3.5
50.744,-2.385,2.88,0.823,1.407
50.748,2.438,-4.721,2.287,-2.765
50.752,3.721,-0.138,1.862,-6.263
50.756,-0.105,-5.435,0.246,2.089
50.76,-8.698,-3.233,-3.606,-5.01
50.764,-1.682,-6.482,-4.502,-3.295
50.768,-13.875,-11.098,-5.205,-9.619
50.772,-14.941,-19.659,-13.756,-9.186
50.776,-18.041,-22.428,-19.067,-13.494
50.78,-21.189,-23.754,-24.192,-18.254
50.784,-31.21,-22.145,-19.827,-20.226
50.788,-24.161,-25.784,-18.779,-19.575
50.792,-20.346,-17.795,-12.989,-17.596
50.796,-9.946,-5.903,-16.761,-9.349
50.8,-5.367,-5.41,0.577,1.435
50.804,5.215,3.906,7.799,13.448
50.808,9.005,18.65,14.23,15.694
50.812,11.635,15.104,14.87,20.397
50.816,14.366,13.941,16.339,19.58
50.82,17.759,18.782,14.811,20.547
50.824,6.696,22.407,7.829,9.53
50.828,9.555,17.696,3.257,9.624
50.832,1.037,8.216,1.824,9.519
50.836,-2.838,9.23,-3.401,5.864
50.84,0.749,4.961,-2.81,-0.422
50.844,-5.664,6.247,-6.749,-3.88
50.848,-1.593,0.919,-9.618,-0.323
50.852,-3.562,3.407,-8.562,-1.194
50.856,-8.957,6.503,-6.088,2.776
50.86,-1.309,-8.953,-2.299,0.902
50.864,-4.612,-2.143,-8.268,0.948
50.868,-14.258,-3.537,-9.52,-4.077
50.872,-14.907,-16.02,-20.035,-12.612
50.876,-22.396,-16.931,-19.09,-14.927
50.88,-17.834,-18.133,-22.889,-12.865
50.884,-16.936,-19.41,-20.758,-21.105
50.888,-17.108,-17.597,-22.495,-17.728
50.892,-12.694,-11.993,-16.531,-13.994
50.896,-11.154,-2.194,-6.586,-7.535
50.9,-0.763,6.814,-4.636,-2.622
50.904,4.724,13.306,7.526,11.51
50.908,11.244,18.34,9.729,11.229
50.912,17.356,24.906,11.952,23.827
50.916,19.18,27.183,14.684,24.82
50.92,13.076,20.878,12.27,19.721
50.924,6.577,21.968,9.083,15.99
50.928,5.638,14.939,4.37,9.458
50.932,0.794,8.521,0.753,7.621
50.936,-1.712,4.769,0.288,6.94
50.94,-2.797,4.449,-8.961,-0.844
50.944,-12.364,3.212,-3.428,4.449
50.948,-8.862,-1.295,-3.175,2.966
50.952,-9.505,-5.739,1.813,-0.209
50.956,-2.903,-7.698,-2.669,2.343
50.96,-8.234,-14.045,1.421,-3.946
50.964,-11.333,-10.409,-6.523,-4.008
50.968,-11.488,-14.214,-8.757,-0.757
50.972,-18.772,-21.94,-10.495,-8.207
50.976,-20.649,-20.492,-14.238,-14.478
50.98,-17.508,-22.25,-20.051,-18.761
50.984,-17.812,-27.709,-19.691,-20.126
50.988,-21.974,-21.423,-19.268,-18.339
50.992,-16.218,-11.036,-12.061,-16.302
50.996,-10.294,-10.06,-8.288,-5.628
51.0,-5.778,0.053,-0.669,3.133
51.004,11.545,8.642,10.822,6.828
51.008,22.935,15.184,15.066,15.383
51.012,19.422,22.524,20.78,16.069
51.016,20.721,26.064,27.855,19.703
51.02,22.131,27.413,13.3,16.429
51.024,20.859,20.971,12.979,15.292
51.028,13.587,20.378,8.961,12.148
51.032,11.727,17.612,4.831,9.222
51.036,12.839,11.137,8.213,1.862
51.04,7.991,6.328,-6.027,2.637
51.044,10.467,6.66,3.017,-2.824
51.048,7.708,2.734,-2.258,0.842
51.052,3.583,0.923,3.613,6.743
51.056,4.892,1.845,5.068,-1.16
51.06,6.042,-1.976,6.576,-5.21
51.064,-0.802,-4.392,1.047,-1.009
51.068,-5.208,-13.824,-2.183,-6.55
51.072,-9.777,-14.194,-12.238,-10.414
51.076,-9.252,-24.456,-3.654,-12.157
51.08,-15.344,-23.516,-12.871,-21.1
51.084,-12.106,-21.356,-13.694,-21.947
51.088,-17.173,-15.77,-10.336,-16.619
51.092,-18.061,-13.748,-9.56,-10.862
51.096,-5.143,-9.127,-1.654,-6.873
51.1,7.347,-3.481,6.901,-0.214
51.104,9.704,3.997,7.999,8.553
51.108,11.545,14.786,20.412,16.182
51.112,14.784,11.861,29.183,13.908
51.116,24.693,15.04,29.569,16.933
51.12,17.607,20.152,27.598,18.702
51.124,21.601,13.738,25.307,18.043
51.128,14.774,17.168,11.239,18.304
51.132,6.219,9.566,8.841,7.068
51.136,8.492,7.387,3.976,4.435
51.14,-0.029,-3.761,14.963,-0.787
51.144,-2.455,2.406,4.536,2.017
51.148,-0.505,-4.472,0.053,-3.403
51.152,5.03,-0.618,1.906,0.075
51.156,6.428,-4.902,6.001,-2.896
51.16,1.133,-4.82,0.869,-7.545
51.164,-5.294,-11.303,8.26,4.382
51.168,-7.59,-16.316,1.225,-5.003
51.172,-10.04,-14.075,-4.929,-9.363
51.176,-14.469,-18.269,-13.729,-13.246
51.18,-12.392,-21.635,-18.122,-14.693
51.184,-7.97,-23.603,-14.626,-19.416
51.188,-9.471,-23.853,-14.098,-15.648
51.192,-10.77,-9.239,-14.454,-15.482
51.196,-2.954,-4.749,-4.62,-8.101
51.2,5.245,1.993,2.785,-4.605
51.204,15.431,12.145,12.543,8.19
51.208,25.212,21.118,22.771,12.391
51.212,23.11,23.48,14.083,17.853
51.216,30.426,23.493,23.836,22.391
51.22,30.74,30.898,17.763,19.874
51.224,19.85,20.182,17.446,19.063
51.228,14.977,14.046,11.778,10.017
51.232,9.959,14.166,8.056,8.554
51.236,6.776,8.83,-1.096,1.781
51.24,2.233,8.807,3.101,0.68
51.244,3.972,1.563,-0.555,-0.874
51.248,-4.329,0.47,3.804,-3.151
51.252,-1.921,-3.563,5.148,-1.129
51.256,-0.332,-0.719,1.388,1.687
51.26,-0.697,-5.535,2.777,-3.956
51.264,-0.003,-10.423,0.077,-5.691
51.268,-14.907,-14.316,-2.54,-3.677
51.272,-18.06,-18.339,-7.587,-7.536
51.276,-27.699,-26.401,-19.673,-13.477
51.28,-27.758,-21.012,-19.018,-13.844
51.284,-31.116,-21.511,-25.598,-15.81
51.288,-26.076,-22.549,-21.888,-18.518
51.292,-21.184,-18.274,-17.896,-8.013
51.296,-12.855,-14.496,-8.573,-2.906
51.3,-7.639,1.378,-3.629,-0.217
51.304,2.28,8.441,3.979,8.338
51.308,7.728,11.993,13.601,11.995
51.312,8.758,18.288,17.149,17.965
51.316,8.725,22.249,16.501,15.24
51.32,14.94,22.036,16.407,17.209
51.324,15.526,14.819,12.506,18.355
51.328,14.444,13.593,11.763,8.716
51.332,5.726,12.559,0.521,6.469
51.336,4.062,8.594,-4.91,5.375
51.34,-0.937,7.747,-4.347,0.34
51.344,-2.108,5.742,-8.531,3.5
51.348,-2.391,3.506,-6.315,3.481
51.352,-2.412,-5.887,-2.946,-1.744
51.356,-0.065,4.29,-5.326,-1.356
51.36,-4.304,1.401,-5.162,-1.074
51.364,-5.433,2.286,-7.529,-5.695
51.368,-12.061,-8.927,-11.715,-2.507
51.372,-11.387,-16.879,-18.307,-13.026
51.376,-19.853,-15.311,-16.539,-13.24
51.38,-19.928,-15.582,-18.892,-23.46
51.384,-19.598,-18.543,-21.474,-22.222
51.388,-17.899,-11.065,-20.129,-21.508
51.392,-13.346,-12.849,-20.067,-17.714
51.396,-10.241,-5.052,-11.898,-9.133
51.4,-0.946,1.613,-7.093,1.102
51.404,3.291,17.721,2.521,12.185
51.408,4.776,12.641,9.22,13.374
51.412,16.074,21.161,9.399,18.498
51.416,16.549,17.486,15.406,20.921
51.42,17.285,21.408,12.198,16.783
51.424,10.724,14.811,11.29,15.902
51.428,1.391,16.968,5.385,18.052
51.432,1.177,11.894,2.703,8.573
51.436,0.094,5.733,0.25,9.962
51.44,-3.868,-2.763,-7.617,1.28
51.444,-7.06,-1.345,-5.248,-1.815
51.448,-11.84,-3.948,-5.48,3.021
51.452,-9.691,-2.06,1.195,3.901
51.456,-5.224,-8.937,3.522,-1.535
51.46,-12.605,-5.02,-1.847,-0.115
51.464,-10.749,-8.59,-2.73,-3.89
51.468,-12.987,-19.216,-11.813,-11.55
51.472,-13.543,-19.465,-10.835,-15.758
51.476,-18.76,-22.066,-16.838,-16.589
51.48,-20.061,-20.601,-15.18,-15.518
51.484,-22.266,-25.318,-21.042,-17.353
51.488,-23.288,-19.835,-21.237,-21.001
51.492,-17.512,-11.966,-18.464,-17.348
51.496,-11.234,-7.407,-7.305,-10.205
51.5,1.772,-5.572,-1.63,-2.873
51.504,6.355,6.677,11.5,4.939
51.508,14.489,17.976,16.335,7.904
51.512,20.819,22.796,18.472,10.924
51.516,28.095,16.51,22.241,12.224
51.52,24.921,24.221,24.485,14.317
51.524,18.285,24.75,12.582,19.472
51.528,17.449,20.423,9.839,22.606
51.532,18.056,17.054,13.216,13.468
51.536,11.64,17.679,1.68,4.446
51.54,2.814,8.355,3.962,-1.119
51.544,3.91,7.144,5.133,-1.248
51.548,3.638,1.732,2.293,0.312
51.552,11.172,1.132,5.604,6.311
51.556,10.389,0.189,3.408,-3.02
51.56,3.421,1.138,9.307,-1.199
51.564,0.626,-7.161,0.518,-3.407
51.568,-1.317,-5.466,-4.527,-7.673
51.572,-5.976,-16.947,-3.424,-17.816
51.576,-13.687,-15.756,-8.365,-16.8
51.58,-14.993,-18.723,-13.343,-23.025
51.584,-20.014,-20.317,-14.911,-13.04
51.588,-10.666,-16.455,-15.043,-16.539
51.592,-15.969,-17.587,-11.562,-10.632
51.596,-10.065,-10.796,-4.742,-10.239
51.6,3.709,-5.241,5.693,-1.348
51.604,5.89,4.776,11.803,13.71
51.608,14.158,10.509,14.347,17.053
51.612,19.846,17.749,21.696,19.517
51.616,23.126,18.377,23.691,23.935
51.62,19.366,19.02,24.531,24.852
51.624,22.313,14.178,20.452,20.526
51.628,12.81,12.568,20.284,14.938
51.632,12.1,12.932,7.477,10.846
51.636,5.826,-0.115,8.369,2.711
51.64,9.136,-4.401,6.382,1.795
51.644,5.062,1.139,4.642,2.087
51.648,2.225,-4.469,3.405,0.845
51.652,4.61,-6.91,3.161,1.619
51.656,2.232,-2.209,5.557,-0.469
51.66,1.508,-8.501,-0.405,-9.4
51.664,-3.6,-3.367,-0.118,-1.67
51.668,-5.344,-10.685,-4.072,-7.084
51.672,-0.655,-15.134,-4.357,-11.408
51.676,-14.199,-19.853,-8.692,-9.37
51.68,-15.155,-18.308,-17.376,-17.898
51.684,-14.065,-23.33,-19.596,-22.318
51.688,-12.039,-23.233,-18.9,-16.189
51.692,-6.234,-15.472,-7.67,-13.724
51.696,-2.278,-0.573,-1.713,-4.236
51.7,8.079,1.032,4.887,-1.79
51.704,17.69,7.203,14.839,5.139
51.708,24.299,17.809,21.786,12.361
51.712,23.71,29.345,17.342,13.065
51.716,27.644,28.099,20.25,18.591
51.72,20.99,22.099,22.193,23.737
51.724,18.735,19.634,7.899,13.793
51.728,12.583,15.887,10.634,7.719
51.732,10.903,11.136,9.444,5.824
51.736,4.011,11.228,1.587,4.36
51.74,-1.255,4.958,2.388,-1.03
51.744,0.161,-0.197,-6.679,0.261
51.748,-4.868,-3.043,0.481,0.645
51.752,3.664,5.937,-1.012,0.115
51.756,-2.992,-0.926,0.002,-0.314
51.76,-0.352,-8.534,-3.036,4.083
51.764,-8.065,-5.96,2.165,-3.169
51.768,-14.625,-17.324,-6.349,-9.781
51.772,-12.578,-18.687,-10.949,-9.525
51.776,-20.634,-22.829,-9.996,-16.153
51.78,-18.767,-23.953,-22.627,-18.754
51.784,-27.209,-27.649,-21.013,-16.863
51.788,-25.847,-22.286,-22.366,-14.228
51.792,-17.484,-23.32,-18.641,-17.399
51.796,-11.228,-12.637,-9.405,-2.388
51.8,-6.283,0.201,-3.784,-0.194
51.804,10.876,7.06,10.393,7.411
51.808,6.544,8.722,15.95,10.951
51.812,8.05,11.25,14.023,20.493
51.816,10.777,12.008,11.05,15.638
51.82,12.364,20.806,13.286,20.583
51.824,15.143,18.223,13.711,20.927
51.828,6.278,15.683,3.209,10.845
51.832,7.618,16.226,5.961,10.654
51.836,0.993,8.443,-0.91,3.945
51.84,0.929,6.172,-8.471,-2.968
51.844,-1.853,-0.382,-7.66,0.405
51.848,-1.586,7.637,-6.768,-0.665
51.852,0.163,1.432,-6.714,2.799
51.856,-3.587,-1.679,-7.24,-1.136
51.86,-4.41,-0.492,-6.202,0.288
51.864,-3.942,2.079,-7.852,-6.866
51.868,-2.704,-1.088,-6.518,-6.12
51.872,-17.434,-14.262,-13.702,-11.718
51.876,-23.063,-11.243,-18.081,-16.356
51.88,-20.82,-15.944,-21.953,-18.875
51.884,-18.007,-14.254,-26.717,-20.781
51.888,-19.503,-14.35,-19.516,-17.828
51.892,-19.169,-9.024,-20.123,-14.572
51.896,-9.363,-0.785,-13.431,-10.504
51.9,-7.603,-2.896,-3.618,-3.889
51.904,6.638,10.479,10.424,6.101
51.908,9.761,11.851,7.661,13.03
51.912,14.237,18.019,8.666,9.238
51.916,16.935,21.092,15.878,19.961
51.92,14.862,17.356,15.842,25.577
51.924,9.176,15.931,9.192,18.043
51.928,9.301,9.466,4.309,11.275
51.932,3.842,7.39,-2.151,4.962
51.936,-7.889,6.454,-0.833,-1.395
51.94,-5.987,4.008,1.976,3.874
51.944,-9.861,-3.493,0.848,1.322
51.948,-10.654,0.947,-2.634,-3.814
51.952,-5.008,-2.819,-3.588,2.999
51.956,-7.914,-1.93,-0.426,2.473
51.96,-8.038,-13.798,-2.949,-3.222
51.964,-11.803,-10.558,-5.865,-4.575
51.968,-11.992,-13.259,-6.903,-6.659
51.972,-14.958,-23.961,-7.911,-10.131
51.976,-14.093,-14.669,-16.629,-19.257
51.98,-23.493,-25.529,-19.858,-17.267
51.984,-27.516,-21.626,-21.154,-19.726
51.988,-22.264,-17.677,-16.397,-14.92
51.992,-13.13,-14.96,-11.879,-11.693
51.996,-10.754,-4.003,-11.077,-7.411
52.0,-4.446,5.986,-0.53,2.75
52.004,6.181,4.832,11.167,3.056
52.008,14.071,15.612,13.432,12.858
52.012,17.504,23.205,22.953,15.334
52.016,23.824,18.359,22.419,18.237
52.02,22.713,26.812,24.524,17.265
52.024,22.973,27.031,15.128,12.185
52.028,15.656,22.658,13.85,14.648
52.032,14.777,16.408,9.59,9.661
52.036,8.317,16.11,7.176,1.879
52.04,4.22,9.558,3.035,-5.737
52.044,5.027,2.271,4.912,-1.47
52.048,1.759,2.985,0.448,-0.255
52.052,12.214,2.269,3.369,4.18
52.056,7.047,0.993,-0.175,-1.737
52.06,2.91,-1.694,3.048,1.727
52.064,1.433,-5.933,-0.709,-5.214
52.068,-8.803,-8.513,-0.67,-5.702
52.072,-1.897,-9.155,-3.132,-9.366
52.076,-6.79,-17.032,-8.801,-14.238
52.08,-13.923,-18.493,-11.449,-21.84
52.084,-14.695,-27.671,-14.723,-20.994
52.088,-18.286,-19.031,-13.977,-16.491
52.092,-14.273,-12.099,-12.877,-18.721
52.096,-9.843,-5.657,-8.699,-5.215
52.1,1.921,1.084,0.231,-3.638
52.104,12.784,5.659,10.434,3.529
52.108,14.511,12.111,21.557,12.383
52.112,20.7,13.162,19.271,16.197
52.116,24.036,19.752,21.864,20.449
52.12,15.157,14.95,21.591,19.77
52.124,22.512,16.812,23.441,16.184
52.128,16.283,11.475,14.903,8.84
52.132,10.069,7.539,10.82,11.035
52.136,7.763,6.925,7.942,3.893
52.14,5.656,2.8,8.662,4.0
52.144,2.765,0.076,4.055,-6.835
52.148,6.38,-3.417,-1.0,1.496
52.152,1.366,2.042,5.592,-1.609
52.156,4.4,-2.812,10.001,2.232
52.16,6.286,-3.246,6.881,4.15
52.164,-7.763,-7.741,3.299,-7.204
52.168,-1.606,-13.236,-0.086,-4.834
52.172,-4.664,-13.461,-11.38,-13.586
52.176,-15.712,-19.175,-16.498,-21.587
52.18,-12.343,-17.64,-11.477,-16.187
52.184,-16.165,-28.353,-11.816,-14.445
52.188,-10.668,-17.03,-16.399,-11.919
52.192,-7.671,-10.853,-10.024,-13.079
52.196,-3.71,-6.848,-2.596,-11.918
52.2,10.072,4.896,7.919,-0.622
52.204,13.008,10.24,10.089,7.257
52.208,21.309,18.057,18.665,17.27
52.212,28.454,21.016,26.301,18.179
52.216,23.059,27.739,20.591,13.676
52.22,24.452,26.138,20.047,20.86
52.224,19.414,22.983,12.864,16.189
52.228,15.288,18.461,8.22,14.501
52.232,17.509,21.458,9.182,8.154
52.236,7.959,9.125,6.215,5.766
52.24,4.248,3.875,3.683,1.253
52.244,2.891,-0.377,-3.777,0.896
52.248,1.608,3.682,-0.988,-2.874
52.252,-5.795,3.928,1.806,1.172
52.256,5.571,-5.686,-6.151,-0.601
52.26,-7.701,-6.821,1.178,0.261
52.264,-1.391,-10.675,3.008,-7.247
52.268,-9.186,-14.239,-3.146,-3.211
52.272,-15.562,-23.579,-18.617,-11.044
52.276,-21.817,-19.669,-14.989,-13.594
52.28,-16.613,-20.929,-19.205,-18.954
52.284,-23.996,-30.537,-20.618,-18.094
52.288,-24.459,-17.397,-20.001,-24.988
52.292,-22.105,-13.222,-17.431,-14.304
52.296,-16.229,-20.716,-17.305,-9.963
52.3,-6.591,-10.324,-2.006,-1.08
52.304,-1.921,3.585,6.34,10.616
52.308,9.424,14.758,8.938,9.182
52.312,9.921,16.697,18.286,20.472
52.316,16.799,18.621,10.753,21.288
52.32,16.136,20.675,8.983,22.81
52.324,10.42,14.964,10.823,9.752
52.328,8.578,18.358,3.823,13.558
52.332,4.811,10.844,4.063,8.166
52.336,-4.698,3.085,-3.936,3.54
52.34,2.874,3.102,-0.884,5.541
52.344,-3.782,4.918,-7.846,-6.279
52.348,-0.637,1.896,-4.78,0.266
52.352,0.076,0.744,-10.25,3.177
52.356,-9.355,1.381,-3.964,-4.922
52.36,-4.713,-0.04,-4.259,0.575
52.364,-2.47,-7.613,-3.081,-2.723
52.368,-8.341,-3.824,-14.949,-13.798
52.372,-10.744,-11.744,-15.867,-8.499
52.376,-16.698,-13.51,-15.217,-18.648
52.38,-16.341,-16.66,-18.246,-14.233
52.384,-20.758,-18.447,-26.832,-18.181
52.388,-15.384,-12.445,-25.015,-17.353
52.392,-18.601,-10.625,-23.919,-10.943
52.396,-9.984,-4.529,-18.793,-4.901
52.4,-4.184,-5.115,-5.922,-5.877
52.404,5.917,11.858,0.989,2.469
52.408,9.852,14.847,15.542,13.551
52.412,13.795,21.674,14.598,15.03
52.416,13.539,26.024,14.384,24.882
52.42,12.863,22.85,15.758,15.996
52.424,10.769,17.837,13.58,16.249
52.428,0.136,12.808,9.731,13.539
52.432,-5.454,16.747,2.442,14.741
52.436,-2.389,6.369,-1.915,7.147
52.44,-13.604,2.04,-3.382,-0.775
52.444,-7.199,-1.734,-4.465,1.62
52.448,-7.981,-5.726,-5.124,1.985
52.452,-4.987,-10.403,0.79,1.975
52.456,-8.672,-1.666,-2.15,-2.987
52.46,-2.901,-10.824,-5.018,4.887
52.464,-7.25,-12.063,-3.882,-7.372
52.468,-17.639,-15.411,-5.242,-5.368
52.472,-17.846,-14.507,-16.112,-14.436
52.476,-16.022,-24.211,-16.868,-14.801
52.48,-25.043,-22.847,-21.662,-19.556
52.484,-23.33,-21.721,-13.811,-23.811
52.488,-16.54,-24.611,-18.5,-25.677
52.492,-17.293,-19.699,-9.779,-11.324
52.496,-5.068,-10.306,-7.116,-9.262
52.5,-2.73,0.731,1.0,0.417
52.504,-0.226,8.51,7.664,12.985
52.508,19.356,14.906,13.767,15.852
52.512,22.068,22.415,18.554,9.558
52.516,24.685,20.687,18.387,16.229
52.52,19.671,23.107,19.222,13.444
52.524,17.563,21.571,11.19,13.472
52.528,20.445,16.317,12.265,10.977
52.532,13.832,21.998,3.777,15.073
52.536,9.442,5.01,4.227,6.719
52.54,8.272,12.208,2.937,2.278
52.544,11.181,8.63,5.823,1.377
52.548,8.784,6.976,3.29,1.316
52.552,5.426,3.323,2.737,-5.147
52.556,2.409,5.186,2.403,-4.274
52.56,7.061,-2.756,6.006,0.158
52.564,-0.206,-3.741,1.546,-3.685
52.568,-4.999,-8.95,-3.921,-6.502
52.572,-2.253,-14.365,-5.63,-6.973
52.576,-8.182,-17.309,-16.065,-18.049
52.58,-13.088,-23.226,-13.55,-20.077
52.584,-19.368,-23.081,-17.351,-19.163
52.588,-9.116,-14.668,-14.534,-23.359
52.592,-7.602,-6.714,-3.375,-18.4
52.596,-5.662,-7.838,-4.381,-3.495
52.6,0.858,0.15,7.125,-0.883
52.604,9.836,5.505,15.571,6.114
52.608,14.226,12.234,21.381,14.705
52.612,26.292,16.811,24.071,13.244
52.616,19.943,20.323,21.006,18.983
52.62,16.825,21.563,21.05,17.244
52.624,21.741,12.116,16.079,17.075
52.628,11.104,19.834,13.962,5.458
52.632,10.887,7.909,9.394,5.005
52.636,7.017,4.337,3.969,2.318
52.64,2.567,-0.123,6.119,-0.246
52.644,-1.032,-1.999,2.324,3.2
52.648,1.95,-0.075,3.208,-2.471
52.652,-0.786,-0.854,0.505,9.337
52.656,2.943,-2.115,5.888,2.195
52.66,4.639,-6.853,4.676,-2.668
52.664,5.464,-16.088,0.855,-1.886
52.668,-6.183,-16.541,-0.004,-5.229
52.672,-7.589,-14.486,-5.512,-12.72
52.676,-12.161,-16.38,-8.806,-12.518
52.68,-12.367,-20.213,-12.261,-21.895
52.684,-18.35,-20.636,-13.528,-18.145
52.688,-14.644,-14.938,-9.505,-18.567
52.692,-12.462,-11.133,-10.218,-13.112
52.696,-5.185,-5.414,-7.296,-6.898
52.7,4.762,-1.042,1.649,0.054
52.704,19.276,8.975,9.119,13.514
52.708,21.542,20.873,13.692,12.226
52.712,24.707,19.783,12.782,15.883
52.716,29.85,26.814,22.126,19.638
52.72,25.579,28.659,19.953,22.878
52.724,22.333,19.716,21.923,16.088
52.728,14.685,16.941,16.937,11.575
52.732,9.128,16.828,8.595,5.741
52.736,2.656,13.296,4.321,2.24
52.74,1.504,4.031,-2.296,4.417
52.744,0.478,-1.722,-0.112,-0.141
52.748,1.352,4.73,-0.72,0.654
52.752,-0.428,0.786,0.808,-1.985
52.756,-2.414,-1.94,-1.629,2.285
52.76,-6.043,-3.219,1.065,2.461
52.764,-5.392,-13.152,-6.741,-6.482
52.768,-12.534,-12.693,2.55,-10.115
52.772,-15.043,-19.131,-7.045,-14.323
52.776,-26.64,-20.281,-12.199,-12.866
52.78,-23.419,-22.103,-23.679,-21.851
52.784,-23.569,-21.893,-26.295,-20.936
52.788,-22.654,-20.875,-19.498,-21.206
52.792,-21.089,-17.323,-17.365,-8.906
52.796,-11.517,-10.654,-4.786,-9.179
52.8,-10.562,-2.704,-1.056,4.99
52.804,0.603,2.111,4.335,7.505
52.808,6.805,9.698,15.043,12.5
52.812,14.967,17.035,15.057,20.649
52.816,7.723,20.509,16.36,19.786
52.82,10.014,17.001,17.286,23.198
52.824,15.828,14.158,8.536,15.323
52.828,-0.454,9.5,8.924,10.434
52.832,5.363,7.371,2.845,6.041
52.836,-2.412,6.365,-5.416,7.428
52.84,-1.557,4.148,0.916,1.961
52.844,1.227,2.962,-7.052,-2.167
52.848,-1.844,-0.85,-10.115,-4.416
52.852,2.209,-3.514,-6.629,0.743
52.856,-3.364,1.152,-6.911,-2.86
52.86,-3.823,-0.735,-3.89,-6.512
52.864,-2.63,-2.058,-1.843,-0.433
52.868,-9.846,-5.049,-9.669,-11.106
52.872,-11.019,-10.174,-10.26,-17.15
52.876,-13.424,-14.425,-16.376,-16.386
52.88,-17.424,-14.324,-31.001,-19.867
52.884,-25.836,-12.945,-21.631,-22.523
52.888,-20.681,-17.21,-24.7,-17.596
52.892,-14.816,-8.558,-17.282,-14.871
52.896,-10.332,-6.622,-12.597,-0.987
52.9,-2.166,3.008,3.603,-0.579
52.904,5.636,12.607,4.233,3.767
52.908,9.109,14.538,11.109,14.882
52.912,13.903,16.553,16.79,19.402
52.916,12.11,19.712,10.543,18.898
52.92,12.812,17.52,17.041,13.978
52.924,6.22,14.452,9.848,20.613
52.928,6.55,17.287,4.016,8.002
52.932,0.872,10.767,4.123,10.059
52.936,-5.314,2.76,-6.309,7.398
52.94,0.059,-1.542,-1.04,0.278
52.944,-7.356,-3.931,-4.762,2.684
52.948,-5.99,-5.195,-3.837,2.792
52.952,-8.529,-1.093,-9.072,-3.107
52.956,-7.899,-6.56,1.13,4.368
52.96,-6.636,-2.091,-1.232,-0.22
52.964,-10.791,-11.611,-5.345,-10.193
52.968,-13.093,-16.82,-10.174,-6.814
52.972,-14.573,-16.023,-9.4,-13.466
52.976,-22.158,-26.922,-15.017,-14.635
52.98,-26.946,-23.054,-19.24,-20.888
52.984,-27.75,-26.894,-23.324,-21.805
52.988,-16.437,-27.004,-17.867,-21.36
52.992,-12.877,-15.616,-13.706,-13.306
52.996,-6.469,-5.656,-3.9,-6.024
53.0,-1.308,0.642,-3.592,-0.008
53.004,4.437,8.442,5.7,6.702
53.008,14.824,7.467,20.266,14.271
53.012,20.472,19.993,19.35,21.423
53.016,19.777,22.822,21.118,16.783
53.02,18.541,25.483,22.153,14.959
53.024,15.412,18.737,21.499,12.371
53.028,18.965,21.295,8.259,6.872
53.032,9.486,13.565,13.937,4.367
53.036,10.722,10.594,3.812,7.123
53.04,6.416,10.069,2.766,-3.89
53.044,8.425,2.661,1.752,-0.708
53.048,7.621,7.024,6.833,1.89
53.052,6.154,-1.028,6.411,0.145
53.056,7.011,3.15,3.855,2.572
53.06,4.965,-2.118,0.476,-2.949
53.064,0.72,-5.38,1.115,-5.178
53.068,1.489,-18.365,-5.676,-8.578
53.072,-7.47,-15.44,-3.417,-10.129
53.076,-11.06,-18.305,-12.53,-7.782
53.08,-18.491,-15.734,-14.097,-18.991
53.084,-14.831,-21.197,-11.49,-20.613
53.088,-16.315,-21.368,-11.134,-21.142
53.092,-12.119,-12.858,-8.208,-8.76
53.096,-7.27,-10.913,-5.312,-8.745
53.1,2.032,0.745,6.211,-1.854
53.104,3.581,5.533,10.038,6.955
53.108,17.708,8.17,20.303,19.449
53.112,19.541,17.994,19.036,16.569
53.116,19.698,19.02,27.95,19.828
53.12,15.384,19.639,23.601,11.42
53.124,18.275,14.223,19.538,18.914
53.128,10.908,13.154,16.191,10.93
53.132,12.446,13.256,10.069,10.144
53.136,6.45,4.436,6.914,5.601
53.14,7.346,-0.08,8.351,1.685
53.144,2.298,3.86,6.975,-1.304
53.148,5.328,0.077,6.435,0.081
53.152,4.112,-4.117,5.967,-3.912
53.156,1.661,1.395,4.73,0.629
53.16,2.883,-9.098,8.177,0.451
53.164,-2.191,-6.397,-0.078,-3.454
53.168,3.287,-7.715,4.205,-7.3
53.172,-7.14,-11.311,-3.734,-13.608
53.176,-10.508,-20.088,-7.023,-16.455
53.18,-12.019,-22.676,-12.756,-22.259
53.184,-17.045,-17.869,-16.04,-21.54
53.188,-7.894,-13.714,-11.666,-12.058
53.192,-10.462,-14.044,-14.826,-13.715
53.196,-4.625,-3.079,-6.224,-6.128
53.2,6.244,-0.568,2.366,-0.079
53.204,10.425,14.689,6.186,7.781
53.208,25.185,16.361,18.363,14.384
53.212,23.82,22.179,24.12,17.53
53.216,16.146,27.416,16.306,21.683
53.22,25.028,26.814,18.606,16.821
53.224,22.561,23.511,15.672,11.523
53.228,14.84,21.364,12.355,12.379
53.232,6.973,15.094,9.121,10.763
53.236,6.279,13.94,1.796,1.752
53.24,1.862,0.834,3.015,3.561
53.244,-1.608,2.964,-0.413,2.063
53.248,-2.874,0.659,-2.179,4.571
53.252,0.151,-1.623,1.063,5.701
53.256,1.39,-1.65,-3.112,1.695
53.26,-1.923,-5.324,-0.956,-1.568
53.264,-11.773,-7.123,-3.159,-8.549
53.268,-9.194,-17.418,-8.37,-4.479
53.272,-13.787,-11.399,-3.788,-8.395
53.276,-16.719,-23.262,-12.276,-16.746
53.28,-27.278,-23.64,-19.253,-17.912
53.284,-25.979,-25.442,-20.15,-22.983
53.288,-22.81,-22.428,-18.771,-20.047
53.292,-22.081,-19.68,-14.578,-17.946
53.296,-12.607,-10.889,-5.642,-6.777
53.3,-6.815,-2.064,-0.157,-1.199
53.304,-1.669,-3.221,-1.499,11.333
53.308,5.102,9.824,13.104,14.685
53.312,15.606,14.728,12.001,19.312
53.316,10.795,25.52,14.011,19.938
53.32,9.685,21.534,17.103,23.707
53.324,11.62,21.888,4.979,20.33
53.328,6.746,16.201,11.006,11.274
53.332,-1.015,11.402,3.599,8.304
53.336,-1.869,9.077,-1.653,7.944
53.34,-4.771,8.857,-2.457,-2.32
53.344,-4.939,9.061,-2.234,0.951
53.348,4.851,3.671,-4.543,-1.16
53.352,-3.003,0.055,-1.974,4.527
53.356,-4.53,3.546,-6.743,1.546
53.36,3.323,-3.676,-2.041,-6.422
53.364,-2.326,-2.75,-4.887,-4.947
53.368,-6.353,-5.45,-6.098,-3.197
53.372,-15.311,-11.675,-14.495,-9.113
53.376,-13.401,-17.484,-18.657,-19.101
53.38,-17.58,-18.315,-25.772,-21.904
53.384,-20.658,-18.166,-24.331,-19.669
53.388,-24.806,-18.341,-21.123,-18.416
53.392,-15.721,-12.027,-16.702,-14.751
53.396,-4.411,-9.105,-7.284,-8.794
53.4,-1.743,4.125,-3.371,-1.764
53.404,3.622,10.398,2.647,14.351
53.408,10.003,16.156,11.028,12.884
53.412,14.006,18.252,11.883,16.275
53.416,13.254,20.333,18.985,21.421
53.42,14.121,17.893,11.71,18.664
53.424,15.128,19.19,9.279,13.208
53.428,10.189,9.594,2.863,11.039
53.432,-0.812,9.421,1.912,7.228
53.436,1.262,3.017,0.092,4.99
53.44,-3.013,6.683,1.103,2.147
53.444,-4.72,0.395,-4.462,-3.001
53.448,-5.554,-3.037,-4.209,1.717
53.452,-9.404,-7.869,-10.346,2.786
53.456,-7.873,-10.32,-0.902,-3.273
53.46,-5.11,-6.998,-1.892,-3.538
53.464,-13.415,-6.095,-3.896,-4.226
53.468,-16.225,-13.866,-2.874,-6.75
53.472,-16.075,-18.28,-10.106,-11.017
53.476,-22.972,-21.343,-17.31,-16.101
53.48,-20.478,-23.31,-21.972,-23.263
53.484,-25.434,-22.648,-23.831,-16.867
53.488,-20.019,-22.513,-20.112,-21.227
53.492,-14.687,-18.184,-13.314,-9.929
53.496,-9.883,-7.833,-14.177,-4.082
53.5,-0.719,4.48,-0.405,-3.341
53.504,6.396,10.492,10.253,8.642
53.508,15.615,11.563,11.33,18.064
53.512,17.867,19.692,18.241,20.019
53.516,22.501,25.445,17.385,14.81
53.52,25.195,28.17,11.131,18.856
53.524,17.193,27.286,13.66,18.474
53.528,15.532,18.174,8.554,16.832
53.532,14.657,17.566,9.717,7.002
53.536,3.561,12.239,5.385,-1.299
53.54,13.176,8.126,-1.151,7.773
53.544,9.792,6.417,5.449,-0.322
53.548,1.998,4.775,4.515,4.224
53.552,0.537,6.561,2.767,-0.665
53.556,6.709,-3.028,5.28,1.604
53.56,1.936,-0.007,1.021,-3.265
53.564,5.451,-0.3,-5.542,-5.698
53.568,-0.269,-4.875,-1.391,-1.979
53.572,-5.83,-11.961,-10.182,-8.97
53.576,-12.51,-19.946,-11.175,-16.057
53.58,-9.445,-18.049,-12.557,-16.165
53.584,-13.393,-17.114,-20.841,-21.937
53.588,-12.674,-20.955,-12.935,-18.248
53.592,-7.088,-14.286,-6.878,-13.674
53.596,-7.808,-10.014,-9.162,-9.86
53.6,6.258,-4.193,6.872,-2.668
53.604,8.807,3.804,18.121,1.919
53.608,16.665,11.255,18.055,11.078
53.612,19.187,12.425,25.179,23.736
53.616,15.466,13.971,21.315,14.572
53.62,22.901,14.283,25.763,18.864
53.624,11.502,15.753,21.106,16.431
53.628,9.912,6.953,15.671,11.04
53.632,7.169,0.843,10.898,10.031
53.636,-0.87,8.039,7.893,2.874
53.64,-0.559,-1.924,4.285,4.069
53.644,2.621,-1.354,0.885,1.693
53.648,1.055,0.843,3.853,-4.169
53.652,1.931,-7.08,5.068,3.594
53.656,0.269,-8.129,2.158,-0.987
53.66,2.46,-7.386,4.627,-6.582
53.664,-0.665,-5.1,2.468,-2.286
53.668,-7.843,-11.22,-2.709,-8.269
53.672,-7.44,-14.551,-4.812,-6.903
53.676,-14.312,-18.274,-8.8,-12.686
53.68,-10.495,-17.267,-16.15,-21.675
53.684,-14.959,-14.262,-15.226,-17.057
53.688,-4.293,-6.876,-11.783,-20.341
53.692,-4.485,-11.254,-13.635,-18.952
53.696,-1.261,0.594,-9.448,-9.428
53.7,8.482,6.802,0.115,-3.987
53.704,7.994,12.307,11.909,7.543
53.708,23.386,11.445,15.082,19.773
53.712,22.051,21.537,16.606,18.489
53.716,26.079,23.808,25.241,21.288
53.72,22.245,25.577,16.311,15.959
53.724,19.036,21.497,15.669,14.352
53.728,15.561,16.586,13.596,13.425
53.732,11.271,19.956,8.566,7.203
53.736,6.508,13.522,3.885,1.537
53.74,3.302,-0.103,-1.811,4.217
53.744,-3.558,2.299,0.996,0.467
53.748,7.314,2.858,-0.327,6.056
53.752,0.379,3.027,1.59,2.087
53.756,-0.007,-4.402,4.79,-3.449
53.76,-4.327,-6.612,-3.774,-0.861
53.764,-9.211,-9.313,-1.477,-7.311
53.768,-10.587,-11.881,-6.13,-1.393
53.772,-15.236,-22.882,-8.553,-14.756
53.776,-16.995,-28.135,-10.846,-12.631
53.78,-18.195,-20.737,-14.611,-16.105
53.784,-21.378,-27.793,-18.928,-21.951
53.788,-29.812,-16.303,-22.118,-17.267
53.792,-21.88,-20.666,-17.719,-13.213
53.796,-13.256,-12.061,-8.165,-5.086
53.8,-7.944,-2.698,-6.799,0.531
53.804,0.739,-2.412,3.758,5.58
53.808,0.95,19.403,8.389,15.663
53.812,14.601,14.643,10.981,19.945
53.816,8.158,16.042,16.417,17.11
53.82,8.471,15.455,16.528,12.052
53.824,7.543,18.473,12.369,17.748
53.828,6.545,15.399,6.223,12.909
53.832,-1.948,7.757,0.09,8.704
53.836,-3.492,3.868,-4.228,7.656
53.84,1.126,8.654,-2.344,3.837
53.844,-3.351,1.844,-7.214,3.926
53.848,-1.423,-2.398,-6.832,2.24
53.852,-5.804,1.48,-3.063,0.541
53.856,-2.048,-0.433,-6.747,-3.734
53.86,-3.15,4.734,-4.222,3.415
53.864,-7.377,-5.488,-8.298,-4.328
53.868,-8.681,-8.419,-12.43,-9.226
53.872,-18.488,-10.692,-15.768,-9.878
53.876,-15.66,-16.482,-17.313,-21.48
53.88,-21.228,-15.629,-22.472,-21.185
53.884,-21.871,-20.267,-23.45,-21.791
53.888,-17.101,-15.898,-20.681,-20.226
53.892,-14.365,-9.649,-16.949,-8.175
53.896,-10.556,-1.336,-12.959,-7.831
53.9,-5.754,0.593,-3.086,-1.917
53.904,8.737,7.604,2.42,7.439
53.908,6.668,19.983,10.672,16.542
53.912,16.371,17.754,16.68,12.534
53.916,10.861,20.919,16.572,20.247
53.92,16.999,25.518,10.051,17.609
53.924,13.831,17.877,9.004,16.782
53.928,0.463,12.924,8.033,8.352
53.932,2.799,8.651,-4.802,6.869
53.936,-1.467,2.697,-0.873,3.29
53.94,-3.187,2.764,-3.055,-2.603
53.944,-5.524,-3.957,3.892,5.638
53.948,-9.736,-0.7,-2.239,1.135
53.952,-7.265,-4.505,-2.665,2.873
53.956,-1.662,-5.523,1.919,-1.107
53.96,-10.933,-3.296,-3.008,-0.564
53.964,-8.825,-15.839,-3.817,-7.305
53.968,-9.649,-15.02,-7.125,-9.329
53.972,-19.966,-16.892,-9.944,-14.486
53.976,-24.854,-23.76,-18.831,-15.084
53.98,-26.748,-20.766,-16.755,-13.847
53.984,-21.986,-24.892,-21.937,-17.193
53.988,-24.576,-19.583,-12.597,-12.817
53.992,-16.077,-15.634,-18.975,-11.6
53.996,-4.323,-7.675,-10.12,-6.324
54.0,-0.154,0.222,-6.088,-2.767
54.004,6.103,8.065,16.743,8.554
54.008,16.047,13.843,10.755,12.558
54.012,20.546,18.464,21.055,20.749
54.016,24.529,24.206,22.541,15.826
54.02,27.807,23.777,16.537,18.644
54.024,21.794,19.835,18.381,16.025
54.028,23.095,19.836,8.538,17.149
54.032,14.468,13.705,4.951,4.339
54.036,7.492,16.158,-0.742,7.204
54.04,14.474,15.953,3.984,3.679
54.044,6.281,10.397,-4.305,-0.722
54.048,3.449,8.551,3.52,1.119
54.052,13.821,5.478,3.165,-0.64
54.056,4.421,0.555,9.519,-0.002
54.06,2.979,-7.109,3.955,1.051
54.064,0.912,-7.994,4.388,3.935
54.068,-0.958,-11.2,-0.129,-4.516
54.072,-3.408,-10.044,-6.4,-11.047
54.076,-18.746,-16.906,-7.15,-11.702
54.08,-11.466,-22.358,-12.65,-23.23
54.084,-17.317,-26.625,-12.314,-21.117
54.088,-15.722,-12.455,-16.338,-18.051
54.092,-5.543,-13.759,-7.773,-17.097
54.096,-4.111,-6.672,-0.52,-9.207
54.1,3.747,-3.958,1.488,-4.968
54.104,9.455,4.333,12.202,3.748
54.108,17.952,9.837,13.605,13.246
54.112,24.511,15.373,18.196,15.431
54.116,13.674,22.754,24.149,21.166
54.12,23.283,13.339,28.403,19.771
54.124,21.617,14.646,25.209,17.044
54.128,14.315,12.433,14.103,10.276
54.132,6.495,7.144,7.561,10.655
54.136,1.534,6.908,9.492,5.202
54.14,9.828,-4.091,-1.533,1.882
54.144,-0.828,4.879,2.594,0.744
54.148,6.648,-6.035,2.052,-0.732
54.152,3.895,-6.155,4.952,4.065
54.156,9.152,-5.159,9.806,3.38
54.16,1.366,-7.431,-2.807,-2.304
54.164,-4.512,-6.711,3.585,-3.205
54.168,-2.913,-10.229,-0.117,-8.598
54.172,-11.297,-14.186,-6.051,-4.393
54.176,-2.555,-21.642,-9.694,-16.739
54.18,-11.3,-19.372,-12.616,-15.382
54.184,-11.45,-18.498,-15.198,-11.866
54.188,-9.522,-12.131,-20.616,-17.302
54.192,-9.466,-10.212,-13.271,-19.207
54.196,-1.267,-2.836,0.334,-3.054
54.2,7.074,9.692,-0.562,-1.535
54.204,20.095,8.026,10.571,5.523
54.208,17.027,16.911,14.288,19.319
54.212,22.326,19.264,22.106,14.348
54.216,24.721,29.642,20.825,24.207
54.22,22.407,29.525,21.817,18.297
54.224,16.523,26.675,17.33,10.414
54.228,7.99,19.917,10.217,14.441
54.232,5.56,15.008,-0.131,0.653
54.236,9.886,8.223,0.034,3.562
54.24,3.283,8.274,-3.426,-3.695
54.244,3.826,-0.702,-4.319,-0.939
54.248,-1.43,-2.889,1.14,1.981
54.252,-0.612,-2.225,6.445,1.377
54.256,3.52,2.519,-6.718,0.578
54.26,1.351,-7.506,-4.711,1.819
54.264,-3.763,-10.732,-1.937,-3.7
54.268,-10.433,-13.003,-7.316,-8.057
54.272,-14.55,-15.579,-10.026,-10.933
54.276,-19.788,-18.333,-16.321,-17.958
54.28,-24.929,-27.861,-15.9,-16.38
54.284,-27.023,-25.113,-19.722,-19.692
54.288,-21.145,-21.998,-17.691,-16.105
54.292,-24.386,-17.101,-13.398,-14.513
54.296,-9.801,-8.909,-13.907,-6.087
54.3,-7.569,-1.344,-1.177,1.995
54.304,-3.072,4.061,6.387,1.526
54.308,5.749,14.267,9.579,9.598
54.312,9.235,18.734,13.467,16.578
54.316,12.057,21.222,14.713,19.51
54.32,11.407,17.367,11.521,22.794
54.324,8.686,19.527,6.427,17.335
54.328,5.914,18.137,12.305,13.359
54.332,2.725,9.613,4.387,12.033
54.336,1.981,8.379,-2.576,7.828
54.34,-3.056,10.182,-9.361,-1.817
54.344,-2.036,5.0,-4.042,3.744
54.348,-2.701,2.502,-6.304,0.205
54.352,-0.473,6.309,-4.766,-1.436
54.356,-1.747,-0.64,2.94,-0.926
54.36,-4.683,-6.204,1.217,-3.085
54.364,-7.745,-6.259,-13.805,-3.276
54.368,-7.897,-4.086,-9.319,-7.657
54.372,-8.991,-9.789,-14.521,-8.081
54.376,-17.663,-14.565,-18.51,-10.174
54.38,-22.132,-13.768,-24.675,-20.184
54.384,-21.868,-16.716,-24.32,-23.791
54.388,-21.341,-15.847,-26.239,-16.249
54.392,-17.662,-8.364,-15.708,-11.156
54.396,-13.931,-5.895,-9.403,-6.443
54.4,-3.137,3.822,0.168,-4.616
54.404,5.458,7.014,0.604,5.208
54.408,7.443,12.195,10.167,14.423
54.412,11.848,16.812,19.685,16.404
54.416,12.809,21.011,12.984,16.91
54.42,10.085,18.436,10.762,25.401
54.424,7.933,15.815,11.395,12.974
54.428,5.607,13.207,9.585,15.409
54.432,-2.575,8.953,-0.338,8.646
54.436,-2.979,0.265,3.955,5.524
54.44,-7.407,-6.156,-6.604,4.622
54.444,-9.407,0.015,-2.315,-2.021
54.448,-5.718,-2.618,-5.566,-1.009
54.452,-8.534,-8.662,-3.738,1.527
54.456,-8.066,-4.921,0.896,-5.593
54.46,-3.715,-7.182,-2.602,3.741
54.464,-12.554,-12.398,-8.501,-3.351
54.468,-8.405,-9.215,-9.787,-10.234
54.472,-18.037,-14.998,-9.58,-8.508
54.476,-24.012,-23.109,-14.869,-15.698
54.48,-24.612,-24.76,-17.079,-21.133
54.484,-22.965,-27.632,-22.167,-17.066
54.488,-16.988,-16.784,-21.955,-25.229
54.492,-13.274,-14.523,-16.892,-12.722
54.496,-8.245,-5.691,-10.099,-3.654
54.5,3.78,-6.402,-0.141,-2.499
54.504,2.793,10.493,4.296,3.739
54.508,16.419,13.734,17.632,15.25
54.512,21.682,22.211,20.322,16.222
54.516,24.138,24.822,17.766,26.648
54.52,18.119,23.557,18.659,17.378
54.524,17.553,19.82,13.401,15.39
54.528,16.494,20.002,11.297,13.354
54.532,16.447,12.585,4.887,1.953
54.536,15.54,14.643,10.37,3.878
54.54,5.616,6.321,-2.798,4.567
54.544,2.726,6.298,-2.237,-0.198
54.548,9.061,2.314,1.626,-3.553
54.552,14.693,3.512,3.817,-1.193
54.556,9.941,-1.91,4.59,-5.79
54.56,3.051,-3.839,6.61,-2.081
54.564,11.15,1.965,3.171,-0.369
54.568,0.609,-6.637,-4.429,-9.281
54.572,-8.573,-12.559,-2.904,-9.692
54.576,-4.997,-16.132,-8.61,-20.42
54.58,-16.855,-19.463,-9.63,-13.33
54.584,-17.516,-21.356,-14.856,-16.51
54.588,-12.303,-17.139,-10.284,-19.729
54.592,-10.763,-17.84,-17.526,-17.95
54.596,-4.64,-4.611,-4.382,-9.109
54.6,2.52,-1.99,2.017,0.846
54.604,12.944,7.154,14.529,10.842
54.608,8.688,15.589,16.601,7.65
54.612,20.51,16.654,25.884,21.869
54.616,20.229,14.785,26.691,20.674
54.62,17.772,20.61,21.18,15.478
54.624,14.71,19.858,20.292,8.326
54.628,4.9,5.511,14.374,12.202
54.632,6.132,7.188,10.764,8.068
54.636,8.862,4.796,8.959,1.85
54.64,5.239,0.324,3.499,3.945
54.644,1.312,-4.51,-1.164,6.147
54.648,-2.139,-4.573,6.083,-1.308
54.652,5.189,-8.312,8.429,-2.13
54.656,6.944,-0.945,0.58,5.105
54.66,5.424,-1.367,4.849,-1.87
54.664,-2.596,-3.905,-0.142,-1.721
54.668,-5.514,-11.243,2.234,-9.23
54.672,-1.87,-13.711,-2.321,-8.368
54.676,-14.214,-14.178,-12.998,-19.707
54.68,-11.754,-19.652,-18.106,-18.533
54.684,-19.117,-21.405,-14.939,-19.016
54.688,-12.759,-17.54,-17.838,-18.8
54.692,-5.63,-10.283,-8.03,-15.89
54.696,-0.96,-6.125,-4.852,-2.206
54.7,8.315,5.224,7.755,2.427
54.704,10.584,7.441,15.279,4.989
54.708,18.039,17.347,21.108,8.329
54.712,25.958,23.888,21.531,22.688
54.716,27.9,25.22,18.596,17.125
54.72,25.087,22.295,15.403,19.154
54.724,23.741,24.294,17.965,16.249
54.728,11.133,19.063,13.394,12.647
54.732,9.642,7.599,7.342,2.343
54.736,12.057,10.963,-1.354,2.652
54.74,7.158,4.699,-2.2,1.161
54.744,3.22,1.567,-0.428,-0.121
54.748,-0.149,-1.524,-2.21,2.035
54.752,2.787,-3.975,-1.957,0.604
54.756,-0.032,-2.522,-2.222,1.29
54.76,-7.86,-4.328,-0.598,-3.004
54.764,-3.602,-9.138,-3.255,1.422
54.768,-13.639,-11.018,-9.036,-8.276
54.772,-13.825,-16.531,-11.355,-10.801
54.776,-25.748,-28.11,-15.433,-15.63
54.78,-19.631,-27.25,-18.794,-17.615
54.784,-26.634,-21.258,-24.305,-16.302
54.788,-27.84,-26.479,-21.243,-20.775
54.792,-22.564,-26.28,-16.404,-11.504
54.796,-15.274,-6.012,-9.953,-5.373
54.8,-6.76,-2.914,-6.944,0.52
54.804,4.825,1.935,3.435,8.265
54.808,7.596,8.265,12.382,10.514
54.812,5.345,17.716,12.729,17.233
54.816,10.095,19.991,16.74,14.182
54.82,21.461,19.935,14.203,18.05
54.824,10.993,16.822,9.189,15.783
54.828,9.69,10.685,9.654,7.593
54.832,1.995,11.047,0.239,8.306
54.836,-3.324,11.179,-3.285,7.321
54.84,-3.765,3.862,-6.413,1.855
54.844,-2.629,5.614,-1.238,0.029
54.848,-4.104,1.551,-1.039,-1.686
54.852,3.661,4.328,-0.856,1.224
54.856,-3.735,-2.168,-1.195,-3.094
54.86,-5.907,-1.075,-7.13,-8.444
54.864,-2.564,-2.552,-8.06,1.039
54.868,-5.731,-9.52,-12.727,-4.526
54.872,-12.721,-10.263,-11.927,-15.087
54.876,-18.782,-14.858,-12.569,-20.311
54.88,-25.731,-17.084,-20.964,-18.649
54.884,-17.437,-19.25,-19.301,-19.71
54.888,-17.051,-12.188,-21.585,-15.804
54.892,-16.981,-13.704,-17.87,-14.986
54.896,-9.422,-3.91,-14.164,-4.12
54.9,-3.084,-0.196,-2.916,-0.65
54.904,9.637,9.199,5.664,11.223
54.908,7.575,17.288,12.519,13.437
54.912,12.623,18.543,13.865,15.66
54.916,13.503,11.861,15.604,18.78
54.92,15.176,16.345,13.607,20.931
54.924,10.968,11.201,8.801,17.035
54.928,6.801,13.871,8.734,11.947
54.932,-1.19,9.155,-4.022,4.277
54.936,1.888,3.867,-6.861,3.519
54.94,-6.659,-0.468,-5.498,-0.75
54.944,-3.057,-0.522,-8.11,-1.991
54.948,2.568,-7.378,-0.278,2.876
54.952,-9.233,-1.683,-3.668,-2.19
54.956,-5.629,-6.004,1.06,-2.515
54.96,-8.004,-11.32,1.94,-0.266
54.964,-3.701,-12.747,-3.759,-6.448
54.968,-13.944,-15.487,-6.41,-9.071
54.972,-16.247,-22.948,-8.064,-6.013
54.976,-19.923,-19.899,-13.064,-16.475
54.98,-23.251,-20.723,-25.468,-16.941
54.984,-20.905,-22.906,-21.596,-12.358
54.988,-20.472,-17.636,-17.237,-17.654
54.992,-14.225,-7.313,-13.789,-12.407
54.996,-7.796,-13.796,-10.826,-6.647
55.0,-1.814,0.156,-5.123,-0.976
55.004,7.63,4.131,9.682,7.962
55.008,17.337,19.946,11.905,13.445
55.012,22.406,21.197,18.372,15.52
55.016,26.906,21.164,20.794,22.403
55.02,28.528,22.838,18.767,13.54
55.024,19.04,25.921,13.266,15.996
55.028,17.398,20.163,11.496,10.951
55.032,12.522,16.83,5.758,4.3
55.036,6.472,15.956,8.911,5.568
55.04,9.303,11.349,2.615,-1.857
55.044,8.989,9.602,9.271,-1.178
55.048,3.382,4.172,-1.615,2.074
55.052,5.726,-3.726,2.633,-5.666
55.056,5.204,1.496,3.377,3.187
55.06,0.771,-3.405,1.526,-1.318
55.064,2.457,-2.553,0.79,-4.627
55.068,-4.887,-14.481,-3.103,-11.546
55.072,-5.723,-11.183,-9.026,-11.518
55.076,-9.992,-17.109,-5.111,-15.899
55.08,-13.066,-19.318,-14.04,-17.329
55.084,-14.329,-19.233,-12.229,-21.312
55.088,-9.89,-19.495,-10.584,-21.178
55.092,-13.114,-16.358,-5.073,-13.04
55.096,-7.026,-5.993,-5.872,-9.317
55.1,4.37,-0.572,8.554,1.513
55.104,9.205,6.816,12.202,4.491
55.108,19.037,10.621,24.927,16.363
55.112,21.342,15.509,24.532,22.722
55.116,26.854,17.177,20.871,19.404
55.12,19.755,11.719,26.775,23.015
55.124,12.529,10.626,23.054,18.234
55.128,13.833,10.981,11.143,12.799
55.132,8.312,1.862,12.65,7.368
55.136,6.594,3.591,11.521,2.067
55.14,4.73,-1.567,5.914,4.802
55.144,0.283,-1.0,0.882,3.033
55.148,-0.932,-1.414,7.327,-3.246
55.152,2.286,-8.34,7.208,0.455
55.156,-4.129,-2.835,4.987,-2.487
55.16,2.563,-6.837,3.578,0.217
55.164,-0.912,-14.952,4.636,-1.452
55.168,-0.335,-12.537,-3.879,-12.099
55.172,-12.795,-13.387,-5.263,-12.04
55.176,-10.568,-18.605,-6.972,-14.7
55.18,-8.46,-20.354,-9.6,-18.694
55.184,-11.758,-18.095,-17.249,-14.553
55.188,-8.916,-17.266,-19.271,-22.971
55.192,-6.366,-11.611,-12.725,-9.915
55.196,-5.855,-7.964,-2.009,-10.235
55.2,7.243,2.249,0.717,-6.43
55.204,15.489,17.159,13.577,8.545
55.208,17.264,18.61,14.223,13.604
55.212,24.133,23.478,18.65,18.529
55.216,17.106,22.895,20.914,21.468
55.22,23.426,23.316,22.686,20.617
55.224,19.591,21.404,11.43,14.381
55.228,20.311,20.898,12.226,14.225
55.232,9.231,17.463,7.342,1.358
55.236,5.79,8.234,-0.341,3.416
55.24,3.07,5.896,1.261,4.596
55.244,-0.452,2.437,-1.217,0.903
55.248,2.477,3.253,-3.764,0.04
55.252,-6.295,0.44,0.149,-0.922
55.256,2.091,-3.412,-2.449,0.996
55.26,-3.343,-2.937,-2.114,-2.05
55.264,-2.684,-8.043,0.007,-1.819
55.268,-19.282,-16.18,-7.492,-8.966
55.272,-23.413,-18.251,-8.808,-7.212
55.276,-21.776,-22.619,-16.652,-14.332
55.28,-22.91,-27.464,-22.74,-13.53
55.284,-27.474,-25.499,-19.993,-21.067
55.288,-22.761,-19.254,-18.641,-14.579
55.292,-17.555,-14.79,-20.143,-17.777
55.296,-12.265,-8.767,-6.922,-5.418
55.3,-6.433,-1.467,1.624,-0.347
55.304,1.157,4.608,6.338,7.942
55.308,5.541,9.006,10.836,16.169
55.312,11.692,17.519,20.546,20.482
55.316,10.712,13.618,17.291,22.419
55.32,10.834,16.938,14.751,20.024
55.324,12.13,20.702,15.668,17.599
55.328,5.449,13.05,10.676,11.124
55.332,0.707,13.075,-3.171,5.476
55.336,1.037,6.895,-4.166,4.199
55.34,-1.181,7.139,-3.201,-5.228
55.344,-3.66,-0.81,-1.998,1.303
55.348,-3.171,6.58,-8.708,2.5
55.352,-0.847,-1.424,-1.573,1.969
55.356,1.02,-3.314,-5.018,-1.879
55.36,-2.139,2.538,-2.325,-7.343
55.364,-8.567,-3.93,-8.411,-1.731
55.368,-9.192,-8.413,-17.414,-9.774
55.372,-14.033,-6.648,-20.331,-15.651
55.376,-20.134,-12.576,-22.954,-13.128
55.38,-18.535,-18.3,-24.777,-23.034
55.384,-19.375,-17.62,-24.351,-20.418
55.388,-17.478,-11.958,-24.51,-12.92
55.392,-18.634,-13.76,-18.962,-15.983
55.396,-9.128,-0.419,-13.913,-10.781
55.4,-2.423,1.021,-4.769,1.522
55.404,5.673,6.783,5.717,8.565
55.408,11.078,18.62,9.313,9.009
55.412,14.446,21.613,15.177,18.41
55.416,15.255,15.76,17.153,23.438
55.42,17.566,20.059,13.317,23.168
55.424,8.214,14.359,5.122,15.192
55.428,5.681,16.063,6.848,13.277
55.432,4.696,14.329,-0.359,9.035
55.436,-4.999,6.532,0.743,6.724
55.44,-7.577,-0.868,0.24,0.936
55.444,-4.418,1.485,-5.062,3.931
55.448,-11.121,-3.187,-3.044,-2.299
55.452,-4.631,-4.772,-0.336,2.45
55.456,-8.125,-7.686,-4.01,-3.052
55.46,-6.379,-8.171,-1.947,-6.579
55.464,-13.456,-11.705,-8.586,-1.863
55.468,-9.547,-22.306,-4.259,1.458
55.472,-20.645,-18.728,-6.686,-10.828
55.476,-18.429,-22.325,-15.762,-16.601
55.48,-26.476,-22.579,-21.511,-15.242
55.484,-17.746,-29.278,-19.575,-21.237
55.488,-20.966,-18.922,-22.6,-23.547
55.492,-9.818,-15.178,-15.743,-11.153
55.496,-10.893,-6.675,-9.103,-2.92
55.5,-1.328,-4.887,-1.565,0.387
55.504,12.069,4.456,8.506,8.522
55.508,11.392,9.638,15.737,12.154
55.512,18.654,20.897,18.818,17.765
55.516,24.656,22.223,23.062,20.571
55.52,19.893,23.187,20.426,19.103
55.524,22.169,17.734,14.579,16.08
55.528,17.504,15.176,11.421,2.367
55.532,8.562,7.605,7.149,7.903
55.536,12.697,7.455,2.794,-0.283
55.54,3.822,6.535,3.504,2.635
55.544,8.97,4.435,-4.823,3.218
55.548,6.999,4.348,2.436,1.571
55.552,5.484,5.321,4.464,-3.335
55.556,3.304,-0.882,6.087,-2.548
55.56,6.284,0.055,7.182,-1.409
55.564,-0.051,-2.584,1.422,-1.139
55.568,2.172,-5.72,0.832,-4.425
55.572,-2.467,-12.198,-4.258,-10.707
55.576,-5.873,-17.455,-9.702,-18.866
55.58,-13.402,-23.62,-17.964,-15.446
55.584,-16.866,-20.272,-11.739,-19.981
55.588,-15.374,-20.538,-13.266,-19.445
55.592,-11.799,-11.23,-10.114,-15.441
55.596,-4.007,-9.124,-6.396,-12.15
55.6,3.714,-2.831,-2.577,3.299
55.604,13.295,8.997,18.13,7.209
55.608,15.721,9.422,19.741,11.904
55.612,15.447,15.17,19.636,20.074
55.616,19.877,23.245,20.547,22.266
55.62,24.697,17.75,22.166,13.77
55.624,12.306,18.145,22.0,20.625
55.628,15.029,15.862,16.911,18.453
55.632,7.356,5.838,12.461,7.714
55.636,2.34,6.648,4.048,4.417
55.64,3.929,0.118,3.941,8.389
55.644,6.57,5.348,4.185,-3.233
55.648,3.116,2.407,4.126,-1.674
55.652,1.936,-0.535,6.849,1.853
55.656,-0.874,-0.677,10.401,3.398
55.66,2.025,-7.575,5.589,-1.094
55.664,-3.686,-2.831,0.899,-6.14
55.668,-3.849,-13.868,-5.505,-3.544
55.672,-7.027,-13.305,-5.341,-11.812
55.676,-17.668,-19.53,-12.548,-15.969
55.68,-9.024,-16.373,-12.873,-16.179
55.684,-17.5,-13.322,-14.579,-15.386
55.688,-12.416,-14.473,-9.82,-17.533
55.692,-5.784,-9.865,-9.962,-12.546
55.696,3.055,-4.325,-3.092,-4.445
55.7,4.367,4.106,0.973,-0.679
55.704,6.736,10.499,6.032,5.939
55.708,23.735,22.975,19.675,12.878
55.712,20.764,25.053,23.941,15.491
55.716,26.888,23.781,20.44,16.64
55.72,25.693,24.681,14.051,25.631
55.724,11.144,30.837,20.264,13.289
55.728,11.26,19.092,14.951,12.604
55.732,9.658,18.225,6.206,7.151
55.736,-1.163,7.867,5.839,6.845
55.74,-0.707,7.387,0.069,1.557
55.744,1.688,1.269,-0.027,4.207
55.748,0.052,-0.64,-5.249,-0.498
55.752,0.591,1.416,4.037,0.846
55.756,0.028,-5.829,-4.581,2.207
55.76,-8.353,-9.542,4.972,-0.611
55.764,-10.444,-7.541,2.836,-2.119
55.768,-8.756,-15.331,-14.22,-6.557
55.772,-11.531,-19.115,-6.715,-16.03
55.776,-23.802,-27.492,-16.897,-13.676
55.78,-23.651,-28.308,-18.586,-15.435
55.784,-23.388,-24.161,-25.664,-20.292
55.788,-23.799,-23.372,-21.29,-18.868
55.792,-21.245,-15.347,-19.995,-13.101
55.796,-16.185,-14.206,-12.697,-1.747
55.8,-0.787,-4.302,0.728,-0.854
55.804,1.159,4.124,7.456,9.452
55.808,8.552,10.198,13.065,13.456
55.812,12.831,17.621,12.893,20.045
55.816,11.347,15.3,13.602,16.076
55.82,13.341,20.491,9.211,24.356
55.824,9.62,20.805,12.602,17.075
55.828,5.817,12.056,11.678,10.953
55.832,3.871,12.357,5.514,6.653
55.836,-3.058,9.056,-2.562,4.534
55.84,-5.935,7.254,-3.478,7.217
55.844,-1.506,3.815,-4.937,4.685
55.848,-4.319,7.02,-2.483,-0.916
55.852,-3.13,8.255,0.93,0.392
55.856,-7.673,2.647,-5.513,0.388
55.86,0.147,-0.174,-6.074,-7.064
55.864,-3.419,-3.88,-7.572,-4.391
55.868,-6.403,-11.435,-10.514,-6.778
55.872,-11.649,-15.633,-12.833,-14.513
55.876,-21.523,-18.231,-19.778,-10.792
55.88,-19.342,-16.154,-25.562,-22.346
55.884,-22.927,-17.795,-26.85,-22.949
55.888,-22.545,-10.599,-26.483,-16.178
55.892,-14.161,-18.385,-19.141,-13.145
55.896,-4.625,-4.627,-9.322,-8.941
55.9,2.076,3.651,-3.494,3.022
55.904,6.617,12.091,4.615,8.316
55.908,10.598,15.789,6.105,19.528
55.912,13.837,20.504,10.036,12.917
55.916,12.94,21.617,15.545,18.338
55.92,13.436,21.699,17.529,23.931
55.924,13.525,17.617,13.029,17.414
55.928,11.67,20.016,4.069,11.474
55.932,-0.998,10.904,8.537,6.198
55.936,-8.551,5.511,-7.933,4.749
55.94,-6.889,-0.803,-3.77,-2.226
55.944,-3.908,-2.212,-3.981,-4.258
55.948,-0.633,1.494,-4.164,1.58
55.952,-2.683,-12.006,-0.763,2.676
55.956,-2.8,-6.059,-2.178,2.777
55.96,-10.158,-8.56,-6.461,-2.496
55.964,-12.258,-9.991,-4.209,-5.106
55.968,-17.074,-14.297,-6.898,-7.418
55.972,-18.99,-14.258,-9.01,-14.77
55.976,-17.861,-21.617,-11.809,-13.981
55.98,-18.076,-23.811,-21.822,-19.856
55.984,-22.135,-20.402,-15.343,-20.103
55.988,-21.517,-15.859,-20.059,-18.779
55.992,-18.871,-13.203,-15.967,-12.439
55.996,-8.774,-5.126,-9.081,-6.726
56.0,0.609,-0.652,-5.854,5.719
56.004,4.047,8.537,6.58,6.432
56.008,18.435,19.721,18.369,19.359
56.012,19.48,22.038,20.207,12.817
56.016,25.755,22.532,21.042,21.372
56.02,22.917,23.717,20.307,14.211
56.024,21.495,25.023,19.846,12.901
56.028,14.887,22.185,9.111,8.865
56.032,12.069,12.567,10.103,4.251
56.036,11.72,12.579,4.143,1.875
56.04,7.215,8.462,-0.377,7.81
56.044,3.341,6.033,2.962,-2.589
56.048,6.948,8.542,2.591,-4.951
56.052,8.007,2.323,1.116,1.591
56.056,10.739,-0.542,1.081,0.681
56.06,8.754,-3.856,2.552,5.441
56.064,2.372,-5.442,0.311,-3.822
56.068,-3.093,-11.376,1.999,-14.271
56.072,-6.885,-16.262,-6.733,-13.072
56.076,-12.371,-20.345,-11.614,-17.315
56.08,-12.727,-22.871,-10.404,-22.667
56.084,-12.528,-23.372,-10.961,-21.591
56.088,-10.764,-18.212,-16.049,-18.701
56.092,-11.925,-21.239,-13.089,-14.163
56.096,-6.287,-11.503,-1.379,-11.726
56.1,1.143,-2.652,4.133,1.828
56.104,3.805,8.195,10.788,12.492
56.108,12.053,10.131,21.935,14.823
56.112,19.553,14.72,22.176,21.572
56.116,22.237,16.953,30.084,20.447
56.12,21.503,11.481,23.145,15.829
56.124,14.634,16.747,20.068,16.786
56.128,11.338,13.203,21.737,10.282
56.132,7.719,9.938,11.344,4.08
56.136,3.847,11.439,4.591,3.465
56.14,4.807,-2.78,1.416,3.669
56.144,-2.038,-5.236,2.418,-0.976
56.148,-1.353,0.194,5.004,5.71
56.152,1.828,-3.778,7.944,2.962
56.156,-1.082,-6.768,1.167,-1.689
56.16,-3.38,-6.336,4.968,-2.943
56.164,-4.17,-9.839,6.49,2.735
56.168,-3.648,-5.98,-0.36,-8.417
56.172,-4.946,-7.741,-1.801,-10.697
56.176,-8.633,-22.295,-15.092,-14.708
56.18,-8.425,-23.383,-14.839,-24.14
56.184,-13.479,-20.835,-15.312,-25.036
56.188,-11.149,-17.897,-12.851,-15.683
56.192,-8.137,-13.136,-13.158,-17.123
56.196,-1.476,-4.567,-3.21,-7.549
56.2,12.985,2.464,4.421,-4.53
56.204,15.047,7.446,10.108,6.599
56.208,21.544,14.995,17.862,14.622
56.212,21.077,27.31,21.271,12.072
56.216,27.041,23.751,19.458,20.066
56.22,26.403,23.274,19.378,19.296
56.224,24.231,17.528,12.434,14.567
56.228,17.994,16.886,6.898,8.488
56.232,10.66,16.749,7.319,6.278
56.236,6.081,11.384,-3.049,2.574
56.24,3.091,8.399,-0.533,6.983
56.244,1.641,-0.469,0.563,-0.317
56.248,4.12,-2.693,-0.322,-1.503
56.252,2.9,2.435,6.927,-0.259
56.256,0.94,-0.663,1.958,1.226
56.26,2.78,-6.741,-0.998,-0.048
56.264,-14.558,-7.038,-0.809,-2.35
56.268,-12.421,-17.475,-10.492,-5.599
56.272,-16.138,-22.009,-8.386,-16.17
56.276,-22.917,-26.941,-17.696,-14.424
56.28,-27.217,-23.416,-16.533,-18.416
56.284,-30.961,-24.173,-20.232,-21.773
56.288,-25.446,-24.238,-18.445,-17.933
56.292,-17.817,-20.416,-18.113,-14.311
56.296,-11.941,-4.263,-13.763,-7.647
56.3,-9.0,-4.582,-6.426,0.523
56.304,1.531,8.148,-0.689,2.55
56.308,11.458,10.371,9.453,14.77
56.312,7.298,14.326,12.749,20.204
56.316,13.308,22.807,18.709,20.635
56.32,14.048,21.324,11.058,16.793
56.324,10.617,17.316,17.15,13.384
56.328,9.389,17.927,2.864,12.336
56.332,-1.574,18.716,-1.575,9.818
56.336,-3.328,5.787,-7.094,7.625
56.34,-0.275,6.903,-4.929,3.503
56.344,-8.121,2.583,-6.645,1.581
56.348,-0.288,-0.039,-5.535,-7.737
56.352,-0.745,-0.963,-3.076,-1.731
56.356,0.339,5.549,-0.856,0.893
56.36,-4.15,-6.59,-7.987,-3.248
56.364,-3.461,-2.398,-6.651,-6.49
56.368,-12.044,-9.97,-7.849,-10.595
56.372,-14.055,-6.033,-18.3,-6.495
56.376,-16.866,-15.589,-11.283,-19.873
56.38,-22.725,-18.044,-15.978,-19.605
56.384,-20.445,-12.508,-24.554,-22.087
56.388,-23.089,-12.55,-26.277,-20.844
56.392,-14.855,-9.206,-21.754,-12.747
56.396,-4.375,-2.332,-11.722,-5.115
56.4,-6.174,-0.899,-2.836,-3.531
56.404,4.683,11.623,-2.602,7.742
56.408,5.835,14.762,6.52,13.64
56.412,11.984,20.492,13.98,16.896
56.416,17.759,22.543,10.797,17.102
56.42,12.953,17.048,12.899,22.294
56.424,13.027,19.456,11.788,12.871
56.428,7.268,13.109,5.604,7.881
56.432,1.258,5.45,-0.539,10.705
56.436,-5.654,4.479,-1.583,4.299
56.44,-3.24,1.471,-2.336,-2.335
56.444,-5.707,0.596,-7.052,-0.186
56.448,-11.434,-10.201,-2.503,-1.982
56.452,-9.507,-3.387,-1.366,4.576
56.456,-14.963,-7.765,-0.014,-0.77
56.46,-11.706,-6.056,-1.186,0.386
56.464,-10.734,-11.497,-3.553,-3.769
56.468,-16.27,-16.093,-7.859,-3.097
56.472,-19.488,-19.338,-12.642,-11.179
56.476,-16.432,-20.912,-13.893,-12.5
56.48,-19.863,-20.895,-19.542,-17.344
56.484,-25.255,-25.931,-18.754,-21.563
56.488,-18.371,-21.489,-17.217,-18.247
56.492,-12.026,-10.855,-17.255,-14.619
56.496,-6.581,-9.244,-8.804,-9.305
56.5,0.897,1.102,-0.159,-3.231
56.504,11.731,4.458,8.118,11.663
56.508,17.979,10.12,15.723,7.797
56.512,17.113,17.337,19.311,22.247
56.516,22.604,21.188,20.485,15.891
56.52,21.294,26.739,17.95,20.598
56.524,24.061,25.36,19.232,14.216
56.528,15.252,13.03,12.787,6.789
56.532,10.846,13.469,7.055,10.844
56.536,12.874,13.585,2.775,-3.499
56.54,8.388,8.169,2.814,3.597
56.544,12.991,10.743,1.66,0.435
56.548,4.027,6.571,-2.232,3.043
56.552,5.293,2.233,0.564,1.989
56.556,9.986,0.649,8.203,1.793
56.56,1.459,-1.582,4.968,1.485
56.564,6.525,-7.456,-0.075,-1.187
56.568,-5.074,-6.352,-2.782,-6.056
56.572,-4.37,-11.44,-8.676,-12.793
56.576,-16.329,-16.312,-12.069,-16.661
56.58,-14.11,-19.652,-10.717,-18.648
56.584,-19.762,-24.144,-15.553,-20.702
56.588,-8.704,-17.897,-11.055,-11.694
56.592,-13.903,-14.972,-4.475,-14.24
56.596,-7.238,-3.391,-4.111,-11.034
56.6,4.01,-6.231,0.87,-0.362
56.604,7.798,2.579,13.722,5.069
56.608,17.761,6.109,16.359,19.854
56.612,17.524,14.526,22.959,18.546
56.616,18.736,11.994,24.835,21.808
56.62,19.946,20.508,28.573,20.514
56.624,13.325,18.046,20.545,18.81
56.628,14.0,10.872,13.647,12.505
56.632,11.159,4.453,12.293,6.212
56.636,6.65,-0.651,9.156,3.841
56.64,4.672,-0.996,8.092,-2.471
56.644,-3.888,1.104,1.035,-0.404
56.648,0.71,-4.285,8.169,5.272
56.652,2.043,2.961,12.07,2.315
56.656,7.378,0.661,9.486,-0.364
56.66,0.577,-5.486,9.31,4.827
56.664,-6.595,-9.37,1.349,-5.528
56.668,-5.932,-12.862,3.921,-6.38
56.672,-8.821,-9.731,-7.297,-12.698
56.676,-17.056,-19.358,-10.685,-16.587
56.68,-10.282,-16.151,-15.553,-17.786
56.684,-18.493,-18.492,-17.417,-18.175
56.688,-10.52,-13.687,-14.526,-18.861
56.692,-10.663,-13.271,-14.065,-16.489
56.696,3.65,-4.983,-6.52,-2.088
56.7,5.915,3.732,0.021,0.304
56.704,12.826,9.612,14.931,4.473
56.708,22.083,21.823,21.312,10.914
56.712,21.49,20.378,27.958,24.225
56.716,27.536,23.092,21.232,27.295
56.72,22.983,28.576,19.941,19.978
56.724,19.116,25.584,18.495,14.131
56.728,15.841,23.039,7.557,12.787
56.732,7.771,8.142,3.621,6.491
56.736,6.016,10.199,-2.159,5.42
56.74,4.326,6.237,2.703,2.259
56.744,-5.607,1.457,-3.261,-0.052
56.748,3.591,1.939,2.634,-0.363
56.752,2.13,-1.93,-1.015,-0.551
56.756,-6.883,-2.656,0.689,2.8
56.76,-9.339,4.24,-0.706,-1.787
56.764,-4.063,-8.646,-2.062,2.467
56.768,-8.747,-12.789,-8.023,-0.962
56.772,-14.235,-15.812,-8.267,-12.924
56.776,-25.181,-21.547,-16.684,-17.055
56.78,-18.942,-27.794,-18.76,-19.115
56.784,-28.075,-29.763,-21.104,-21.829
56.788,-23.794,-22.759,-23.363,-15.699
56.792,-19.743,-18.882,-12.404,-10.428
56.796,-9.484,-17.397,-12.284,-3.734
56.8,-6.368,1.084,-0.513,-0.624
56.804,2.118,4.305,6.645,6.923
56.808,7.154,15.128,6.107,8.008
56.812,8.268,9.132,13.972,16.282
56.816,6.828,22.933,17.413,17.108
56.82,13.286,17.498,13.291,15.646
56.824,6.35,21.166,10.185,14.512
56.828,7.888,15.171,6.52,10.868
56.832,3.366,12.514,0.019,7.334
56.836,0.063,9.348,-1.582,7.778
56.84,-5.48,4.213,-4.831,4.705
56.844,0.095,1.871,-6.271,-3.329
56.848,-1.299,1.682,-8.123,1.175
56.852,-5.64,-2.492,-3.079,-2.29
56.856,4.319,-0.67,-11.031,0.398
56.86,-3.375,-3.206,-3.69,2.725
56.864,-8.994,-8.409,-6.666,-5.158
56.868,-10.802,-6.118,-12.854,-10.37
56.872,-17.338,-11.328,-19.186,-11.635
56.876,-12.897,-14.031,-18.321,-12.012
56.88,-16.788,-14.859,-23.743,-12.953
56.884,-18.881,-17.93,-23.913,-21.752
56.888,-18.003,-17.996,-28.47,-17.858
56.892,-11.916,-9.957,-17.39,-13.155
56.896,-10.327,-13.516,-9.605,-11.849
56.9,-1.136,2.027,-5.213,-4.428
56.904,2.315,11.693,0.234,8.558
56.908,10.228,18.5,10.66,12.854
56.912,15.834,17.821,12.702,14.048
56.916,6.41,14.365,17.6,21.964
56.92,12.386,12.48,13.852,19.151
56.924,11.295,19.589,4.068,16.008
56.928,5.968,12.606,-0.957,8.503
56.932,0.094,15.222,-0.468,2.289
56.936,-0.799,0.685,-0.485,1.905
56.94,-7.42,2.438,-5.334,1.354
56.944,-10.286,3.802,-2.813,-2.081
56.948,-3.298,-2.417,-5.522,-3.401
56.952,-3.485,-9.327,3.848,-1.007
56.956,-8.453,2.088,-2.135,0.06
56.96,-7.815,-3.744,-1.167,3.036
56.964,-7.256,-12.173,-6.819,-3.249
56.968,-12.97,-12.636,-8.646,-11.81
56.972,-15.403,-16.317,-10.263,-17.856
56.976,-19.177,-19.986,-16.2,-23.334
56.98,-23.907,-27.764,-27.6,-17.949
56.984,-21.623,-22.285,-18.862,-23.061
56.988,-23.647,-16.076,-16.948,-16.759
56.992,-14.488,-13.75,-12.243,-10.441
56.996,-8.659,-6.969,-4.55,-5.813
57.0,-1.082,-1.61,0.542,-0.681
57.004,4.696,5.449,15.035,13.13
57.008,16.066,10.546,15.136,12.598
57.012,20.868,22.73,11.868,15.543
57.016,20.652,22.595,21.03,20.905
57.02,18.159,19.595,22.618,21.288
57.024,15.67,24.841,11.928,8.217
57.028,16.231,17.045,10.933,15.121
57.032,14.022,12.519,11.03,2.534
57.036,15.344,10.003,2.249,-2.457
57.04,7.474,7.906,1.262,0.176
57.044,1.78,7.604,3.914,-3.143
57.048,5.993,1.925,-1.506,1.138
57.052,10.604,6.067,3.501,1.178
57.056,4.572,2.638,1.374,0.88
57.06,8.652,-2.955,3.052,2.465
57.064,3.093,-5.398,2.554,-4.646
57.068,0.489,-10.438,1.518,-6.306
57.072,-0.624,-13.47,-5.153,-16.797
57.076,-16.311,-13.115,-12.19,-13.092
57.08,-11.556,-21.678,-10.198,-20.472
57.084,-15.937,-20.521,-13.164,-20.756
57.088,-17.331,-21.505,-19.38,-19.28
57.092,-10.99,-13.763,-6.844,-14.28
57.096,0.322,-8.569,-2.73,-8.692
57.1,6.409,1.638,4.657,-6.494
57.104,3.599,2.261,15.995,11.305
57.108,13.351,12.941,18.207,12.03
57.112,22.485,18.972,25.64,17.13
57.116,21.034,15.904,28.161,19.324
57.12,19.975,16.571,23.189,20.541
57.124,12.271,15.342,20.918,14.494
57.128,10.575,10.641,17.1,14.987
57.132,4.453,8.026,11.803,13.032
57.136,0.031,5.942,9.378,8.607
57.14,-1.031,0.774,1.344,1.968
57.144,-0.898,-1.137,1.88,-1.684
57.148,-0.188,-1.124,0.517,-1.919
57.152,0.197,-3.963,10.27,-1.0
57.156,6.076,-4.86,0.652,-2.598
57.16,-0.4,-8.185,8.92,0.039
57.164,4.589,-8.11,4.07,-4.379
57.168,-4.372,-9.811,-3.776,-7.457
57.172,-5.52,-15.334,-9.682,-12.713
57.176,-9.173,-19.709,-10.682,-14.62
57.18,-15.882,-19.242,-14.833,-18.2
57.184,-14.769,-17.366,-14.487,-20.964
57.188,-13.367,-15.444,-21.109,-18.697
57.192,-6.268,-4.121,-11.169,-14.429
57.196,-1.257,-5.954,-7.088,-5.572
57.2,4.498,3.353,6.768,-2.334
57.204,14.62,13.844,11.557,6.188
57.208,21.518,15.991,14.929,8.281
57.212,30.062,28.456,24.586,15.027
57.216,26.014,24.837,20.126,19.195
57.22,24.458,26.184,19.54,17.657
57.224,22.185,22.146,16.993,10.086
57.228,13.256,21.331,14.114,13.365
57.232,5.864,10.678,6.592,4.767
57.236,5.653,14.313,6.894,-1.161
57.24,6.524,6.661,-1.013,2.301
57.244,5.02,5.118,-3.62,2.548
57.248,-5.321,-1.249,4.407,-7.421
57.252,1.681,0.046,-0.569,2.157
57.256,-7.874,-6.046,2.457,-0.693
57.26,-1.93,-2.439,2.112,-1.975
57.264,-5.391,-13.467,3.615,-7.059
57.268,-16.212,-13.404,-7.447,-7.874
57.272,-13.104,-19.441,-9.803,-12.063
57.276,-15.669,-26.777,-18.53,-9.213
57.28,-24.616,-27.306,-21.296,-17.402
57.284,-25.387,-23.474,-23.706,-19.911
57.288,-20.075,-25.361,-17.781,-14.706
57.292,-23.878,-20.082,-13.692,-11.326
57.296,-17.566,-10.386,-9.222,-11.946
57.3,-9.261,-1.06,-5.266,1.985
57.304,0.982,5.967,2.505,7.877
57.308,7.489,10.67,8.498,11.88
57.312,10.198,16.481,15.582,15.15
57.316,12.883,18.913,10.93,19.463
57.32,11.57,15.845,12.969,18.937
57.324,9.111,18.226,6.551,19.419
57.328,4.532,11.391,7.388,5.033
57.332,0.638,12.997,-1.826,3.632
57.336,-6.313,8.389,3.221,4.287
57.34,-2.992,-1.004,-1.822,0.793
57.344,-8.881,6.748,-5.947,0.377
57.348,-0.472,1.199,-3.971,-1.485
57.352,-3.775,0.109,-2.891,0.856
57.356,-2.245,3.64,-6.685,-4.813
57.36,-3.862,-1.606,-0.763,5.085
57.364,-5.723,-2.129,-6.997,-2.446
57.368,-4.737,-9.454,-12.719,-6.036
57.372,-16.866,-8.94,-13.393,-14.987
57.376,-21.845,-14.178,-22.944,-17.739
57.38,-19.671,-15.737,-21.034,-17.434
57.384,-22.587,-17.752,-23.3,-20.954
57.388,-18.578,-10.291,-24.907,-17.448
57.392,-13.511,-5.258,-15.951,-16.319
57.396,-12.92,-11.36,-10.308,-11.599
57.4,-0.594,5.13,-5.721,3.333
57.404,1.685,6.159,4.542,4.895
57.408,10.912,16.888,5.361,16.711
57.412,10.773,14.076,15.029,15.737
57.416,16.05,22.299,10.633,19.428
57.42,14.183,17.871,14.175,17.807
57.424,7.491,16.298,12.562,15.342
57.428,2.125,12.371,7.105,14.063
57.432,3.703,6.966,6.324,12.304
57.436,-3.925,2.796,-4.224,3.124
57.44,-2.26,0.217,-2.631,1.572
57.444,-8.25,-1.647,-10.687,-0.763
57.448,-2.943,-2.067,-5.073,0.15
57.452,-9.459,1.031,-3.248,-2.044
57.456,-2.238,-9.07,3.131,-3.152
57.46,-7.086,-8.105,-2.045,-0.233
57.464,-8.595,-9.174,-1.204,-3.03
57.468,-16.115,-17.22,-10.105,-4.0
57.472,-14.806,-25.578,-12.743,-11.641
57.476,-18.312,-27.64,-18.572,-16.115
57.48,-23.923,-30.281,-22.237,-17.415
57.484,-29.573,-18.638,-23.135,-16.949
57.488,-24.092,-18.615,-20.617,-18.728
57.492,-19.011,-12.996,-8.307,-21.706
57.496,-7.088,-5.216,-8.023,-10.735
57.5,-1.395,-1.726,-4.058,3.211
57.504,7.1,15.07,6.275,12.701
57.508,13.972,16.27,17.485,17.981
57.512,25.16,20.239,16.67,16.936
57.516,23.307,26.588,24.822,18.918
57.52,23.543,25.621,22.344,21.187
57.524,18.745,25.917,15.479,17.774
57.528,16.904,22.987,9.777,4.332
57.532,10.175,14.033,4.539,7.538
57.536,10.825,12.053,4.521,3.538
57.54,4.17,5.758,3.22,-2.248
57.544,8.889,1.345,5.592,-1.746
57.548,4.408,7.061,3.41,0.682
57.552,9.695,5.907,2.479,-0.543
57.556,12.342,-4.762,8.413,2.751
57.56,5.3,-3.563,6.315,4.073
57.564,6.501,-4.75,-0.219,-0.864
57.568,0.803,-8.716,-1.913,-6.067
57.572,-10.499,-7.533,-4.109,-12.235
57.576,-10.467,-19.556,-9.58,-13.584
57.58,-12.742,-20.893,-16.814,-20.836
57.584,-13.86,-19.14,-14.482,-21.544
57.588,-13.949,-20.46,-15.582,-21.947
57.592,-10.193,-16.874,-9.167,-18.632
57.596,-4.736,-11.159,-6.824,-3.742
57.6,2.804,-1.652,2.083,0.81
57.604,5.93,4.222,18.72,9.178
57.608,14.952,12.916,17.541,13.602
57.612,15.298,16.252,26.298,23.922
57.616,19.607,8.471,23.951,25.179
57.62,18.257,11.697,19.393,18.918
57.624,15.012,13.267,16.336,15.889
57.628,9.655,14.291,12.639,11.129
57.632,9.335,5.539,16.853,4.064
57.636,4.037,5.045,6.017,2.471
57.64,1.481,2.912,5.02,0.263
57.644,-2.336,0.849,5.849,-6.606
57.648,1.201,-3.566,5.81,-6.944
57.652,6.16,-6.209,7.806,-0.083
57.656,6.497,-7.747,4.103,2.452
57.66,3.442,3.425,1.407,-3.519
57.664,-0.575,-6.618,-0.18,1.55
57.668,-1.243,-5.633,-5.743,-8.252
57.672,-8.84,-17.026,-7.429,-14.331
57.676,-11.484,-13.643,-21.747,-20.245
57.68,-15.416,-20.384,-11.985,-18.675
57.684,-11.059,-18.644,-13.957,-25.934
57.688,-9.518,-16.687,-17.437,-20.502
57.692,-7.49,-13.448,-14.734,-13.847
57.696,4.323,-6.577,0.125,-11.777
57.7,7.981,3.687,5.838,-1.568
57.704,15.332,9.745,9.557,7.659
57.708,21.246,18.455,14.427,10.328
57.712,20.725,20.158,20.436,20.205
57.716,23.127,26.945,17.11,22.729
57.72,24.264,23.12,20.731,15.936
57.724,20.761,27.0,12.575,15.372
57.728,17.873,18.123,4.214,11.416
57.732,9.037,13.56,4.115,8.449
57.736,6.801,14.408,-0.412,2.807
57.74,3.573,4.48,5.613,-0.959
57.744,1.704,1.922,4.346,-3.125
57.748,0.367,-1.137,-3.72,2.4
57.752,-4.529,-0.352,0.071,-1.627
57.756,-8.103,-5.348,-1.291,-2.375
57.76,-6.133,-3.636,5.321,1.933
57.764,-8.182,-9.737,-8.093,-3.266
57.768,-14.576,-11.35,-5.161,-10.475
57.772,-16.271,-16.097,-7.552,-12.375
57.776,-17.63,-23.626,-17.818,-18.882
57.78,-22.25,-26.711,-19.782,-22.51
57.784,-24.411,-25.808,-18.273,-21.539
57.788,-21.556,-22.644,-23.643,-18.867
57.792,-23.273,-17.073,-14.542,-15.833
57.796,-15.633,-10.171,-14.974,-5.959
57.8,-4.899,-3.9,-7.725,1.954
57.804,-0.553,1.941,7.01,5.461
57.808,6.126,9.05,7.703,13.454
57.812,17.445,17.383,15.049,16.84
57.816,14.071,16.607,12.139,16.935
57.82,18.479,20.635,15.001,19.44
57.824,5.117,19.167,5.591,10.333
57.828,4.945,19.128,9.755,8.912
57.832,4.146,9.712,3.587,3.918
57.836,-0.029,7.009,-4.458,0.989
57.84,-8.488,-1.45,-10.547,-2.049
57.844,-3.703,0.981,-6.294,-4.803
57.848,4.695,-0.103,-6.286,-0.985
57.852,-1.354,3.441,-5.929,-1.004
57.856,-0.073,6.194,-0.652,-0.076
57.86,-4.674,0.626,-0.837,-0.501
57.864,-4.261,-0.949,-5.427,-2.482
57.868,-8.564,-9.628,-5.944,-9.822
57.872,-9.455,-14.945,-23.427,-11.604
57.876,-13.715,-15.496,-20.488,-16.759
57.88,-18.807,-18.823,-24.057,-19.291
57.884,-20.887,-19.8,-21.803,-21.276
57.888,-24.694,-14.525,-23.913,-20.659
57.892,-20.803,-14.427,-17.154,-14.717
57.896,-9.355,-2.27,-13.869,-9.013
57.9,0.22,1.153,-6.777,0.898
57.904,8.746,9.262,5.328,10.42
57.908,8.019,15.658,9.352,11.159
57.912,9.956,18.009,14.476,16.641
57.916,18.452,24.886,11.289,26.86
57.92,11.801,15.562,15.824,13.506
57.924,6.068,21.525,7.263,11.142
57.928,4.719,12.627,11.229,14.949
57.932,-0.082,11.932,0.894,13.148
57.936,1.394,5.522,-3.086,8.057
57.94,-2.7,3.963,-1.18,2.151
57.944,-8.832,-1.54,-4.445,-1.248
57.948,-2.656,-2.321,-1.384,-0.933
57.952,-6.238,-1.257,-3.237,1.313
57.956,-3.473,-5.942,0.569,2.76
57.96,-3.628,-4.495,-2.204,0.402
57.964,-10.582,-10.435,-1.343,-9.744
57.968,-11.389,-17.291,-3.939,-10.938
57.972,-18.214,-19.87,-16.498,-10.956
57.976,-17.813,-19.247,-14.988,-20.125
57.98,-22.679,-27.338,-13.766,-24.681
57.984,-20.29,-20.879,-18.506,-17.281
57.988,-16.178,-21.555,-11.46,-17.479
57.992,-14.029,-19.133,-17.22,-9.335
57.996,-8.717,-7.539,-7.074,-4.67
58.0,-0.23,-2.101,1.463,-1.868
58.004,-0.435,6.446,6.267,8.324
58.008,13.533,13.386,10.729,11.606
58.012,23.55,20.802,25.285,13.413
58.016,26.081,22.088,23.726,23.49
58.02,20.746,24.792,20.929,18.385
58.024,21.097,24.949,16.205,20.017
58.028,16.425,20.431,12.166,12.115
58.032,15.171,20.509,9.276,8.242
58.036,16.42,17.646,8.27,5.43
58.04,9.735,7.615,-0.146,0.657
58.044,4.645,2.772,1.888,-0.667
58.048,6.378,3.684,1.23,0.617
58.052,11.055,3.391,0.365,3.848
58.056,2.394,7.862,2.449,1.469
58.06,3.451,-2.536,4.506,-1.157
58.064,4.696,-4.085,0.946,-4.932
58.068,2.432,-11.214,-1.582,-7.763
58.072,-4.373,-14.708,-3.916,-14.38
58.076,-12.62,-21.318,-7.029,-18.92
58.08,-12.636,-24.768,-5.829,-19.681
58.084,-14.41,-17.007,-12.696,-19.886
58.088,-13.431,-16.211,-15.406,-16.071
58.092,-10.98,-16.468,-6.049,-17.369
58.096,-4.592,-6.208,-3.879,-7.553
58.1,-0.318,-6.272,2.658,1.281
58.104,17.041,4.229,14.292,4.64
58.108,16.132,11.392,23.061,12.601
58.112,21.302,18.978,21.141,20.531
58.116,20.446,17.809,25.275,19.726
58.12,22.565,18.586,24.371,12.917
58.124,13.08,13.36,16.73,18.296
58.128,7.574,12.143,10.723,12.056
58.132,8.436,11.287,6.207,2.59
58.136,11.153,-0.928,10.547,1.066
58.14,6.367,4.524,3.086,0.829
58.144,-0.539,-1.402,1.913,0.983
58.148,3.643,-6.142,5.251,2.976
58.152,0.816,-3.566,9.114,-2.595
58.156,4.294,0.06,2.186,-1.4
58.16,3.834,-6.935,-0.706,1.443
58.164,3.09,-7.086,7.08,-0.565
58.168,-7.617,-15.994,0.394,-8.378
58.172,-10.634,-20.003,-9.087,-13.388
58.176,-10.813,-20.618,-11.883,-14.473
58.18,-16.286,-15.915,-17.166,-25.182
58.184,-17.113,-18.71,-13.754,-19.944
58.188,-11.042,-12.529,-11.442,-18.333
58.192,-10.134,-7.336,-8.596,-15.385
58.196,5.902,-6.259,-3.959,-6.17
58.2,5.144,8.505,4.073,3.276
58.204,13.452,9.873,8.104,4.657
58.208,21.391,21.076,15.119,11.797
58.212,19.988,25.55,20.34,20.251
58.216,27.335,25.018,20.603,15.547
58.22,25.452,24.7,19.854,17.371
58.224,19.852,23.05,11.328,22.478
58.228,16.926,18.622,14.03,12.357
58.232,12.325,12.696,3.34,6.557
58.236,10.895,8.169,-3.692,-1.474
58.24,10.808,4.819,-1.953,-6.012
58.244,-1.865,6.797,-1.325,3.235
58.248,-3.575,-3.799,5.682,-3.6
58.252,-0.009,-2.456,-1.096,0.246
58.256,-7.556,-4.12,1.307,3.778
58.26,-1.359,-6.65,0.77,-2.702
58.264,-6.25,-8.707,-7.178,-5.078
58.268,-9.939,-17.911,-6.872,-5.32
58.272,-17.015,-15.199,-12.179,-7.725
58.276,-20.135,-19.428,-15.93,-13.432
58.28,-23.011,-22.477,-18.583,-14.557
58.284,-25.209,-25.446,-18.88,-26.826
58.288,-28.547,-24.886,-22.891,-16.988
58.292,-19.983,-19.051,-15.002,-10.129
58.296,-8.701,-11.324,-12.514,-6.233
58.3,-6.02,-1.806,-5.67,-0.432
58.304,1.282,3.74,9.716,3.909
58.308,12.066,11.891,5.164,11.78
58.312,9.621,14.526,12.961,22.751
58.316,16.453,19.416,16.34,19.795
58.32,11.598,18.206,12.361,17.077
58.324,13.846,18.192,11.019,11.32
58.328,9.232,9.226,1.84,13.187
58.332,1.683,12.616,-4.389,4.992
58.336,-1.108,9.604,-5.277,3.603
58.34,0.612,7.075,-4.502,6.385
58.344,-8.581,0.848,-6.194,2.436
58.348,-4.05,0.635,-3.303,3.819
58.352,-0.234,-0.682,-8.57,0.541
58.356,-2.811,1.762,-5.531,2.093
58.36,-2.338,0.859,-4.693,2.781
58.364,-11.114,-6.011,-9.617,-6.186
58.368,-11.091,-3.547,-10.001,-7.519
58.372,-10.773,-7.444,-15.862,-13.857
58.376,-19.229,-14.356,-18.115,-17.799
58.38,-23.936,-15.839,-22.136,-19.412
58.384,-17.915,-22.255,-29.889,-22.765
58.388,-18.11,-16.767,-18.54,-19.363
58.392,-18.927,-14.626,-25.337,-11.923
58.396,-9.185,-7.479,-17.079,-7.874
58.4,-5.572,3.895,-4.98,-2.327
58.404,4.294,11.666,3.813,9.943
58.408,11.216,17.753,8.511,11.232
58.412,12.058,20.134,11.929,14.939
58.416,17.88,22.659,14.763,23.506
58.42,16.937,15.612,15.372,21.504
58.424,11.59,13.806,7.055,14.953
58.428,7.442,13.04,2.747,17.476
58.432,-2.907,10.962,-0.933,5.712
58.436,1.52,3.577,2.117,5.746
58.44,-5.57,-2.671,-2.738,-3.533
58.444,-9.426,-3.26,-2.572,-3.0
58.448,-6.412,-5.836,1.237,2.978
58.452,-4.377,-9.724,0.022,4.372
58.456,-5.119,0.444,-1.102,-0.496
58.46,-10.863,-4.787,2.7,5.631
58.464,-7.521,-17.419,-6.858,0.228
58.468,-13.284,-20.859,-8.187,-9.497
58.472,-15.49,-21.224,-8.276,-12.924
58.476,-23.008,-26.38,-22.643,-20.132
58.48,-19.812,-16.471,-21.646,-20.296
58.484,-22.623,-25.665,-17.991,-19.186
58.488,-17.186,-19.373,-18.455,-18.131
58.492,-20.276,-16.781,-12.894,-13.888
58.496,-12.641,-11.662,-13.597,-4.592
58.5,-0.72,3.142,-2.523,0.5
58.504,12.839,10.125,9.796,9.639
58.508,21.559,15.085,11.73,15.321
58.512,18.087,27.603,21.25,19.113
58.516,23.33,23.963,21.222,22.668
58.52,23.415,22.25,15.739,21.374
58.524,22.758,27.658,17.098,12.594
58.528,19.648,20.018,13.991,17.246
58.532,9.759,19.977,8.476,7.77
58.536,9.988,11.374,5.554,0.847
58.54,1.584,-0.558,-3.212,1.013
58.544,9.088,1.553,8.337,0.828
58.548,5.597,7.799,10.802,1.654
58.552,3.233,1.269,7.822,2.991
58.556,7.618,1.945,4.636,2.258
58.56,4.187,1.99,2.642,4.307
58.564,6.351,-4.38,0.692,-3.382
58.568,-4.129,-11.748,0.688,-7.885
58.572,0.468,-13.701,-2.883,-16.192
58.576,-8.236,-17.354,-12.443,-13.063
58.58,-10.382,-21.604,-13.855,-17.139
58.584,-18.74,-25.244,-11.239,-21.6
58.588,-9.118,-20.476,-13.862,-17.524
58.592,-14.326,-15.637,-9.022,-14.012
58.596,-5.38,-13.728,1.205,-7.059
58.6,6.318,-5.105,8.402,-0.823
58.604,11.121,2.598,14.838,7.924
58.608,11.944,5.288,15.613,9.424
58.612,23.063,15.565,19.787,17.035
58.616,22.119,17.928,22.122,20.827
58.62,18.781,15.319,21.436,16.853
58.624,12.349,10.664,20.224,17.14
58.628,14.116,12.572,14.738,17.985
58.632,8.037,9.132,9.931,3.944
58.636,5.46,4.217,5.936,-1.799
58.64,-2.013,1.241,1.845,4.826
58.644,0.631,1.01,2.42,6.325
58.648,3.536,-2.21,11.597,1.004
58.652,8.353,-5.518,7.309,0.128
58.656,2.399,-4.021,5.74,-1.982
58.66,6.651,-6.664,0.457,0.409
58.664,2.673,-8.195,-0.318,-3.746
58.668,-2.218,-8.502,-1.274,-4.86
58.672,-9.875,-18.133,-1.79,-16.928
58.676,-13.498,-16.856,-9.881,-14.992
58.68,-11.336,-22.712,-13.513,-21.471
58.684,-15.364,-21.312,-12.343,-17.062
58.688,-13.704,-11.106,-17.425,-21.687
58.692,-7.927,-9.438,-6.385,-12.092
58.696,-1.362,-3.501,-5.609,-9.331
58.7,9.445,-1.171,6.413,-1.304
58.704,12.747,10.799,15.339,10.133
58.708,22.902,11.857,13.73,11.592
58.712,25.831,22.783,20.322,13.75
58.716,20.788,21.082,23.8,20.122
58.72,25.312,26.174,18.992,16.985
58.724,12.897,22.573,15.405,11.862
58.728,13.418,14.627,10.191,12.84
58.732,12.43,15.011,0.974,8.278
58.736,6.557,15.877,5.805,4.05
58.74,-1.996,5.358,-2.837,2.731
58.744,-2.038,5.783,-7.545,-5.94
58.748,-7.509,-5.343,2.77,-2.399
58.752,-4.345,0.437,1.825,0.942
58.756,0.418,-4.85,-3.277,3.063
58.76,-4.98,-6.773,3.066,-0.489
58.764,-6.079,-7.812,-0.636,-0.195
58.768,-10.999,-14.597,-6.555,-9.44
58.772,-16.006,-23.128,-12.437,-13.633
58.776,-17.831,-17.507,-16.548,-17.088
58.78,-25.037,-28.851,-19.233,-19.216
58.784,-23.077,-27.341,-23.799,-25.229
58.788,-31.944,-22.287,-16.968,-18.316
58.792,-17.164,-17.663,-14.785,-14.084
58.796,-18.133,-10.222,-10.734,-9.423
58.8,-9.962,-3.404,2.29,-2.306
58.804,-1.243,7.43,3.554,8.399
58.808,10.637,12.281,15.252,15.749
58.812,9.19,12.271,15.389,18.686
58.816,11.817,10.763,17.946,20.331
58.82,10.303,19.407,13.058,18.858
58.824,11.353,21.786,4.959,16.019
58.828,9.068,10.769,7.306,13.831
58.832,8.033,8.005,-2.417,12.272
58.836,6.889,9.049,-4.492,8.178
58.84,-0.371,6.937,-4.731,-2.043
58.844,-1.917,7.177,-7.605,-6.288
58.848,-6.376,7.688,-5.307,1.482
58.852,3.633,2.632,-3.697,0.174
58.856,-1.24,-2.008,-8.226,-0.226
58.86,-3.61,-3.804,-3.655,-0.066
58.864,-3.828,-5.553,-8.574,-4.433
58.868,-10.436,-4.4,-13.619,-12.267
58.872,-19.824,-12.851,-21.022,-15.215
58.876,-15.26,-11.885,-24.239,-19.215
58.88,-16.002,-21.526,-22.93,-16.968
58.884,-19.429,-16.355,-24.202,-14.246
58.888,-19.678,-17.433,-21.402,-19.662
58.892,-15.621,-9.303,-13.673,-6.177
58.896,-9.084,-5.518,-8.355,-13.274
58.9,-1.979,4.744,-1.768,-1.523
58.904,4.569,8.093,6.484,8.134
58.908,10.765,15.281,9.9,6.325
58.912,19.148,21.834,14.043,22.819
58.916,17.07,20.784,19.622,17.828
58.92,14.561,20.554,14.439,19.069
58.924,12.777,19.956,11.208,17.318
58.928,8.178,13.437,9.587,7.016
58.932,4.289,4.416,0.834,14.705
58.936,-4.837,3.205,-2.247,4.1
58.94,-6.738,-4.359,-7.941,0.187
58.944,-9.061,-1.935,-5.677,-3.288
58.948,-4.549,-1.622,-4.525,0.505
58.952,-4.46,-4.177,-3.16,-4.618
58.956,-10.476,-2.046,0.86,0.372
58.96,-6.437,-4.637,-5.001,2.982
58.964,-5.677,-10.721,0.524,-0.204
58.968,-13.808,-22.269,-13.572,-9.075
58.972,-16.051,-16.792,-9.95,-12.624
58.976,-18.412,-24.227,-13.612,-14.349
58.98,-26.911,-20.975,-17.179,-15.422
58.984,-22.715,-22.32,-17.073,-15.305
58.988,-16.936,-18.489,-19.41,-13.364
58.992,-17.451,-13.758,-10.677,-16.78
58.996,-5.939,-0.99,-9.92,-5.325
59.0,0.081,1.564,-1.821,-4.15
59.004,6.413,4.32,14.055,6.195
59.008,15.381,18.477,14.966,10.458
59.012,19.174,19.166,21.63,14.793
59.016,20.506,27.293,21.848,20.629
59.02,22.187,28.248,21.425,16.892
59.024,20.809,23.777,10.046,16.833
59.028,16.495,14.973,12.874,8.163
59.032,12.306,13.712,7.439,8.86
59.036,10.472,15.514,6.863,2.409
59.04,9.203,14.482,-0.413,0.333
59.044,3.224,6.415,5.151,-3.856
59.048,5.856,3.727,-1.279,2.947
59.052,0.929,-0.504,2.181,0.531
59.056,6.133,-2.316,-0.445,1.574
59.06,5.748,-0.713,0.615,-5.038
59.064,4.276,-2.816,1.865,-1.672
59.068,-0.989,-13.632,2.442,-7.285
59.072,-4.556,-11.18,-5.985,-13.277
59.076,-10.604,-13.558,-14.346,-11.842
59.08,-16.272,-18.488,-20.123,-17.742
59.084,-19.001,-16.131,-12.989,-18.546
59.088,-15.272,-18.343,-15.527,-24.147
59.092,-12.987,-14.263,-10.929,-10.737
59.096,-5.11,-8.359,0.305,-6.242
59.1,0.929,1.727,4.351,3.713
59.104,10.858,6.362,11.528,5.806
59.108,15.808,9.28,19.305,11.841
59.112,20.999,16.45,27.403,23.097
59.116,22.427,18.517,25.091,22.779
59.12,19.49,16.315,16.524,14.682
59.124,16.621,17.837,17.122,16.022
59.128,14.316,11.625,14.164,14.857
59.132,15.865,9.61,13.006,7.942
59.136,2.023,5.451,2.982,2.05
59.14,2.868,-1.061,4.924,-0.798
59.144,-1.7,-3.711,3.558,0.239
59.148,2.032,-4.07,7.346,2.954
59.152,0.702,-3.009,2.221,-2.877
59.156,2.655,0.964,6.182,-6.448
59.16,2.787,-5.63,9.558,-2.425
59.164,-1.158,-6.863,5.35,-2.349
59.168,-8.271,-8.536,0.651,-5.393
59.172,-2.561,-15.603,-6.8,-14.831
59.176,-8.069,-18.632,-10.114,-15.164
59.18,-13.58,-15.799,-14.498,-20.884
59.184,-16.468,-16.853,-13.104,-17.697
59.188,-11.603,-17.52,-12.931,-18.648
59.192,-6.303,-12.047,-12.486,-11.466
59.196,1.439,-3.728,0.778,-7.382
59.2,9.33,4.793,6.552,1.5
59.204,17.415,15.238,7.729,6.256
59.208,15.276,19.671,15.42,11.851
59.212,23.598,19.721,19.847,17.399
59.216,28.789,22.464,23.882,21.753
59.22,21.657,25.429,17.425,26.54
59.224,24.558,22.517,14.173,19.753
59.228,21.535,15.743,14.021,16.349
59.232,14.614,17.025,8.232,7.094
59.236,8.574,2.853,-3.212,2.089
59.24,1.965,6.973,2.165,-5.403
59.244,2.164,-1.499,-5.101,-1.749
59.248,-3.721,3.608,-2.275,-4.248
59.252,-2.661,-1.761,-0.724,2.415
59.256,-3.452,-0.899,-0.73,-0.636
59.26,-3.122,-7.139,-2.141,-5.168
59.264,-7.766,-5.62,-5.746,-2.059
59.268,-10.256,-19.464,-5.019,-6.458
59.272,-13.471,-15.637,-16.225,-15.19
59.276,-23.029,-23.913,-17.776,-11.433
59.28,-23.982,-23.375,-17.479,-21.226
59.284,-27.057,-23.572,-20.24,-18.114
59.288,-23.942,-26.848,-24.476,-18.627
59.292,-18.44,-15.083,-22.241,-9.039
59.296,-11.499,-10.325,-13.596,-4.821
59.3,-4.732,-3.453,-9.473,-3.295
59.304,2.113,5.14,4.733,13.043
59.308,3.125,11.186,9.225,10.18
59.312,8.614,18.332,13.363,15.075
59.316,11.312,17.143,17.205,24.774
59.32,14.264,21.462,16.78,18.885
59.324,6.714,19.105,11.283,16.91
59.328,7.85,14.01,5.2,13.058
59.332,3.713,16.693,-0.96,4.178
59.336,-6.118,9.339,-3.706,9.341
59.34,-5.584,6.073,-4.336,7.792
59.344,0.117,5.533,-2.903,-5.56
59.348,-0.632,2.451,-9.38,-1.459
59.352,-4.646,5.527,-7.68,2.149
59.356,-4.991,0.708,-3.822,-0.381
59.36,-10.093,1.342,-10.811,-2.838
59.364,-0.577,-7.126,-5.854,-2.014
59.368,-8.404,-12.882,-7.246,-5.429
59.372,-7.16,-10.143,-7.943,-6.713
59.376,-17.551,-15.921,-19.33,-21.176
59.38,-19.181,-17.53,-20.424,-21.994
59.384,-18.426,-24.241,-24.263,-22.165
59.388,-14.74,-10.078,-18.099,-11.062
59.392,-14.158,-10.555,-20.09,-9.451
59.396,-9.593,-0.745,-11.436,-6.759
59.4,-2.32,-1.827,-2.944,-0.252
59.404,1.614,9.694,4.091,8.907
59.408,9.543,16.582,7.043,17.505
59.412,14.637,19.811,9.433,17.492
59.416,19.799,21.79,18.074,20.725
59.42,12.955,16.21,14.544,17.958
59.424,13.988,18.626,10.72,11.787
59.428,5.955,11.14,8.766,6.421
59.432,5.182,7.317,4.199,5.335
59.436,-0.536,4.968,-0.769,2.582
59.44,-3.469,0.356,-1.95,2.518
59.444,-3.683,-2.068,-5.865,0.851
59.448,-4.35,0.336,-1.935,-4.283
59.452,-3.422,-5.019,-7.048,0.138
59.456,-0.261,-7.42,-1.512,-1.683
59.46,-2.759,-8.855,0.267,-1.957
59.464,-8.395,-14.826,-6.1,-3.459
59.468,-14.428,-14.605,-6.964,-3.565
59.472,-15.894,-16.64,-10.841,-13.169
59.476,-26.382,-20.97,-18.734,-10.938
59.48,-20.463,-23.509,-15.868,-22.868
59.484,-26.351,-21.453,-19.398,-22.536
59.488,-17.385,-22.12,-23.803,-18.541
59.492,-9.73,-15.146,-14.163,-17.488
59.496,-12.789,-3.966,-3.487,-11.543
59.5,-0.151,-0.882,-0.012,0.221
59.504,5.243,9.984,5.896,3.611
59.508,10.486,17.162,12.802,11.102
59.512,20.433,18.185,18.295,18.005
59.516,25.077,25.322,16.722,25.012
59.52,25.213,21.798,23.463,18.392
59.524,21.065,23.199,18.834,16.364
59.528,12.001,16.937,14.976,8.34
59.532,13.473,15.936,2.881,4.263
59.536,5.316,11.879,4.329,-3.177
59.54,3.328,8.821,5.209,-1.743
59.544,3.665,7.046,-1.269,2.34
59.548,9.763,2.959,2.123,-1.834
59.552,8.485,-0.463,0.238,0.562
59.556,7.588,1.43,6.791,0.624
59.56,2.709,1.897,3.213,1.0
59.564,1.403,-3.169,1.566,1.279
59.568,-5.562,-7.828,-5.049,-5.587
59.572,-2.107,-15.2,-1.446,-12.504
59.576,-4.208,-17.115,-10.342,-13.583
59.58,-12.575,-22.871,-11.416,-18.056
59.584,-13.458,-22.36,-13.858,-26.618
59.588,-14.96,-18.338,-16.282,-21.851
59.592,-15.547,-20.809,-14.281,-14.656
59.596,-7.283,-4.209,-3.499,-9.34
59.6,1.008,-6.354,8.075,-0.369
59.604,8.445,10.415,6.515,0.305
59.608,13.815,8.352,24.665,16.505
59.612,19.8,12.634,25.459,18.102
59.616,18.549,16.024,24.901,23.552
59.62,26.532,15.633,22.654,19.045
59.624,12.879,12.954,22.152,16.576
59.628,15.473,10.239,11.356,8.682
59.632,7.742,7.769,11.743,3.793
59.636,6.379,1.229,7.635,4.098
59.64,4.267,3.638,9.863,1.215
59.644,2.358,3.465,2.708,-4.88
59.648,-1.305,-7.758,4.43,2.711
59.652,1.728,2.801,5.012,0.259
59.656,3.522,-1.493,4.129,-1.564
59.66,2.64,-4.715,9.393,-3.817
59.664,-2.759,-9.707,-0.27,-1.43
59.668,0.954,-10.655,-5.7,-9.496
59.672,-14.318,-11.834,-5.137,-11.081
59.676,-11.337,-9.558,-12.743,-16.478
59.68,-15.953,-12.378,-13.397,-20.559
59.684,-13.238,-23.143,-13.773,-23.798
59.688,-8.808,-16.451,-14.072,-14.349
59.692,-11.606,-10.577,-10.532,-16.996
59.696,6.19,0.046,-10.644,-10.169
59.7,7.349,3.553,4.618,4.016
59.704,15.408,9.241,10.917,7.279
59.708,16.179,18.236,22.075,14.941
59.712,24.372,21.515,23.734,22.795
59.716,28.725,27.782,16.987,24.373
59.72,25.058,31.663,23.035,17.321
59.724,21.321,24.821,12.282,19.429
59.728,15.949,21.128,13.887,6.979
59.732,6.906,17.573,10.917,2.134
59.736,2.438,10.961,8.234,3.833
59.74,6.815,4.77,-0.996,0.955
59.744,3.966,2.242,1.44,1.988
59.748,3.408,4.254,2.658,1.518
59.752,-2.786,-0.099,1.783,2.184
59.756,-1.792,-6.089,-4.337,4.761
59.76,0.388,-2.039,0.271,4.68
59.764,-10.275,-11.919,-0.926,-1.067
59.768,-7.651,-17.249,-6.561,-7.474
59.772,-17.864,-20.906,-13.962,-12.406
59.776,-23.466,-21.17,-16.784,-16.017
59.78,-24.524,-21.582,-17.149,-20.69
59.784,-29.161,-24.059,-20.252,-17.133
59.788,-30.203,-24.342,-18.926,-15.13
59.792,-20.271,-20.499,-17.198,-15.884
59.796,-12.66,-9.193,-9.049,-8.081
59.8,-3.097,-4.082,-9.258,-5.307
59.804,2.691,5.007,4.326,7.312
59.808,13.282,10.389,9.461,14.096
59.812,15.941,16.726,14.592,14.931
59.816,15.998,19.728,12.155,18.32
59.82,14.594,26.23,15.27,15.509
59.824,14.277,18.596,16.336,11.25
59.828,0.198,13.364,6.111,16.235
59.832,1.48,11.681,1.287,2.692
59.836,-5.886,5.135,4.87,4.042
59.84,-0.332,2.613,-7.801,4.136
59.844,-5.243,7.56,-4.195,4.311
59.848,6.335,3.678,-0.47,-3.293
59.852,-3.649,5.281,-5.467,3.943
59.856,-1.568,-4.103,-1.245,0.439
59.86,-3.949,-4.043,-3.977,0.511
59.864,-6.457,-3.027,-9.934,1.579
59.868,-12.267,-9.967,-10.908,-5.575
59.872,-16.652,-15.623,-15.113,-14.575
59.876,-23.514,-18.006,-21.484,-22.139
59.88,-18.393,-17.915,-27.822,-17.049
59.884,-22.374,-15.978,-25.565,-18.682
59.888,-13.856,-10.035,-27.443,-20.636
59.892,-19.393,-14.027,-17.195,-13.431
59.896,-5.172,-7.752,-10.776,-11.651
59.9,2.313,-2.002,-8.579,1.079
59.904,8.582,11.117,3.171,3.564
59.908,11.393,15.733,5.325,17.61
59.912,13.469,16.515,12.469,24.555
59.916,19.481,18.597,13.004,20.771
59.92,11.871,20.008,15.231,20.131
59.924,11.612,17.473,5.637,17.736
59.928,6.069,10.549,9.039,12.62
59.932,-1.223,9.702,5.347,4.119
59.936,-1.732,0.79,-2.276,7.938
59.94,-3.071,1.558,-7.893,2.559
59.944,-9.412,-1.718,-10.57,1.725
59.948,-5.469,-1.833,-0.25,2.917
59.952,-13.3,-0.917,3.612,3.005
59.956,-9.803,-7.342,-1.441,3.658
59.96,-8.981,-8.484,-5.463,0.155
59.964,-8.722,-17.434,-7.229,-6.277
59.968,-10.495,-9.178,-3.847,-6.158
59.972,-16.745,-24.388,-11.238,-11.865
59.976,-18.904,-22.16,-18.969,-18.598
59.98,-23.432,-31.265,-12.358,-14.613
59.984,-21.957,-25.735,-17.223,-20.354
59.988,-19.696,-15.251,-17.127,-17.567
59.992,-17.198,-11.829,-16.109,-16.166
59.996,-9.503,-5.206,-4.131,-7.747
